lat,lon,datetime,GPS_speed_kt,Dist_slant,Line_num,Notes,activity,PeakFreq,PeakLev,BB,OL_Hz,OL_31_5,OL_63,OL_125,OL_250,OL_500,OL_1000,OL_2000,OL_4000,OL_8000,OL_16000,TOL_Hz,TOL_25,TOL_31_5,TOL_40,TOL_50,TOL_63,TOL_80,TOL_100,TOL_125,TOL_160,TOL_200,TOL_250,TOL_315,TOL_400,TOL_500,TOL_630,TOL_800,TOL_1000,TOL_1250,TOL_1600,TOL_2000,TOL_2500,TOL_3150,TOL_4000,TOL_5000,TOL_6300,TOL_8000,TOL_10000,TOL_12500,TOL16000,TOL_20000
42.142559,-70.41355097,2022-09-28T16:12:53Z,0.885097603,64.1398507,pre_survey,NA,Off_eff_transit,60,121.1997471,125.6215413,NA,117.9664042,123.0987953,106.6199692,114.8448413,116.5476679,111.1078755,106.3758293,96.61451888,92.16937891,81.78675344,NA,84.04057415,102.4082251,117.8421117,99.14827689,122.8969555,109.267245,101.5693997,103.4111472,99.83749065,106.770784,110.3186892,111.7601397,112.6974055,109.6677165,112.3774877,105.4093277,107.2868748,106.1033453,103.1936335,102.0591738,98.11615388,94.75765686,89.26744565,88.75498733,90.7193534,84.52946627,82.64876257,78.79981098,76.7403712,74.44519085
42.14253603,-70.41348299,2022-09-28T16:13:04Z,1.089661457,64.83670701,pre_survey,NA,Off_eff_transit,60,120.0364831,124.1948511,NA,114.3154212,121.9476337,107.649579,114.0104302,115.2301908,110.2671151,105.520616,96.16944779,91.44370803,81.26011366,NA,79.01748415,100.3616998,114.135724,94.07321526,121.6925797,109.3831805,101.8485657,105.3709704,99.27173796,103.7487733,107.7804636,112.2556792,112.1002606,108.1599878,110.2443184,105.1625053,105.8896455,105.4037088,102.6380779,100.4715127,97.88598575,94.23925485,88.79850511,88.61536641,89.61957422,84.58463075,82.80650755,77.7714578,76.53003017,74.59746747
42.14253201,-70.41346002,2022-09-28T16:13:10Z,0.631120135,65.17443386,pre_survey,NA,Off_eff_transit,60,117.7527466,124.0516865,NA,118.319249,120.5468206,105.3678632,113.6372834,115.0985346,109.8083338,105.8869076,95.8938228,90.27858101,81.00128117,NA,76.30859181,98.72392005,118.2710383,97.84164405,119.4716899,113.8495604,100.5661019,101.5217226,99.45940151,102.986513,108.5994656,111.4219062,112.254966,107.8121105,109.7766779,103.6278467,106.6852513,104.1516896,103.1862635,100.4080349,98.43565317,93.70137646,89.26352819,88.42565376,88.33922157,83.19677224,82.43675104,77.09601715,76.71469823,74.43395628
42.14251701,-70.41342197,2022-09-28T16:13:19Z,0.76824422,65.93354892,pre_survey,NA,Off_eff_transit,60,118.4464989,123.4715056,NA,114.3235712,120.6456356,109.0927704,114.4734173,114.6773413,110.0266507,104.9168959,96.8242453,92.0529711,81.12936881,NA,81.77824798,101.1829654,114.1050174,96.01975387,120.2083298,110.2996758,105.2539883,104.6921319,102.5916039,103.6659346,107.2506995,113.0912391,112.167371,108.3907779,107.7693595,103.7331499,106.8698505,104.5262332,102.5673458,98.5920185,97.58280142,94.95511527,89.66138084,88.79864134,90.97233303,83.56014623,81.01807552,77.36738623,76.74611858,74.45343673
42.14249404,-70.41337604,2022-09-28T16:13:30Z,0.808077541,67.15615474,pre_survey,NA,Off_eff_transit,36,117.7565559,124.848425,NA,119.5681751,120.3289867,109.9658041,116.1282303,115.4406563,111.4585752,107.6294374,98.92061461,95.9215115,89.44984926,NA,76.28900517,113.2552719,118.4117416,98.20451957,119.4587931,112.7702827,101.5165925,106.1601172,106.4078337,110.5961135,110.3113763,112.7390676,113.3258274,107.2262238,109.1449136,108.8070474,105.6947755,104.2850759,105.2406008,101.2293341,100.5074028,95.38466462,94.8394088,91.12865704,93.84705068,89.53189317,87.68628219,85.33513853,85.70536646,82.23825074
42.14247099,-70.413269,2022-09-28T16:13:42Z,1.490316953,70.46733171,pre_survey,NA,Off_eff_transit,60,116.2420615,124.2690722,NA,119.1114921,118.913289,111.5821189,113.4601871,114.1733337,115.338359,109.5995242,99.99556503,97.98666722,93.30555487,NA,80.38537646,103.8716319,118.9789511,94.43837834,118.1209505,111.0404615,103.0475499,107.850237,107.9810331,106.3482323,108.8575997,110.0785146,110.0422136,110.3120729,107.2419198,113.6058452,106.418859,108.3640888,107.1121035,103.5908876,102.2791663,96.73436784,93.79547596,94.59233448,94.35540759,92.71488226,92.29338839,88.42846787,89.82991525,86.83698983
42.14244098,-70.41315501,2022-09-28T16:13:53Z,1.764357765,75.19669687,pre_survey,NA,Off_eff_transit,60,113.8989851,122.8811703,NA,113.9249306,116.9376108,111.7357521,116.5451749,114.6777563,113.0955375,109.4227538,99.63284034,96.42264272,90.75344029,NA,81.42925531,102.4753459,113.5995488,95.25296092,115.7122747,110.722502,105.3140614,109.78186,103.0185433,109.0395141,112.6923577,112.6790831,112.1359654,108.5937869,107.6150343,110.2728615,107.6941772,105.8742131,106.065012,105.0509995,101.8030979,96.46988834,94.36830921,93.05170199,92.78340074,91.25467997,90.6251631,86.28636713,87.38449644,83.35696397
42.14244098,-70.413025,2022-09-28T16:14:05Z,1.738305525,80.99839925,pre_survey,NA,Off_eff_transit,60,113.6242774,122.7652541,NA,113.0597357,118.2110703,109.7066049,114.6129989,115.0216682,113.6900728,108.6615664,97.45104388,93.35415027,89.33746386,NA,75.28875285,100.2649694,112.8245602,96.95458694,115.5787969,114.7145341,103.0914434,107.5103208,102.2329728,106.7947104,107.0002218,112.8180947,110.636948,111.7959648,107.0584289,111.5081572,108.0320567,104.5947006,105.2288516,103.799374,102.084195,95.3835183,90.8460518,89.4990863,89.58666599,88.4126964,87.49515865,85.04612645,85.52720184,82.59749096
42.14250603,-70.41293297,2022-09-28T16:14:15Z,2.040012847,84.77592098,pre_survey,NA,Off_eff_transit,60,114.5617161,122.1735247,NA,105.7545881,118.2229084,107.8640624,114.3814019,115.2910661,113.3767146,106.6929321,97.93384686,93.66183786,90.71380773,NA,81.61474767,94.77906839,105.3747907,99.79995759,116.3186441,113.5453703,102.678925,105.0463265,100.2770601,108.9067741,108.3448942,111.0785156,112.4795232,110.7639194,106.2246907,109.7778945,108.2500274,107.4630002,103.170561,102.7529631,98.51031536,95.49775675,91.24569814,91.25705488,90.59310682,87.66382714,87.73367859,86.60827837,86.79533649,83.84823107
42.14256302,-70.41290296,2022-09-28T16:14:25Z,1.323858823,86.12087358,pre_survey,NA,Off_eff_transit,105,119.1619142,127.4857568,NA,105.4695584,120.5059462,121.4864962,118.7855669,120.6041396,118.0462683,114.0404697,110.4495077,109.5159776,106.0674713,NA,88.80814978,100.1005571,103.8451935,117.6919975,116.8484631,107.1428818,121.2729089,105.4954085,105.0696646,108.9763356,116.0405897,114.3967083,116.6665189,117.161372,112.1733955,114.1020433,112.8884793,112.6971568,110.2192542,109.4324056,107.8256928,105.9850719,104.9038271,106.0531151,105.880811,104.2771241,103.7924463,102.3363977,101.9113058,98.90987315
42.14260502,-70.41293297,2022-09-28T16:14:32Z,1.469282251,84.5671012,pre_survey,NA,Off_eff_transit,105,117.9636977,128.0248509,NA,105.5573343,120.5290011,121.1936212,120.1762232,122.0421125,118.5986335,114.4291472,109.7753575,109.3792221,105.8524484,NA,80.24388442,100.1636961,104.0590896,115.5841225,118.2605743,109.903823,120.8610837,107.1896556,106.5003775,109.2468955,116.5662508,117.0224273,118.598815,118.0393151,113.7912936,115.8809138,112.1670469,112.3594414,111.3729949,109.0643207,107.7434759,105.1030531,104.4265994,105.423934,105.1986235,104.6455243,103.879914,101.6367122,102.102939,98.85060457
42.14263896,-70.41301704,2022-09-28T16:14:42Z,1.535846114,80.47990694,pre_survey,NA,Off_eff_transit,106,120.0463192,128.5671423,NA,105.8053954,122.6611068,122.7443865,119.5698694,120.6375737,118.9430608,115.5530795,109.6800443,109.6603792,105.0661757,NA,92.54101763,97.1589004,104.9237485,113.2035491,121.6634309,112.2962855,122.4924295,108.4440401,105.580539,112.1019038,116.4734086,114.7639144,117.5025784,113.8388836,115.4828398,116.2749688,112.9893485,112.0633077,112.4107886,110.6020353,108.4568721,104.5466492,105.1694835,104.9869835,105.3470375,106.0360865,102.5723675,100.0653255,101.8996759,98.10887768
42.14268104,-70.41321603,2022-09-28T16:14:53Z,3.018202836,72.49565657,pre_survey,NA,Off_eff_transit,60,120.9365804,129.6506105,NA,106.0507392,124.8041137,123.3649925,121.6697263,121.4210776,116.9589959,116.6119883,109.1508727,109.1468506,102.1952058,NA,92.70821939,98.93293574,104.8559907,119.6248336,122.8433555,112.5766584,122.0421147,116.8213341,109.4877129,115.8007791,116.5067671,118.0699076,118.8431477,113.8297847,115.7911354,113.1510696,112.1210288,111.0353154,112.0405727,112.87943,110.1833288,104.9042335,104.3984676,103.7612283,105.1319033,104.9591052,102.6103208,98.33574802,98.16513405,95.06064285
42.14279898,-70.41346698,2022-09-28T16:15:04Z,4.333692611,69.74104729,pre_survey,NA,Off_eff_transit,60,121.5523166,129.5670306,NA,102.218628,124.9943822,122.5552861,119.4215527,122.5136318,119.2635038,116.5449375,107.4403886,107.4223267,99.94807745,NA,92.40907419,94.55600469,100.8173632,118.97856,123.4550992,111.82068,122.0318851,112.0917665,106.2957186,111.6069332,116.2696974,114.8700862,118.8700819,113.4737199,118.9786364,116.0445953,114.4739132,112.0857246,114.3310586,109.6684935,109.4247167,103.1526536,102.9352849,101.802291,103.3606607,102.7142186,101.7245857,96.59373818,96.35010856,90.00677382
42.14295999,-70.41365096,2022-09-28T16:15:14Z,4.566419948,77.39666073,pre_survey,NA,Off_eff_transit,304,116.6021926,128.5512915,NA,100.9946518,119.5380283,114.4988648,122.9272503,122.0513484,121.4562835,117.760105,112.4806945,112.9363647,105.4287228,NA,80.99362619,99.38529336,95.76094798,104.8240034,119.1986133,105.708252,108.4830419,111.3587148,108.7223518,115.0652735,117.4062679,120.3773181,118.9247695,116.5229952,115.7287308,119.4524454,113.8199875,114.4068112,113.1747877,114.1660709,111.0839448,107.1619561,108.064837,107.8512619,107.8045794,108.7539697,107.8708091,103.112296,100.7339861,94.12832965
42.143192,-70.41389496,2022-09-28T16:15:27Z,4.897200375,97.28236817,pre_survey,NA,Off_eff_transit,60,115.174456,125.0956141,NA,97.96383253,118.3727653,113.0988754,118.8657616,117.0979298,118.1134556,113.0540651,109.8330598,109.4512131,102.5295188,NA,87.86193277,92.25227293,95.98390979,98.15327082,118.2103552,102.7182191,106.7141528,111.1663741,104.2137041,111.1951147,109.2394097,117.4393243,113.56858,111.805234,111.2594608,113.8431739,114.5870825,110.7126039,109.0300463,107.4826156,108.197537,104.495609,105.7082565,104.8924714,104.5789193,105.2672193,104.1160657,100.4052406,97.46436341,91.29881572
42.14348202,-70.41411599,2022-09-28T16:15:40Z,5.544879425,127.1920066,pre_survey,NA,Off_eff_transit,20,105.6763216,121.522859,NA,99.40459932,106.2287971,111.9687232,112.2143832,115.9797915,115.2345531,111.7257087,107.4938208,107.0474626,100.6485098,NA,88.01899611,98.26802216,91.3795826,97.7740873,102.5080184,102.5908872,107.6560281,108.5197123,104.4629174,106.1903624,106.6813267,108.9399392,112.9260086,110.7977437,109.0276058,111.8696798,110.5289745,108.261987,107.0384433,106.9935978,106.8286482,102.8353576,103.226031,102.0208601,102.4654639,102.9463715,101.2449644,98.6100271,95.6634033,88.2296597
42.143681,-70.41422999,2022-09-28T16:15:48Z,5.847580259,148.4487782,pre_survey,NA,Off_eff_transit,60,110.6272456,121.8656098,NA,100.4163761,114.781996,113.5954186,111.3351594,115.8237494,114.4504285,110.6952899,105.7020929,105.5003546,99.5519756,NA,78.80289873,100.1327127,87.92390055,97.18763137,114.4757446,101.8310068,104.9311995,112.2326717,104.8440767,108.2439508,101.7602458,107.3442972,112.6752005,111.5643767,107.3047965,111.6624572,108.2236768,108.1671418,105.5265292,106.8563262,105.2082199,101.0802291,100.8058156,100.9021201,100.6269273,101.1642112,100.3570625,97.62452931,94.29781816,87.34510155
42.14390203,-70.41437499,2022-09-28T16:15:57Z,5.909556281,173.4687503,pre_survey,NA,Off_eff_transit,67,112.2898605,123.4170011,NA,106.2534218,114.4883218,110.8821668,115.5873769,118.2778671,114.9808879,114.0458327,108.6319351,107.7888556,101.4610829,NA,85.48290667,106.0235847,92.60540918,95.80629768,114.3722833,95.56702969,103.5729689,107.0455623,106.9116028,111.3366406,110.7838801,110.2614109,108.5103865,116.1907279,112.6881614,111.0772044,111.1587951,107.4902319,111.5587569,108.6481322,105.7315974,103.9874508,103.4280275,104.1351119,103.2014153,103.5897766,102.1343676,99.55005237,96.18107889,89.20630479
42.14422599,-70.41457398,2022-09-28T16:16:10Z,5.925286295,210.7431444,pre_survey,NA,Off_eff_transit,136,108.8922335,121.9438746,NA,100.1029692,104.088232,113.4521232,113.5453881,114.5359056,117.0358697,112.396851,108.1707578,106.202625,100.1825494,NA,85.75190816,99.00376571,92.8188588,97.75908026,100.3867185,99.41213825,102.2730433,111.9475846,106.8080987,106.425019,108.8576779,110.2303982,108.0951694,109.7542584,110.975548,114.4835393,112.1182791,107.9033226,108.276743,107.554337,106.942961,104.4170116,103.0850978,102.4620681,102.1727445,101.3248163,100.6644403,98.29649044,94.92487211,87.52725768
42.14453897,-70.41477196,2022-09-28T16:16:23Z,5.754148676,247.615956,pre_survey,NA,Off_eff_transit,70,105.9507909,121.4924913,NA,99.57078829,111.3347466,111.5051905,112.6115995,112.6731124,116.9456851,112.4087041,106.4866149,105.4206443,98.81286548,NA,87.06355174,98.69873285,90.56697244,90.71108194,111.1844826,95.37376398,109.2347234,104.3412144,104.8296813,108.9736446,106.9047137,107.3618485,111.0801926,105.1964595,103.7538129,113.6489559,112.4436353,109.4319516,107.7828837,109.4887782,104.016534,100.5143264,102.20879,102.2126162,101.8885792,100.2389315,99.45755775,96.82397847,93.81946689,85.8644223
42.14478297,-70.41494002,2022-09-28T16:16:32Z,6.587233369,277.1063449,pre_survey,NA,Off_eff_transit,510,104.6220176,119.9372518,NA,96.55058926,107.9592066,107.8052617,113.4768519,111.6202414,114.516618,111.0695091,106.4559314,104.5707091,98.2267442,NA,83.64520595,95.82288199,86.68116156,90.82774993,107.7607239,91.99315371,101.585468,103.7567078,103.458147,105.3114858,109.2742635,110.1743815,107.7097961,108.5265205,101.753286,108.322649,111.1081916,109.3393662,103.802602,108.9869428,103.9316437,102.0168173,101.7719495,101.2283171,100.1134078,100.4729282,98.59223912,96.39409698,92.8948399,85.32738649
42.144974,-70.41510799,2022-09-28T16:16:40Z,6.16816618,301.5602737,pre_survey,NA,Off_eff_transit,70,106.4433861,119.2766306,NA,94.81857323,110.8350191,107.6349005,111.8423105,111.71821,113.1084653,109.6076597,105.7551686,103.6676744,97.81994421,NA,81.14801789,91.37448829,91.84787409,92.92904546,110.4499192,99.20199368,101.0204252,101.4527233,104.9675319,105.338775,106.0785056,108.9272162,108.108341,108.5028359,101.1400905,105.7925745,108.7849992,109.5914626,103.7037611,106.0390037,104.4294383,101.8645346,100.3811802,100.5495471,98.86037066,99.52066342,98.20954619,95.77886111,92.87811798,85.18319719
42.14515697,-70.415253,2022-09-28T16:16:48Z,5.740257353,324.5577262,pre_survey,NA,Off_eff_transit,69,102.5422839,117.8395461,NA,96.95619684,108.3258308,108.4039768,108.8334631,110.4613406,111.3580621,109.1258146,105.2726808,103.1967245,96.97007961,NA,78.71058246,94.86360377,92.60729307,88.68810417,108.0636315,95.11259068,104.9839821,101.8999772,103.4736969,103.4122156,102.6059219,105.5970838,107.5081552,106.564034,99.79358131,102.6246562,106.4810423,108.688645,105.4272543,103.060663,104.2557325,100.4288384,100.0096577,101.0077843,99.71217037,97.77859738,97.42135975,95.34457338,91.11254357,84.18448448
42.14527499,-70.41532097,2022-09-28T16:16:52Z,6.942223902,338.5416936,pre_survey,NA,Off_eff_transit,70,105.2539978,118.1492327,NA,97.44697849,109.7083735,106.6110077,110.1938346,109.4762542,111.8276043,109.903411,105.8124493,103.536886,96.06557741,NA,80.48768772,96.6194197,89.3040164,90.88362966,109.4108332,96.96008003,102.3782598,100.1692451,102.5854612,105.8501162,104.1035612,106.0615615,107.1262928,104.4380448,99.66466631,102.9158716,106.9821602,109.1823025,106.8399937,101.5583379,105.462748,100.5673658,101.4790176,101.0295486,100.6134778,97.92777122,96.86228115,93.97458773,91.1458519,83.8468858
42.14547004,-70.41545098,2022-09-28T16:16:59Z,6.725614178,362.3151449,pre_survey,NA,Off_eff_transit,70,105.0003178,117.3993154,NA,97.31835884,108.4914335,107.9776692,107.5807153,110.0506354,109.6920644,110.2376699,105.0842666,102.5248833,95.09948832,NA,84.71883982,96.69165877,86.31735261,93.87170414,107.9310762,97.8632653,104.0526029,103.0514932,102.3443055,102.9758698,101.7480508,103.5201505,107.9558065,104.9744127,98.62059867,98.72414102,103.918657,107.8567048,107.3953838,101.4602324,105.6505327,98.50204213,101.3034757,100.6666621,99.07194459,97.77702386,95.81518144,93.04636448,90.15665755,82.60423571
42.14569903,-70.41560403,2022-09-28T16:17:07Z,6.912634611,390.3044065,pre_survey,NA,Off_eff_transit,69,103.9407082,117.1026526,NA,95.80495529,108.5246487,108.6439516,108.1552028,109.5360458,108.9802871,109.2882661,104.5503471,101.5152584,94.67457133,NA,77.73834343,95.03087027,87.49730274,93.34420158,108.1901471,94.93885308,103.4924979,105.3381928,102.2136661,103.9741016,102.614456,103.4565103,106.0496046,106.2142034,98.90776536,99.02009895,103.1286867,107.0363756,105.9298976,100.8262271,105.2653852,98.22937483,101.058704,99.59046542,97.88507869,96.94316244,94.89055396,93.08236171,88.81061884,81.46384648
42.14594303,-70.415771,2022-09-28T16:17:16Z,6.578393869,420.3272709,pre_survey,NA,Off_eff_transit,70,103.9058918,116.4509082,NA,98.60940434,108.2813395,106.0133274,107.0513764,109.7809168,107.2111812,109.2898796,104.4537542,101.0088465,95.13882062,NA,82.70334884,97.58673676,91.26085604,91.95595416,107.8766356,96.45506138,101.315022,102.2642361,99.80164446,101.1175682,101.6860816,103.6241971,105.1970673,107.0465109,100.5428491,94.54778738,99.98529918,105.9988593,106.0699659,100.2922741,105.2843168,98.62970086,100.9564914,99.09955487,96.6528358,96.11013802,95.91595497,93.33832099,89.64284236,82.71908952
42.14607999,-70.41586303,2022-09-28T16:17:21Z,6.622155593,437.1432872,pre_survey,NA,Off_eff_transit,60,102.5322132,116.3555557,NA,100.7390384,107.361475,105.6733497,106.9229461,110.3963454,106.6287592,109.179057,104.0995001,101.0017526,94.61753901,NA,81.46844445,100.0834083,91.82106461,92.95550764,106.953537,94.63661555,98.97730771,102.3192728,100.7796266,102.09058,100.2217833,103.5276972,106.2113869,107.7485102,99.1452421,96.14510681,98.40052484,105.4378291,105.9347581,101.7194942,104.5790435,97.57870017,100.9930409,98.6956352,97.22440218,95.51797742,95.74475566,92.43658773,89.86945269,82.37572764
42.14633899,-70.416016,2022-09-28T16:17:30Z,6.798036085,468.2361322,pre_survey,NA,Off_eff_transit,510,103.0644244,115.8969437,NA,98.93930083,102.8315496,104.8675246,106.6232389,111.4706286,105.8119476,108.4699586,103.5764267,100.4839519,93.8109416,NA,80.66059867,98.23136851,90.26033881,87.16114522,101.9776131,94.6328914,98.97169734,100.9110771,100.1898912,102.8756074,100.4819556,101.8727134,106.5155775,108.8235519,102.8335909,98.89560394,97.07177186,104.0266832,105.1916938,101.6035811,103.5775193,97.85420953,100.110166,98.07972824,96.93977855,95.53735808,94.2441747,91.66198072,88.865886,82.26584961
42.14659899,-70.41618297,2022-09-28T16:17:39Z,6.923627631,499.9631872,pre_survey,NA,Off_eff_transit,69,99.02739796,114.9860838,NA,95.715227,103.4192237,104.6987599,106.6131375,109.4346028,105.2931527,107.5311393,103.2575068,100.9973196,93.1883651,NA,76.28515107,94.32402556,89.9097052,89.40246658,102.7861257,93.24154984,99.92767958,99.19812083,100.5517843,102.1666098,100.857941,102.3538746,104.7878612,105.3064357,103.7553901,99.76863927,97.01942364,102.8590557,104.3033811,101.0174091,102.3204658,98.92364302,98.78561722,97.63870562,97.41990745,96.45451006,94.21692317,91.34804014,87.70343128,81.15376758
42.14690401,-70.41639696,2022-09-28T16:17:50Z,6.763406888,537.8681593,pre_survey,NA,Off_eff_transit,70,106.2373422,115.7708557,NA,94.04088728,109.3989312,104.7112847,107.2351463,109.0664949,106.9255852,106.0919984,102.9244777,100.5823795,93.16700706,NA,89.88970682,90.28267474,86.93260384,91.30460939,108.9167665,98.92070145,98.62119156,98.4684987,101.8414575,103.3553282,101.3130359,102.4854376,102.7205659,104.7981997,105.0190945,103.636725,100.6832377,101.6017843,102.2532741,99.80515041,101.5536885,99.39979318,97.88961899,96.76529307,97.35339249,95.56072534,93.80248155,91.62205483,87.13306312,80.16634426
42.14726603,-70.416634,2022-09-28T16:18:03Z,6.69842872,582.3054514,pre_survey,NA,Off_eff_transit,510,98.45443159,114.3975665,NA,92.63716609,102.6763662,105.5708377,105.4575153,108.3059215,108.0058524,104.6868799,101.5266867,98.73928439,92.29658155,NA,84.6717597,91.04156971,84.33127607,89.72162904,100.7696093,97.51517232,99.99130774,102.140108,99.87498328,101.5377229,100.3096935,100.0638888,101.8073597,104.8124805,103.4738528,106.3260128,99.76882492,100.3281904,101.3548111,99.4134863,98.46670424,97.68085802,96.77905184,95.54686719,95.59543637,93.92536926,91.41263162,90.55241483,86.76447475,79.37189183
42.14765201,-70.41684698,2022-09-28T16:18:16Z,6.941564942,628.319041,pre_survey,NA,Off_eff_transit,96,94.58009994,113.3330477,NA,92.81713559,100.7389193,104.5832903,104.8137914,105.7938551,107.6175571,104.3007224,100.2789225,98.73431101,92.46043427,NA,84.84465589,91.39112415,83.62315359,89.45136085,99.88234218,90.93664162,100.1799676,98.92823337,100.209149,100.6052625,99.40992243,100.0305345,102.8251621,98.28874577,100.8122218,105.3705309,102.2339025,98.20330439,101.83971,98.83974974,96.00935898,96.18345383,94.92064925,95.32174471,95.72219525,93.88977123,91.10110673,90.55649943,87.18406519,80.10961717
42.14791504,-70.41701504,2022-09-28T16:18:25Z,6.997742719,660.5097837,pre_survey,NA,Off_eff_transit,139,97.78678068,113.913589,NA,94.31895334,102.6276935,105.821976,106.5237538,105.9266147,107.2820662,104.9924084,99.9873545,98.15200979,91.36377695,NA,81.4390292,93.27715229,86.40757804,87.62463211,99.21130347,99.72914721,100.8954146,102.5457113,99.00429934,103.3739987,101.4494053,99.64002337,102.4423736,100.3022213,100.3641312,104.3883045,102.7937276,98.44262935,102.3699054,99.73191097,96.90920041,95.30084141,94.14021183,96.00702983,95.16141219,93.11921873,90.79729395,89.0900635,86.62076095,79.94173805
42.14821997,-70.41722903,2022-09-28T16:18:36Z,6.761806326,698.5255716,pre_survey,NA,Off_eff_transit,60,97.49763254,113.1323158,NA,94.64531274,101.1203063,104.4686685,104.9479749,105.5875571,106.6459112,104.5526089,100.442266,98.76597777,90.26828951,NA,80.91938743,94.02153914,84.25415894,90.5644498,99.72608848,93.8297192,96.49405957,101.1582878,100.1969534,101.2656868,100.0225371,98.92691255,101.9432242,100.7086899,99.43906641,102.9992379,102.9687734,98.08602131,101.614243,99.81885161,96.46792284,96.34377352,94.58331262,95.89953354,95.88343284,93.84420892,90.89045011,88.16493578,85.09757599,79.29062638
42.14857101,-70.41744998,2022-09-28T16:18:49Z,6.448028837,741.4110821,pre_survey,NA,Off_eff_transit,60,96.4102071,113.4363063,NA,96.90744773,102.5160717,106.0229062,104.811741,106.4196871,106.4885543,103.9739379,98.91160448,97.38756266,89.20505765,NA,79.02395664,96.12807799,88.60994278,92.24644107,99.32323833,98.81627121,101.877876,99.94690571,101.6829976,100.4555814,100.1189865,99.49267744,103.2235001,102.0419338,98.3511224,102.5066211,102.9329638,98.50882636,100.4670164,100.3536863,94.74916782,93.83963764,94.01286343,94.53788463,93.57546241,92.71828202,91.24435891,86.94242373,84.25012697,78.57730804
42.14888801,-70.41767101,2022-09-28T16:19:00Z,7.019838148,780.9186439,pre_survey,NA,Off_eff_transit,142,100.6767256,114.4284019,NA,96.68735052,103.5609911,108.8860945,106.2981551,106.858893,106.2343827,103.7142149,99.50557658,97.89451065,88.26873602,NA,83.76833833,95.27826318,90.22874581,93.35274264,96.36255466,102.0983824,104.7140812,104.2106911,103.3043654,103.8339367,100.2152998,99.00644644,104.239468,102.1035377,97.59090407,101.6592202,103.0395701,98.59149336,98.92445312,99.89620258,97.7444474,94.32387592,93.77053582,95.83762518,94.77448379,93.11529773,90.44131264,86.35847563,82.49475605,77.87163328
42.14925799,-70.4179,2022-09-28T16:19:13Z,6.775797632,826.0148834,pre_survey,NA,Off_eff_transit,96,102.1467043,113.7664364,NA,92.94095149,103.9580252,108.1796528,105.7674466,106.5070716,105.2779569,101.9654828,98.69384976,97.36632392,88.07680846,NA,76.70433235,91.4125795,87.30062337,94.05088434,100.9928352,99.89773042,105.7130779,103.0587518,99.1753575,103.1460635,99.9983625,98.51485028,103.0073298,101.8419524,99.76455241,100.5012879,101.5445294,99.14787422,96.56265084,99.22793095,94.5031393,93.9594873,93.28661221,94.44461184,94.07608852,91.97000988,91.21458735,86.32182572,82.06210975,77.21931504
42.14962402,-70.418144,2022-09-28T16:19:26Z,6.796106836,871.2658792,pre_survey,NA,Off_eff_transit,21,102.1815255,114.2093017,NA,94.14447114,106.5900228,105.3192266,105.1261541,107.1985171,105.0246332,101.8243319,98.56309868,96.75131879,87.5560627,NA,92.4397675,86.36737321,86.12589052,96.89126358,104.3642303,101.2709225,99.39951384,102.2978241,99.21799111,101.4321461,100.5412731,98.64576836,105.0273676,100.0956852,100.1775852,100.7752924,100.0790259,99.85183033,95.59790818,99.15511802,95.26274066,94.23762805,93.40205113,93.69422739,93.37177056,91.69226488,90.34582787,86.04855003,81.05935977,75.9593613
42.14994396,-70.41833502,2022-09-28T16:19:37Z,6.882747321,910.0370366,pre_survey,NA,Off_eff_transit,40,99.7651125,111.0682885,NA,101.8879685,104.7800661,105.2962564,104.1424376,102.4388725,94.97848576,90.52252623,82.76736162,78.2654178,79.31380969,NA,82.34954029,78.01150234,101.8213727,94.55792758,99.42355876,102.6594888,100.5793291,99.8510882,101.0603008,102.0631655,97.03096792,96.83721426,99.34831403,98.13275297,93.84216671,92.09703047,89.1725751,88.44739015,87.59348218,85.72360845,82.5458659,79.58158952,77.96024874,75.53680384,73.5759763,73.19347588,73.69738529,74.50427967,75.11162368,73.93174469
42.15020799,-70.418503,2022-09-28T16:19:46Z,7.018823794,942.4073509,pre_survey,NA,Off_eff_transit,422,98.76029839,111.3165491,NA,98.75450216,103.4244316,105.0601805,104.3208632,106.1918896,95.22437764,90.47699115,83.51376886,78.27766938,79.14966354,NA,79.93362689,79.34723709,98.64641115,96.59832469,96.97203492,100.952466,99.21840761,101.4110678,99.94404847,101.2941628,98.16680802,98.46140122,104.7807916,98.91801915,95.73819663,91.389613,89.63373857,90.14411393,86.9546744,86.09006294,83.29716672,80.58962228,78.69045687,75.57186638,73.89295969,72.95129672,73.62182938,74.24525455,74.91525216,73.91429627
42.15050898,-70.41870098,2022-09-28T16:19:57Z,6.587458037,979.5458883,pre_survey,NA,Off_eff_transit,82,97.95542553,110.3004661,NA,97.31287703,102.8501056,105.2837339,103.8015941,102.9042392,95.91315445,89.79854546,82.24026665,78.09014209,79.24737581,NA,77.19893221,82.66233865,97.11739429,94.21026678,93.81369253,101.5329085,97.17764973,101.2062321,101.8568685,99.71539908,99.92200108,96.8209441,100.2214085,95.78526943,97.16457159,93.37504207,88.89855122,89.78198732,86.67283271,84.95801777,82.47159966,79.36299493,77.20158615,74.57083212,73.3804924,73.03402696,73.52759289,74.38435669,75.02056157,73.9572087
42.15072297,-70.41883098,2022-09-28T16:20:08Z,4.616779423,1005.570864,pre_survey,NA,Off_eff_transit,96,99.79428256,110.1168908,NA,94.09603989,102.8818184,104.6741272,102.8992895,104.2260804,95.80470945,90.99606844,83.18115452,78.16899643,79.54718243,NA,78.92179521,84.11965702,93.48661531,94.43687563,96.36926708,100.9007793,102.1266219,99.15180059,96.80620144,98.39208039,98.42977994,97.50017414,101.5626767,98.43692391,97.12061832,93.00568603,89.16723776,89.92389962,88.01065096,86.2467167,83.09421028,79.74770281,79.08566499,75.13931056,73.33479453,72.93414546,73.87308242,74.96859749,75.35634427,73.86976827
42.15092498,-70.41893802,2022-09-28T16:20:20Z,3.913694527,1029.585432,pre_survey,NA,Off_eff_transit,96,103.5509905,110.5976812,NA,96.8744033,103.0274777,106.6387094,103.1679543,102.4006962,96.18648097,90.07070557,82.95855337,78.71657286,79.50284505,NA,83.02621807,86.27365434,96.27803233,96.62864021,96.56130356,100.3932697,105.6853169,97.14317833,95.92184526,97.62328317,99.15190224,98.2788615,99.46813679,96.94605248,95.5429945,93.62608227,90.60817045,88.45565883,87.37354672,84.3276614,82.99587487,79.53719583,78.59486589,75.48775243,73.75191241,73.71344351,74.34174415,74.69643101,75.49628324,73.84616148
42.15112296,-70.41903701,2022-09-28T16:20:33Z,3.514538574,1052.9168,pre_survey,NA,Off_eff_transit,60,97.68391294,109.8470164,NA,93.5884762,103.3595425,104.8347901,103.2104553,102.0218879,95.74217111,90.30391502,84.10644538,78.01909583,79.17093535,NA,85.15235589,84.53167258,92.23593917,94.2544723,100.7396948,98.54575461,96.92287493,102.5664197,98.72849788,97.96578656,99.46933261,97.65926349,98.9243895,96.92735556,95.0434677,92.8613613,90.87232154,87.75667307,87.77279136,84.59214763,82.69062478,81.3958968,79.43436864,75.01400532,73.30278301,72.67752617,73.70248196,74.43154379,74.9947494,73.67243294
42.15128699,-70.41911303,2022-09-28T16:20:46Z,2.886977257,1072.040881,pre_survey,NA,Off_eff_transit,96,98.70228004,108.7785865,NA,92.43184422,100.4159554,103.5553239,103.4671713,100.2544147,97.51845219,90.50702607,82.6416349,78.42798649,79.27718192,NA,83.53327959,84.4014553,90.9672949,86.00440279,95.95286393,98.24030201,101.2439314,97.09770648,96.26517148,98.6740027,99.77583914,97.28582516,97.62711575,94.33634862,93.21953237,95.62872799,90.54380205,89.34037274,87.73376901,85.44124965,82.56114093,79.58890044,77.70094126,75.29655682,73.86355975,73.04622091,74.00058862,74.53277457,75.0524334,73.84954829
42.15142798,-70.41917397,2022-09-28T16:21:00Z,2.288324337,1088.328845,pre_survey,NA,Off_eff_transit,124,100.6690445,110.3156855,NA,92.7181796,102.8548531,106.5811418,102.7959489,102.1474263,95.40333105,90.5356644,82.6538055,78.1267735,79.31888234,NA,82.42917416,82.63942779,91.7935561,94.74245869,96.70069827,100.6589678,99.78470424,104.5467262,98.75392389,99.14856424,97.83430693,96.76121746,100.3363404,95.57634123,92.96641613,92.75782918,90.12131857,87.44021105,87.73149128,85.49219486,82.64735663,79.31343387,78.23285493,75.09068235,73.2586331,73.11334508,73.67496196,74.56009924,75.14634864,73.83843197
42.15151599,-70.41921998,2022-09-28T16:21:11Z,1.856780804,1098.777065,pre_survey,NA,Off_eff_transit,123,99.76428412,110.2147975,NA,92.25966339,102.4197359,106.3507769,103.1104019,101.3656866,98.09047068,92.28096899,84.04900477,78.99002118,79.31038708,NA,79.91556494,80.5367352,91.67705402,97.82241379,96.21955001,98.58108949,96.63182906,103.7939373,101.6436054,100.0830171,96.50999475,97.63144874,98.93605089,95.36139745,93.85847087,95.67077897,92.61534184,89.66523034,89.33979863,87.26356357,84.76105837,80.41305062,79.77011852,76.92113416,74.53587744,73.99977552,74.10192117,74.48698024,75.23212766,73.77655365
42.151604,-70.419281,2022-09-28T16:21:24Z,1.647139553,1109.750502,pre_survey,NA,Off_eff_transit,124,98.30706252,109.3409078,NA,96.19666448,98.49727645,104.079919,103.2991587,101.4746242,100.596485,92.53556311,83.53092449,78.59701284,79.21602182,NA,82.44379398,82.17817074,95.82611618,89.83558823,95.60462891,93.94016588,94.02377986,102.2888022,97.86822215,101.0370293,96.64382201,96.08653261,98.13542051,94.55770655,96.70021546,98.14131598,95.99327737,89.90815788,90.0458208,86.60620048,85.11285995,80.5053866,78.64702747,76.00956605,73.90524111,73.49007672,74.06215402,74.41036844,75.09097292,73.7260825
42.15167197,-70.41931202,2022-09-28T16:21:32Z,1.940862126,1117.662579,pre_survey,NA,Off_eff_transit,123,98.14609794,110.6976267,NA,99.39082565,102.1405862,105.1559404,104.3079049,103.4637862,98.90986525,93.21558856,84.31768148,80.26947499,79.5592162,NA,76.60262964,78.16775528,99.33484216,94.97955453,98.28428152,98.12013435,95.48346119,102.6963969,100.2689257,100.9350466,97.49856331,99.51359884,101.475511,95.6530231,96.51276199,96.31560307,93.52299018,90.96343958,90.82441615,87.21110564,85.58246546,80.97344946,79.46678826,77.53430972,76.33444003,74.85654555,75.15987311,75.05920342,75.37353604,73.77101908
42.15173702,-70.41943397,2022-09-28T16:21:40Z,3.012650794,1128.473444,pre_survey,NA,Off_eff_transit,96,100.563663,111.1013757,NA,99.84529916,101.6983266,105.8382921,102.9449407,105.1618652,100.3097407,93.67636749,83.98594051,80.00850335,80.05038868,NA,76.20359,82.16117336,99.75149301,91.74470784,96.12683914,99.63406036,103.8143639,98.75797511,98.30916528,99.31170515,97.29576611,97.6356477,103.8231149,95.65164309,97.01832542,98.14511488,94.2201393,91.96672511,91.1029553,88.52041414,85.19958285,80.44954188,79.66324363,76.71469917,74.62372408,75.34763721,75.67491742,75.97273084,75.56741603,74.07714622
42.15175202,-70.41954797,2022-09-28T16:21:48Z,2.321753637,1134.030533,pre_survey,NA,Off_eff_transit,96,103.4601688,111.5952276,NA,95.35747332,101.769544,107.2544691,103.9864486,105.1363347,100.9802882,92.96215101,84.32109283,82.08407505,80.76031788,NA,77.79179312,79.46212929,95.16546978,94.27296581,95.89537248,99.27816789,105.9790479,97.85917588,98.70153634,99.5686645,97.58784201,100.1062869,103.111701,97.52866559,98.12787431,98.68777268,95.2751138,92.4819462,89.67843343,88.05879294,86.12530245,79.86882429,80.0044478,78.65321315,76.86770879,76.9815196,77.99798252,77.02119253,76.34564786,74.09262507
42.15170701,-70.41966196,2022-09-28T16:22:00Z,1.726550038,1133.669373,pre_survey,NA,Off_eff_transit,421,94.5995633,111.1405857,NA,85.26982697,100.5270406,105.3024826,105.1870549,105.2279199,101.4529109,94.21817319,88.26584688,87.07024953,85.23114926,NA,79.0804162,82.11964455,79.66913619,93.25966942,94.23826404,98.14148901,98.25972999,102.0405748,100.4951507,100.4355343,101.016927,99.69475347,103.0243054,97.9434366,98.47211285,99.02844688,95.04862411,94.43995022,91.58789755,88.15196216,87.37553931,83.99788878,83.895416,82.41816791,82.06903045,81.58436332,83.10283333,82.47644863,80.45822012,76.58210183
42.15168002,-70.41970102,2022-09-28T16:22:03Z,2.855275753,1132.42049,pre_survey,NA,Off_eff_transit,419,98.18947853,111.8624157,NA,86.96958723,100.545106,106.8464605,105.6459868,105.9657953,101.2876745,93.23002489,88.68548505,87.48190751,84.45449015,NA,73.94343168,85.51655597,80.67172822,94.00488532,95.05547427,97.49711708,98.23204983,104.9733096,100.125374,101.0733542,101.4681464,99.94249273,103.7140371,98.80097475,99.23903953,98.70751645,96.04774387,93.01111755,89.69643623,87.93219432,87.40456553,83.43595229,84.64454149,83.55768932,82.72880041,82.6741887,82.72886692,81.56601088,79.98899374,75.53109327
42.151634,-70.41971602,2022-09-28T16:22:08Z,2.048952119,1128.41013,pre_survey,NA,Off_eff_transit,96,101.9337768,112.4208393,NA,86.95822755,101.335019,107.7561063,106.0082321,105.5536349,102.0203005,96.38576709,92.54908419,92.94726435,89.96365848,NA,77.63528369,82.92574025,83.8423284,93.31793447,98.45061105,96.48616334,105.0463832,102.980975,98.93334156,102.2894477,101.0566303,100.0819716,102.1147654,99.78237229,100.0593819,98.00546805,96.8315713,96.79831494,93.61803785,90.63366777,89.51038531,88.15181685,86.87810488,88.18075373,88.53775176,87.53001318,88.39360587,87.04453112,85.7975678,80.22584055
42.15152001,-70.41966196,2022-09-28T16:22:20Z,2.178848764,1115.1129,pre_survey,NA,Off_eff_transit,52,97.77305264,112.7569141,NA,90.03671399,103.9321947,104.5465912,106.7889191,106.13168,105.3274436,98.51471931,92.75532946,92.03456878,89.73476526,NA,75.60311984,85.89372247,87.66169187,100.9411718,98.27718282,97.46981137,99.99745761,100.6081393,98.44513921,102.617988,101.4942,101.8644735,103.4306133,99.11057154,100.3566149,102.3072215,98.62902866,99.91029741,96.23130409,91.99381743,91.21232624,88.54444092,88.09036381,87.21407852,87.23916,86.73180679,87.75846702,87.161861,85.03831224,80.06493137
42.15150802,-70.41964704,2022-09-28T16:22:22Z,1.764956486,1113.371544,pre_survey,NA,Off_eff_transit,52,97.94465586,112.6355204,NA,92.20203324,104.2070677,105.8994582,106.1862861,105.6675784,104.4503598,97.95938261,92.92720847,91.15922461,88.44497269,NA,81.27825841,87.91642739,89.57707677,101.56586,95.0445713,99.44946534,99.89199125,102.0998041,101.1152881,101.1283798,100.6927542,102.2683608,102.9686023,99.20455165,99.41607723,101.4947718,98.44052671,98.30714911,94.99621955,92.9176224,90.54436669,89.10718291,88.00219566,87.13193305,86.52771323,85.94320697,86.66011914,85.61009974,83.97841724,79.30263794
42.15147399,-70.41947898,2022-09-28T16:22:35Z,2.149870698,1103.816392,1,NA,Line_transect,96,102.3486809,116.3928053,NA,92.08070077,103.9453847,109.9487236,110.775843,109.0956938,108.4659082,103.7056997,99.22157925,97.79516321,92.21839351,NA,79.84099366,89.9302649,87.27657529,92.74191036,98.65550709,101.9277003,105.5793704,106.6664711,102.1156671,106.2702359,106.8820638,104.5357729,106.8420461,102.5609734,101.7142319,104.2420289,103.3100231,103.4739914,100.019209,98.88543606,97.55284915,95.0165804,93.30563484,94.83438634,94.02264007,93.17014065,91.51949597,89.93239977,87.57457927,80.41369315
42.15151599,-70.41919702,2022-09-28T16:22:49Z,3.295502865,1097.976022,1,NA,Line_transect,123,98.67051491,114.5856581,NA,92.85057251,102.7111052,107.7602928,108.2926133,107.0955026,107.3599756,101.3655472,99.47031492,99.21308031,94.85880726,NA,80.11718554,89.95595465,89.21756456,93.99066225,100.0031825,97.89208665,102.7963794,104.1156089,101.7237869,103.8513132,104.0819367,102.4607228,102.5448799,100.8059691,103.2687557,102.9854639,102.3602912,102.3915345,97.04412482,96.80909762,95.83808228,94.84846326,94.18238668,95.02199723,94.83313011,94.2043372,94.25982856,93.00185515,89.30757055,83.27123413
42.15145899,-70.41884598,2022-09-28T16:23:00Z,5.240910299,1080.278495,1,NA,Line_transect,82,98.64995941,113.2594296,NA,88.49210217,103.4211597,104.9421244,107.8575412,106.5152907,105.165416,100.1341999,95.88040214,95.75449067,90.19926743,NA,81.07942211,84.15735368,85.02409268,95.67335735,95.60543122,101.6603072,99.63733914,101.3881194,99.15883231,102.6204144,103.7399782,102.8143788,103.5293899,99.56306002,101.2201314,102.3051869,98.95321084,99.02523728,95.60530691,95.43755737,95.02580938,91.11268799,90.0833502,91.93552809,91.32695788,90.83537007,90.7656908,88.34807826,84.39692243,79.45050252
42.15128699,-70.41859402,2022-09-28T16:23:10Z,5.494575678,1054.519492,1,NA,Line_transect,64,98.33369528,113.2626746,NA,87.60968789,104.6769733,105.5007037,108.6537522,106.9618248,102.5428233,95.17382612,89.94810151,88.96670875,85.74844899,NA,76.53420277,83.83599043,84.62134336,95.07461342,101.0229628,101.2978523,99.52333253,102.3598979,99.68869754,102.2624674,102.7582333,105.7561797,104.6273141,100.7174138,99.47514638,100.5465613,95.7385745,94.57788583,90.40494622,90.6848465,90.09825468,85.5799191,84.63061357,85.26694096,84.11900761,84.09159823,84.37041007,83.6349815,79.45663529,77.52233985
42.151058,-70.41856402,2022-09-28T16:23:19Z,5.531522182,1030.224347,1,NA,Line_transect,123,100.4312615,116.2991358,NA,91.4627094,105.9703775,109.1463936,110.9935779,108.639326,106.7027941,103.7344052,101.747309,101.6772707,96.32356962,NA,78.6397868,88.5880968,87.81681639,94.82800066,97.56962637,104.8835776,101.7799106,104.6945534,105.753628,107.8588453,102.791081,106.5908901,105.4738405,103.1046286,102.4042815,102.3166419,102.4425251,100.8660801,95.9457718,100.2453767,99.5979477,97.52107734,95.60044427,97.53672287,97.51412427,96.82695137,96.2900646,93.82711399,91.52677106,86.56942127
42.15076799,-70.41847198,2022-09-28T16:23:31Z,5.372347556,997.7338423,1,NA,Line_transect,420,98.22420428,114.9407887,NA,92.51881281,103.4412549,106.2345984,108.5079674,108.5450719,107.6219882,103.1786776,101.9146702,98.48130094,93.72426703,NA,78.33549805,85.36983441,91.37828446,93.87995513,98.15144315,101.1758767,101.084526,102.3866032,100.740556,105.382279,102.9547858,102.2131272,105.6285908,103.1541084,101.5570505,103.8525996,103.2370506,100.9633565,95.9300782,100.6316722,97.24895816,97.64034705,96.38835503,97.3070115,95.17552289,92.06703215,93.31790706,91.91088471,88.16951861,81.71985151
42.150482,-70.41844902,2022-09-28T16:23:41Z,6.199411856,968.0413687,1,NA,Line_transect,60,99.44019759,114.4249641,NA,93.56465879,103.0702259,105.5174441,107.3183716,108.6916469,106.5606108,103.141588,101.407073,99.81884157,91.83184106,NA,74.81469634,84.61442427,92.90621425,88.70514734,102.242049,94.43788472,99.58584982,101.6838957,100.7178491,103.1915493,102.2930571,102.0745075,105.1210972,104.3056059,101.6201218,102.3340306,102.2052039,100.631205,97.51876662,100.4731928,95.81486474,97.45683757,96.13411233,96.18321502,96.49129727,95.21040264,92.5870943,89.18811345,87.21152524,82.27903583
42.15023397,-70.41854097,2022-09-28T16:23:49Z,6.95760049,946.3563525,1,NA,Line_transect,123,102.5042816,114.980231,NA,95.1846399,101.6742154,108.0555912,107.9044419,107.7565844,107.2332703,104.2999993,102.1623497,100.2911611,96.53186464,NA,77.15764305,89.1921376,93.83346679,91.95069641,100.3923999,93.40625448,99.00882959,106.5286921,100.4078752,103.95712,102.4004777,102.8937942,105.3017881,102.2044086,99.61207362,102.6128167,103.3853542,101.0821244,98.42698254,101.8882297,96.5395214,98.38798927,96.14868856,97.35094252,97.06157951,95.14002319,93.69970312,93.18403192,92.92975107,86.5787202
42.15000196,-70.41860199,2022-09-28T16:23:58Z,5.683279149,925.4859008,1,NA,Line_transect,136,97.2638273,114.4486399,NA,96.10435497,101.0227444,106.0373919,107.5976917,108.0036268,106.2631765,104.9410635,101.7351342,99.54155235,95.45499728,NA,71.81897572,89.63985113,94.97243499,91.03474181,95.85332328,98.77224988,97.49734204,103.5201177,100.8076465,104.3505379,100.4744586,102.816841,104.6762421,103.7000208,100.1514837,103.2860857,101.068001,99.13741228,98.83783373,101.9642431,98.9350698,97.44258817,95.78911143,97.45799925,96.82212802,93.50953682,92.88651309,92.92860796,90.89392698,85.05524902
42.14991798,-70.41857902,2022-09-28T16:24:04Z,3.090345043,916.320799,1,NA,Line_transect,20,105.0973692,115.9537081,NA,98.06929784,101.8533681,105.4459558,107.7171883,109.9086241,106.7710421,105.732938,102.6198156,100.1284583,95.94046446,NA,91.66115789,87.61260141,96.40283472,90.76101359,93.86127788,100.6812325,101.0790536,101.4584643,99.15458077,104.2157952,101.7991421,102.4518529,107.4253555,104.6740606,101.2403957,103.3067422,102.2638874,99.68028974,100.1515303,102.8295404,98.9744287,98.58248883,96.42724363,98.24281424,97.45904019,94.04360593,93.40908605,93.49194206,91.41693033,84.86461727
42.14991001,-70.41857097,2022-09-28T16:24:05Z,2.154551639,915.2334244,1,NA,Line_transect,421,101.7633117,115.6728619,NA,94.53609473,102.5849494,105.4931675,108.8521717,110.1735046,107.4201807,106.3219069,102.7701756,100.2401424,95.99791612,NA,78.58947636,88.4680704,93.1531446,88.44372323,95.15306853,101.5104803,102.3489724,99.23617446,99.94023739,104.9841083,104.076661,102.9448964,107.7862152,104.6411023,101.7308145,104.5620194,102.5435298,99.37463536,101.132945,103.3983582,99.04376469,98.97580436,96.44556463,98.20454517,97.44036104,94.15735675,93.83318957,93.6057098,91.36169075,85.01085319
42.14997497,-70.418274,2022-09-28T16:24:12Z,7.096081062,910.9877935,1,NA,Line_transect,420,99.74093154,115.7942471,NA,93.34337812,102.3496484,106.0649119,110.0841489,108.8046805,108.2877623,106.2538981,102.6007573,100.2512197,95.49774599,NA,75.37190419,89.51852611,90.89874179,89.79471337,99.69386438,98.39131902,101.3466772,100.7361309,101.7399273,106.366322,105.7626407,103.2115938,106.3415977,103.4933332,100.2194066,105.6948291,103.2121453,99.7114927,101.9243407,102.9652875,98.34962195,98.42321697,96.53777093,98.28591269,97.44603449,94.01206758,94.01860058,93.39936261,90.28444393,84.64138027
42.14962402,-70.41862504,2022-09-28T16:24:16Z,23.63606462,889.1323883,1,NA,Line_transect,421,101.9045271,115.7153223,NA,95.38148108,104.5531796,104.5975794,109.4155717,109.6448097,107.4776143,106.4615925,102.8503794,99.59350131,95.83702092,NA,81.25334135,94.15637128,88.5441716,86.66596682,102.1031715,100.7324278,99.43627848,100.8246725,99.00389457,104.5344181,105.9475814,102.937609,107.8264775,103.0610584,100.5259337,104.5088752,102.1800019,100.4859365,101.9737171,103.3146679,98.49407888,99.18019031,96.63584215,98.05391248,96.74847537,92.96866323,93.79432871,93.62771031,90.40040323,86.35815309
42.14956703,-70.41869402,2022-09-28T16:24:17Z,16.56925782,886.2539978,1,NA,Line_transect,421,98.40946079,115.5680079,NA,94.21402627,102.4367893,106.0764734,109.4817639,108.7154186,107.3694589,106.8332819,102.9501471,99.79608663,96.1320885,NA,80.07116967,91.39042355,90.64375834,88.5081809,100.3378891,97.78692222,97.4190692,103.3510893,101.259929,105.1596051,105.2391212,103.5280652,106.1472111,103.0494475,101.149539,104.5263509,102.1444257,99.92499518,102.4978508,103.8243477,98.01679847,99.12143497,96.81783076,98.29328275,96.76712259,93.09612294,94.39522857,93.6663477,90.77576428,87.65151284
42.14891399,-70.41889996,2022-09-28T16:24:30Z,11.16311362,832.2160044,1,NA,Line_transect,82,99.47043316,115.6921276,NA,96.15480663,105.7095328,107.0665878,108.2297933,108.316712,107.9751096,107.0178535,102.9719472,99.07023547,95.09313715,NA,78.13735577,94.56487,90.79043257,95.87474177,97.81878433,104.3641011,103.5046563,101.9266136,101.1053885,103.541622,102.9413822,103.8446496,105.6344238,101.7466356,102.1275879,105.110144,102.8995952,100.3356393,103.6884869,102.647963,99.31756166,99.46343567,97.12884222,97.65190176,95.33255173,93.66791212,93.67706437,91.75406656,91.46162443,85.22547038
42.14832701,-70.41899904,2022-09-28T16:24:45Z,8.533718333,782.4269116,1,NA,Line_transect,96,100.0987015,116.3904221,NA,95.11763539,103.4837245,107.6899042,109.691649,108.7837691,108.9940348,108.3370721,103.5249338,99.5220685,95.2327038,NA,82.03331326,91.79004164,91.9846439,93.66261379,96.30292533,101.9619459,103.259287,103.5497412,101.7383904,104.2133678,104.3855117,105.9452322,105.6285167,102.5746889,103.209046,106.9309897,102.8017719,100.3873104,104.9271395,103.3586028,101.8811648,100.3358203,98.05030318,97.26653389,95.86734582,94.83527989,93.12181544,92.09000069,91.57996733,84.46339153
42.14787698,-70.41905997,2022-09-28T16:24:57Z,8.155846214,745.1726435,1,NA,Line_transect,75,99.5939303,116.1594943,NA,94.85738092,106.1066198,107.6862237,108.4392252,107.7460263,108.3892165,108.7147352,103.773905,99.89576868,96.10289695,NA,82.72426545,89.29891327,93.05768329,96.57361933,96.72474248,104.9903921,100.2914424,104.6682919,102.7198943,104.5674393,102.4463541,103.7330569,103.0891144,102.0917476,103.6093701,106.1030699,101.0681419,101.8910707,105.1438042,103.2368273,103.1438733,101.0192015,98.61819141,95.93819609,95.60740412,95.84629843,93.58551292,93.67078961,91.4582324,85.42811398
42.14737298,-70.41911303,2022-09-28T16:25:11Z,7.813636365,704.5533904,1,NA,Line_transect,96,105.4837393,118.3830139,NA,93.83836475,107.4394375,112.4515395,109.8517487,111.2306438,109.3669688,109.6298361,104.1587711,101.4289664,98.84196576,NA,80.90305815,92.79874166,85.93391732,95.88658777,101.1907435,105.8458486,108.193159,108.8252231,105.2620646,106.4259119,104.9086888,103.3778551,107.5170485,104.0825724,107.0503185,107.4332629,100.7343934,102.8369582,106.4027924,104.3047172,103.2644927,100.5970534,99.43017747,97.64179602,97.97761676,96.78230965,94.55185523,96.56967264,94.22053514,86.79085962
42.14682397,-70.41916701,2022-09-28T16:25:26Z,7.940934859,662.6731659,1,NA,Line_transect,186,102.3344063,119.0482178,NA,95.36295732,106.460019,109.9966609,110.6902609,113.4676247,110.0695621,111.6474904,105.7017647,103.3576169,99.43540353,NA,88.43625083,87.97982208,93.247468,92.15597759,99.620326,105.2443882,103.6537153,106.8388905,104.5386582,107.5522951,105.8064418,103.4705356,109.5410697,107.9248501,108.4648668,107.7662517,100.6294289,104.8094767,108.8533742,105.4342028,105.3642742,101.5461069,101.3428886,99.67032014,99.79319799,97.95406953,97.69892061,97.20046656,94.31408653,89.2012813
42.14633899,-70.41919702,2022-09-28T16:25:39Z,8.081068517,627.2321822,1,NA,Line_transect,96,104.6823613,119.0113335,NA,92.44901372,107.0907577,111.7942293,110.0833497,113.242685,108.7019542,111.4515787,105.2620455,103.5560276,99.58930089,NA,83.62970671,84.1628807,91.02460124,95.31468265,98.82185627,106.0371959,107.6959849,107.6749967,105.2864501,105.644414,103.01485,106.5548178,108.3693163,108.8122758,108.2102006,103.4607156,99.94165081,106.2440818,108.376008,105.8364636,105.1249968,99.93828609,101.4150264,99.94712485,99.9567373,98.10711156,98.00022079,97.48588715,94.40640652,88.65817005
42.14584697,-70.419266,2022-09-28T16:25:52Z,8.233885831,596.6224221,1,NA,Line_transect,95,99.05367244,119.0389003,NA,90.99094108,105.9882434,108.7603633,109.2405173,113.8554451,109.690345,112.70275,106.1293511,104.3825656,100.2101341,NA,78.68376662,86.04464239,88.92221076,98.73875162,102.6649101,101.3838238,103.4336016,103.2082669,105.0769759,104.0180186,104.752494,104.6032229,108.8547605,110.3424979,107.6297491,102.5110932,103.5478417,107.214373,110.0386525,107.2063489,105.1686785,101.2248243,102.3367582,100.2650723,100.106003,99.93008003,98.65966126,97.88232145,95.40312461,89.4693468
42.14542796,-70.41931897,2022-09-28T16:26:04Z,7.588820439,573.031316,1,NA,Line_transect,484,99.66147374,119.1164499,NA,95.88166138,105.9726764,107.0201153,111.3939918,113.1833014,110.07033,112.5684963,106.160355,105.8519512,101.4567293,NA,82.92955613,90.37741998,94.12788048,93.82597654,102.3028394,103.0436702,101.6479822,101.7354521,103.185662,106.7176497,107.0419964,106.0506658,108.3316503,110.1454455,105.6371,100.5329583,101.2737225,108.8603181,109.9514516,106.2523337,105.9741189,100.5864426,101.9783301,101.4898276,101.5347721,101.5790443,99.93555962,98.93570147,96.94761772,90.81709322
42.14495103,-70.41935703,2022-09-28T16:26:18Z,7.38443428,548.2000991,1,NA,Line_transect,124,105.9022779,120.164606,NA,99.28476821,108.6823215,111.4495804,112.0708374,112.8634467,111.0804327,113.7482589,106.5994649,105.894279,100.9000217,NA,84.437487,93.84699565,97.61840566,93.02807983,106.863435,103.665056,103.0468623,109.9051516,103.3474617,107.8462197,104.6622459,108.5088088,109.7285479,108.7197834,103.968933,98.76915511,102.9873667,110.0354272,111.7472289,106.8417636,105.931608,101.493036,102.8832106,100.8554858,101.9613744,101.1884483,99.99876236,98.72535894,96.00618348,89.34240991
42.14446597,-70.419395,2022-09-28T16:26:31Z,8.087496419,527.187056,1,NA,Line_transect,60,103.0197935,119.9081334,NA,100.1805545,108.4971556,109.6598759,112.4740735,112.2597748,111.0556817,113.7955048,106.3744923,105.4732356,101.6030909,NA,85.39945345,93.86018387,98.83406182,96.76768398,105.2584779,105.1101942,102.1885635,106.9529032,104.2056302,109.8770938,103.7198686,107.4826616,108.4660509,108.6779073,103.8489931,99.71643122,101.6332924,110.1529048,111.8839268,105.9738654,106.6042676,100.7401371,102.7774841,100.9974335,101.7742053,100.1486653,99.9427874,99.44349553,96.53012458,90.67984626
42.14400899,-70.41942601,2022-09-28T16:26:44Z,7.616134164,511.4560753,1,NA,Line_transect,60,108.9978838,120.8588589,NA,98.91147729,112.2674667,110.557061,113.5495779,113.535474,111.7200308,113.4977426,106.2734036,105.7987367,101.8198229,NA,86.9067078,90.59443057,97.88578032,96.39773094,111.1584378,105.2664889,103.2929875,107.4360781,105.6735733,108.0973459,106.5811796,110.6597268,109.2190493,110.706445,103.8920115,100.1100966,105.3179577,110.1833867,111.1324618,107.1436852,106.2489729,99.09027255,103.4411818,100.8640734,101.9870832,100.6191128,100.2832075,99.57484731,96.95974222,90.68848221
42.14353197,-70.41945602,2022-09-28T16:26:57Z,7.94871523,499.8540443,1,NA,Line_transect,60,109.5885079,121.4850516,NA,99.03780269,112.3887497,110.3950639,113.7386593,114.7085639,113.0431845,114.1625673,107.6497215,106.6726392,102.4445524,NA,83.20556451,86.50586568,98.66655937,96.73370621,111.551804,104.09391,103.8235357,108.0213276,103.4238782,107.6286127,107.427715,110.909232,112.3661418,109.0097083,106.4010686,101.9643688,106.4057935,111.5256612,112.302028,105.1408687,107.6492639,99.87435069,104.7008412,102.7815783,102.6474311,101.5604629,101.3860341,100.3964895,97.21746451,91.24522264
42.14295999,-70.41950203,2022-09-28T16:27:13Z,7.749321689,493.9759365,1,NA,Line_transect,60,108.3836084,120.7487086,NA,97.82294031,111.750617,107.249258,112.3862548,114.2394252,112.6573215,113.7920955,107.9119092,106.1710641,101.1573974,NA,83.0964524,90.90575305,96.64792526,92.67441305,110.9514142,103.6738725,102.9431206,101.8803749,102.545005,106.2204781,104.6388626,110.0965241,109.8911725,111.3368014,105.0318987,101.3787277,107.1279905,110.7566973,112.0264203,104.0880073,107.3526011,100.2365982,104.9506828,103.010996,102.2117678,100.9930676,100.8636122,99.08797134,95.7818126,90.65226541
42.14243696,-70.419525,2022-09-28T16:27:27Z,8.088359155,494.1786416,1,NA,Line_transect,60,106.6463816,119.6112404,NA,92.40917259,109.6779957,110.3674075,110.5797356,113.0608628,110.7941451,112.4206674,106.8972733,105.6029677,101.397055,NA,79.5630728,91.10837549,85.56676051,98.29015514,108.501442,101.8441217,107.3134075,105.5784575,102.7486521,106.4861286,105.6791508,105.1560065,108.7405285,110.1605121,103.7568156,99.12558907,105.6386533,108.7653959,110.1579371,105.1457643,105.8210106,100.6192226,103.8836841,101.1259266,101.5301116,99.87939824,100.9282049,99.34708183,96.09114712,90.51084653
42.14194503,-70.41957102,2022-09-28T16:27:40Z,8.207936689,502.5496567,1,NA,Line_transect,60,103.36339,119.1502644,NA,94.0560557,108.962419,108.6127779,110.7894972,112.0742896,111.3078563,112.445596,106.1035186,104.3200601,99.28769138,NA,83.58506992,91.99438584,88.65324309,100.4521732,105.5543025,105.0137919,101.9881024,105.3808461,103.488962,105.6919736,105.6208626,106.6622287,109.1429717,107.3349126,103.9786683,100.7283178,104.4877765,109.7868294,110.4462555,105.2406997,104.9647868,99.67893976,102.965917,100.6770305,100.5845897,98.55702952,99.25624294,97.54562602,93.3048485,88.22258732
42.14148302,-70.41963204,2022-09-28T16:27:53Z,7.727026746,517.0315523,1,NA,Line_transect,72,106.2668371,118.8173958,NA,93.1939843,109.9479753,106.7289956,110.4062144,111.4709775,109.7445717,112.8369675,105.9482689,104.4384135,99.92610517,NA,82.04016645,90.56184229,88.96709271,95.23599376,101.154221,109.1606435,101.4520945,101.4532648,102.819927,105.8687411,104.7409422,106.1687132,107.2654745,107.9535068,103.9113167,100.2345786,104.2493886,107.5686168,110.6845249,105.9478574,105.5348845,100.4881094,102.2889222,100.4963052,100.4217484,99.0885437,99.37530919,98.05214406,94.07760563,89.48573298
42.14104498,-70.41966196,2022-09-28T16:28:05Z,7.908981287,532.8345649,1,NA,Line_transect,72,105.8608887,118.3207203,NA,92.01888444,109.5777466,107.5437898,109.4181412,111.1658502,109.5503118,112.2161511,105.0853556,102.5262161,97.00123073,NA,76.42139633,88.17449263,89.49930462,98.15742241,97.76106545,108.9332151,101.6066044,102.3844828,103.9814121,105.1142378,105.2085005,103.3880145,107.9643851,105.9907575,104.5464137,99.76495077,104.0509831,107.4252831,110.2271306,105.4144165,104.2191641,100.3952531,101.2777595,98.9635564,98.72607482,97.69171792,96.58536257,95.08266362,91.12302146,86.94737956
42.14053703,-70.41972399,2022-09-28T16:28:19Z,7.883115176,558.0128549,1,NA,Line_transect,60,103.0808317,118.3269508,NA,89.04638773,108.083985,108.2097958,108.7463794,112.4652083,108.7442773,112.0311776,105.8047481,102.9981217,97.03664761,NA,80.80850815,84.45704013,86.05662388,97.30900507,105.150777,104.1840704,105.0104991,103.0981004,101.4955067,105.5563199,103.0385917,102.7535175,107.251426,109.1108115,106.2135811,100.1988147,102.5335221,106.6746844,109.7407605,105.4274041,104.8476333,101.6209856,101.254538,100.0804461,99.71379691,98.04810257,96.23446795,95.15731725,91.4959383,85.61339538
42.14004099,-70.41978501,2022-09-28T16:28:33Z,7.698739794,586.884084,1,NA,Line_transect,72,102.9442051,118.1670043,NA,88.28610036,107.3615204,108.4674492,110.3013529,111.0299655,109.9204405,111.3902301,105.2602619,103.1183393,98.00536238,NA,81.70908855,84.49004296,83.88294959,95.93056692,96.00782009,106.6804239,104.8323632,103.7885058,102.0182367,106.8031435,103.6423092,105.5816482,104.6605367,107.9895183,105.3876726,105.4218,103.9659653,105.8448725,109.0051028,104.3766466,104.8865582,100.947816,100.7302788,99.68750069,99.86768392,97.48115065,97.16403642,96.14712342,92.5089013,86.20338529
42.139553,-70.41981502,2022-09-28T16:28:47Z,7.550325696,616.7408006,1,NA,Line_transect,72,101.8837346,117.7541291,NA,93.45874004,108.3934997,108.8560152,109.4534634,110.7154055,110.5320735,109.5701402,103.7324294,100.8292451,94.19746175,NA,80.3873528,91.16694549,89.0306965,97.38261885,102.4127713,106.6442552,101.5568954,104.207448,105.5850498,106.2576528,104.1027415,103.0558704,105.2596387,105.9296593,106.5480374,107.1620852,103.3962639,105.9273365,106.46414,104.1803927,103.0300025,99.52466905,99.68160876,97.29294878,97.87813475,95.3520458,94.04765281,92.01906993,89.04408633,83.7001441
42.139107,-70.41989104,2022-09-28T16:29:00Z,7.482808475,650.0197315,1,NA,Line_transect,121,98.47668326,117.2324972,NA,91.13378648,105.7065473,107.5929102,108.871831,109.3128225,110.025724,110.8694564,104.8581792,101.3494177,95.13984368,NA,76.34521477,84.16188413,89.97595138,96.2830086,100.325054,103.4602522,102.2624084,104.3686864,101.2285916,104.7485146,104.1276918,103.3063413,104.6408773,102.7289427,105.741128,107.1622094,102.3062421,104.9915283,107.4701176,105.7578654,104.5734091,101.3602409,100.1785802,98.13513314,98.10560983,96.77322763,93.84214999,92.63516688,90.92403243,82.8818116
42.13860299,-70.41993697,2022-09-28T16:29:14Z,7.807862188,687.5277706,1,NA,Line_transect,181,100.2069579,116.8693457,NA,92.54708463,104.4332975,107.5854688,109.7783197,108.8562727,109.928592,109.309417,104.6932222,100.5072518,94.99714918,NA,77.76439213,83.40371995,91.81539529,96.8707559,100.3641827,100.7971014,104.0951559,100.885174,102.8815334,105.8926512,102.036263,106.0426005,103.1502941,101.8201379,106.1263452,106.9939735,103.9425731,103.7164199,106.0607421,104.3119827,102.5375972,101.602354,98.68532882,98.81711755,96.51930127,96.05979491,94.3392019,92.65416096,90.11231078,84.64591272
42.13817602,-70.41995198,2022-09-28T16:29:26Z,7.701855265,719.7518926,1,NA,Line_transect,60,101.1651874,116.2979775,NA,90.00493,105.7050544,106.2042795,108.2126922,108.6113025,110.2043656,108.8028239,102.9618531,97.0442624,92.52716788,NA,76.40559374,83.53281392,88.64426794,97.97020128,103.6777804,98.81253469,100.6434841,101.5658556,101.9837555,103.6226042,102.8087096,103.8276664,105.9333637,100.4192795,103.5052458,107.6699414,105.0443849,101.5813109,106.1377443,103.613235,100.7316383,100.1984491,97.05700168,96.26596938,93.57338938,92.0833856,90.68453877,90.09110547,87.85166672,81.9994236
42.13759599,-70.41995198,2022-09-28T16:29:42Z,7.844444589,764.9090135,1,NA,Line_transect,181,97.86601838,115.5484548,NA,91.77120298,103.6385476,106.994206,108.1899346,108.1917886,108.7292871,106.9684224,103.1029329,97.96199312,90.70040924,NA,79.31076249,87.74474541,89.15553642,96.97468727,96.60586246,101.3203913,98.26765281,104.4524925,101.8932286,103.0676646,103.0932859,104.0251298,105.0408496,102.7324328,101.8362479,104.834729,104.5447687,101.9630836,103.0388431,103.4683546,98.69177464,99.33669528,97.31826328,98.09870814,94.59271479,92.78719376,91.68953572,88.4545384,86.04058317,78.60875531
42.13719903,-70.41997503,2022-09-28T16:29:53Z,7.816062275,798.5977622,1,NA,Line_transect,96,97.84896864,115.610586,NA,94.33445444,103.3874389,107.314412,107.7295635,107.7319101,109.491213,107.0564921,103.0194434,97.89156442,89.98009191,NA,81.89573249,92.09938602,89.7158311,92.28619363,98.4404759,101.185454,102.8065484,102.8646969,101.89146,103.6744866,102.453323,102.6455588,104.00842,103.2343937,101.1700355,105.8639318,105.5903621,101.5029216,103.2251568,103.1437324,99.60782811,99.29743456,98.13145273,97.01768707,94.78436133,92.88463871,90.79878616,87.55816874,85.21140959,79.70813378
42.13662696,-70.42000604,2022-09-28T16:30:09Z,7.743039822,848.7197893,1,NA,Line_transect,181,99.91047872,115.3664644,NA,92.12626159,105.0623382,104.8147618,108.0545259,107.5866843,109.430433,106.8765018,101.955487,97.43447186,90.42621089,NA,79.35428584,87.67405431,89.82328308,93.00266126,102.5259911,100.8614397,98.15883955,101.0117386,100.4666682,104.5579247,100.6686355,103.7412879,103.7024606,103.0955707,101.3083826,104.3656363,106.4604616,102.0736688,102.8067919,103.5983729,98.27955015,98.44540512,96.74101035,95.99290115,94.81295478,91.45338751,90.46405526,87.8967186,85.52488313,81.14391833
42.13609303,-70.42000604,2022-09-28T16:30:24Z,7.702377325,895.6255804,1,NA,Line_transect,53,97.40131843,115.8187833,NA,102.7372964,105.209893,107.0764201,108.7050342,108.2211688,109.2742354,105.111354,100.8965562,97.73317198,90.89198361,NA,92.25894631,98.77686202,99.80173336,101.4912194,97.42956742,101.322223,100.1445626,103.5459694,102.5634562,104.8867193,103.8407832,102.8315981,104.8440866,103.6563477,101.0300579,103.3526625,105.9330355,103.759987,101.085479,101.3364019,97.78253243,97.93887237,95.19447678,94.41608099,94.24457625,92.36385424,91.91110991,88.24441916,86.60198759,80.1375094
42.13562398,-70.41999104,2022-09-28T16:30:38Z,7.251784939,937.2914332,1,NA,Line_transect,290,100.3164519,115.273326,NA,94.93672576,105.2257004,109.2435405,109.0242806,107.2103823,106.2606281,103.236425,100.9986385,97.50487987,89.09099346,NA,83.67817895,87.71515573,93.60288303,97.9738735,97.63527028,103.2708488,103.4209473,103.2206308,106.1319276,103.1409585,103.867209,105.4288599,103.3514935,102.3929395,101.342394,100.8183823,102.1025122,101.4525388,99.31776309,99.2780823,96.07897993,97.68692966,95.63340446,94.8511802,94.23380424,92.78151514,90.3404522,86.49688936,84.70513524,78.40813
42.13515099,-70.41993001,2022-09-28T16:30:51Z,7.908959591,978.2847965,1,NA,Line_transect,60,100.5253906,112.0246316,NA,99.15585862,105.975026,105.072546,106.7347125,103.6727594,97.40152225,94.56333482,86.05885747,79.37236652,79.31406993,NA,75.20281951,87.64990358,98.81858134,101.8822369,103.3243637,94.24489606,99.52361171,100.1832157,101.0596838,102.0221089,103.0111188,100.4980987,101.2504171,96.72189147,97.20839289,94.12786234,91.25309298,91.97535412,91.23546692,90.22702507,86.78567831,82.72522664,81.10719622,79.40552051,75.65777368,73.84427231,74.0680899,74.65436297,75.02880501,73.86555811
42.13464699,-70.41984603,2022-09-28T16:31:05Z,7.849186506,1022.363069,1,NA,Line_transect,264,92.63233126,110.5172239,NA,93.57746984,100.2515258,104.5009635,105.8927516,103.4571905,97.91851369,95.4370927,88.16915718,80.22571312,79.17109724,NA,78.50925492,88.15494636,91.91505087,95.59473262,95.88056212,94.90913463,97.9531257,99.87566145,100.8744366,100.3198388,101.3481048,101.5943201,99.66515159,98.57703114,97.561426,94.96003144,91.51189336,92.1552431,92.22259129,90.99845854,87.56171037,84.36551112,83.33552022,82.23292527,76.89998533,74.79035519,74.18705933,74.50608852,74.92181139,73.68152039
42.13429604,-70.41978501,2022-09-28T16:31:17Z,6.380814417,1053.648858,1_2,NA,Off_eff_transit,164,95.8013628,109.7961422,NA,92.19823387,102.536629,104.1566952,103.6061893,102.9812593,96.76930249,92.56650347,82.78612504,77.84034628,79.10529523,NA,86.70937658,85.19767535,89.341004,96.18520956,96.27599375,99.79394001,95.60445877,100.3285601,100.6525511,99.84127275,97.29443667,98.99644861,100.4390777,96.82129341,96.01298791,93.25212035,91.61830924,90.74275551,89.38841816,88.08665526,84.67463683,80.11197647,77.37798541,75.13885492,73.02435258,72.92963695,73.24726158,74.18677383,75.04012083,73.66296911
42.13399898,-70.41973103,2022-09-28T16:31:30Z,4.989308125,1080.44977,1_2,NA,Off_eff_transit,60,96.32277051,111.0468961,NA,92.04251918,104.2889208,103.9317789,106.2163225,103.8284684,96.6122938,94.58611262,83.2828682,77.89848986,79.07535303,NA,74.0407756,84.75260748,91.05991141,97.97978498,100.5032334,99.70251925,98.12633469,99.43655666,99.75353549,101.1224672,98.37267237,103.4281106,101.8899903,97.6094057,94.66379121,92.54807899,90.81553054,91.98435041,91.76928432,89.83304829,86.12404747,80.26429391,78.2247254,76.04586246,73.14351182,72.78722224,73.42747638,74.19763041,74.97058235,73.64089846
42.13377401,-70.41968501,2022-09-28T16:31:43Z,3.787506606,1100.788388,1_2,NA,Off_eff_transit,60,99.16059704,111.7379431,NA,91.23682734,105.0255421,106.2271514,104.8699729,104.0060823,100.1618674,96.81504668,91.71668292,90.82383261,85.83569853,NA,75.43313143,83.54150253,90.28783411,99.75050048,102.2044794,97.60016304,103.1555381,100.6762242,99.81519077,101.9451102,98.89999701,98.61993099,101.7630078,97.77144347,96.19168916,95.42711861,95.38871988,95.3558328,93.27228177,91.67985936,90.81450758,88.26606123,85.0219045,86.95616673,86.99803158,85.91194492,85.02158557,82.87297737,81.5057536,76.8224782
42.13354502,-70.41963204,2022-09-28T16:31:57Z,3.591021225,1121.471321,1_2,NA,Off_eff_transit,60,103.0289636,113.1616333,NA,92.99908703,107.267065,104.2734141,105.3865913,107.0084455,101.4894819,96.89126819,89.01224037,89.27170546,85.72855641,NA,87.20512265,85.47215344,90.48002792,100.9725742,105.4766567,97.40071714,98.45923315,100.4224853,99.40320818,100.5148111,101.3291107,99.88020347,105.7764628,97.45464806,98.34918786,98.6840586,96.24137956,93.97359814,94.22099745,91.72338979,88.79577008,84.6802869,83.45136345,84.4933464,84.81918514,84.46050371,84.1994233,83.38060998,80.81680667,75.50131481
42.13344997,-70.41949499,2022-09-28T16:32:08Z,2.737388201,1125.96865,1_2,NA,Off_eff_transit,60,100.7096901,111.7342856,NA,89.6917389,105.8185962,105.1519372,104.5696345,105.6068024,98.76696057,95.75269476,87.22299044,83.90744517,80.6836778,NA,78.80694909,78.71659283,88.92699262,100.7552117,103.0856055,97.73272208,100.7325462,101.0802954,99.07795074,99.66863222,99.6089001,100.1009514,103.8415168,97.64510327,98.01506572,95.64208569,92.83724326,92.87863892,92.5515543,90.9051674,88.63000598,83.69584773,81.68526699,81.64306002,80.43940412,78.4110743,78.1878744,76.89341025,76.36001071,73.96093075
42.13343396,-70.41930397,2022-09-28T16:32:18Z,3.084801909,1120.833907,1_2,NA,Off_eff_transit,47,95.67210516,110.519699,NA,87.96071878,103.0152205,103.7880747,105.8748956,102.5129557,98.01780427,95.46414221,89.4680857,88.31253259,82.54212582,NA,76.59104418,78.33286397,87.08879318,100.153195,97.7197995,95.73833124,98.51035937,99.52691075,98.95327409,100.6117176,100.9202308,101.7048435,98.86501516,97.94236381,95.92103433,95.16560185,92.66890164,90.79725403,92.55971452,90.60109086,87.5405604,85.32588275,83.76675168,84.85440494,85.60175436,82.9252937,80.74409214,79.73010322,77.41461567,74.83549204
42.13351401,-70.41920498,2022-09-28T16:32:30Z,1.95855251,1109.346641,1_2,NA,Off_eff_transit,436,98.44157497,110.804171,NA,89.55859365,103.4187709,103.9865812,104.6673323,104.9988861,98.20468659,95.56682701,88.53522878,86.27253839,81.76420668,NA,77.74556651,86.80302454,85.62159487,99.68768845,98.75621997,97.12360553,98.2888672,100.3185236,98.77190306,101.7576661,98.83579763,98.23055513,103.113457,97.46345187,97.4489013,92.92795959,94.31838577,92.8973974,92.50698665,91.2681981,86.83847775,84.73270064,82.76449572,83.56724897,83.13268517,81.16984955,79.4081911,77.91904968,77.61022286,74.84351899
42.13360998,-70.41920498,2022-09-28T16:32:42Z,1.730557264,1099.689743,1_2,NA,Off_eff_transit,48,99.17327138,111.152959,NA,87.94232412,104.0520173,105.9068046,105.2142337,103.2948754,98.1416059,95.1736546,87.45262359,85.0529604,80.78111613,NA,80.78150747,84.42755332,83.53612335,102.7003999,93.80501258,96.43190415,96.96454672,101.6900029,102.8414453,99.60678607,101.8058133,99.50927304,101.0157768,96.82790195,95.91308091,94.61870885,92.52183219,92.6362901,92.42063637,90.37280618,86.58557841,84.10932854,81.54741641,81.92688633,81.89053933,80.08891357,78.02736747,76.87459815,76.36770558,74.42234724
42.13376999,-70.41921998,2022-09-28T16:32:54Z,2.8923079,1084.161536,1_2,NA,Off_eff_transit,96,101.2022259,112.2142778,NA,88.05825294,104.2922848,107.6842978,106.1622698,104.2711325,99.17472717,94.55868134,86.07111853,84.00476153,81.06443568,NA,77.93080186,83.36584318,85.56684646,100.9620105,99.63176509,97.16078989,105.6051465,100.0088109,100.8992926,102.4423301,101.9279323,99.13285182,101.3895515,98.1170185,98.11874499,96.61374072,93.0990176,92.15566911,91.65099278,89.90784531,86.18265099,83.06648772,79.99239966,80.09665874,80.49140307,78.93230425,77.87318547,77.10081205,76.97672714,74.25334005
42.13399102,-70.41919702,2022-09-28T16:33:08Z,3.426412801,1061.250277,1_2,NA,Off_eff_transit,60,98.60606506,111.1648646,NA,92.36396519,103.9734956,105.0473791,106.4817181,102.689762,97.68083129,93.61906322,86.59929176,84.24550427,80.52532073,NA,86.24516332,88.84446706,87.29026844,99.60541672,101.1869411,94.30003318,99.65349221,100.9171448,100.1641341,101.5754254,103.3327488,99.32800095,99.71574177,95.32888126,97.63393875,94.59214914,92.19545591,91.2248773,90.34406139,89.34157587,85.55305397,83.72629775,80.47572066,80.3977347,80.05593452,79.50110195,78.77101903,76.50581125,76.18205747,74.25121431
42.13425396,-70.419151,2022-09-28T16:33:21Z,4.413392805,1033.409659,1_2,NA,Off_eff_transit,60,100.0781127,112.2126781,NA,90.3058391,103.8846415,108.0214749,105.836973,103.8551742,99.19061966,95.37672809,86.92614918,83.57038126,80.50335928,NA,88.32861875,81.84290072,83.79395067,95.73756555,102.28561,95.7824311,100.9531778,105.0105254,102.845376,102.4807568,100.558372,99.66976945,101.613109,96.9473384,96.85335827,95.93980241,94.06902107,92.60380325,92.40025717,90.64483048,87.41047104,84.01738243,81.17656825,80.39113924,79.88862402,78.24050856,78.01905316,76.55060577,76.20085996,74.04860666
42.13448304,-70.41908302,2022-09-28T16:33:32Z,4.614190476,1008.190229,1_2,NA,Off_eff_transit,194,99.70288128,112.5673845,NA,86.58964308,101.7151828,106.7819212,107.7481154,106.6589428,98.98524474,94.53513936,87.24253018,83.31118884,80.74178736,NA,76.86940351,81.35908339,84.32362104,97.04148709,95.87528084,97.71920535,103.2778583,100.237825,101.9949181,105.2362232,102.8685063,98.32020533,104.8621327,98.5494966,99.31362935,97.01669697,91.66949672,91.51187887,90.47112187,90.99752452,86.70699315,84.31644911,81.69262471,80.49750489,79.30029185,78.46250802,77.71162193,76.82124561,76.52648657,74.0800825
42.13476199,-70.41901404,2022-09-28T16:33:45Z,4.720595987,978.0615811,1_2,NA,Off_eff_transit,420,105.1537496,113.6132602,NA,86.31972281,103.9508492,107.6104882,105.5079808,109.9913149,99.23146112,93.56696086,86.57859604,83.53372845,81.10179496,NA,78.75269376,83.6673275,80.82136364,101.9108408,96.33993234,96.99327024,103.9556445,103.2636034,100.6514295,101.7072789,100.404711,99.89183818,109.410604,98.21340142,97.68163431,96.8511017,93.00839968,91.86400799,90.31299725,89.1067114,85.85107992,83.48093078,80.67886546,80.60812355,79.9425087,78.32115011,77.70809629,76.93442209,77.17088452,74.37441389
42.13504001,-70.41895302,2022-09-28T16:33:57Z,5.079301925,948.4204442,1_2,NA,Off_eff_transit,60,97.58396154,111.8954023,NA,88.76160454,104.6556901,107.3164536,105.697596,103.4919228,98.78901196,94.50551301,87.56243917,82.96496987,81.59609809,NA,80.03108227,82.32139983,86.81710689,100.2301296,101.4286694,96.78797549,102.7230012,100.1764142,103.9397334,101.5958844,101.0349346,100.0005758,101.1757701,96.9703763,96.29265461,95.9598506,93.76665736,90.94010883,90.67161849,90.78331636,86.5997667,84.29075968,82.31046346,81.19484036,79.17432938,77.76235121,77.44303055,77.79581766,77.46782948,74.5327393
42.13528099,-70.418892,2022-09-28T16:34:08Z,4.823304928,922.4975479,1_2,NA,Off_eff_transit,150,98.28986948,112.9500624,NA,85.70452119,103.2030463,108.7607264,106.9788688,105.8268411,99.1386032,95.30681325,87.55425656,84.29842275,82.90152856,NA,74.52003063,79.93394562,83.89374398,99.9932228,97.38384623,97.36253688,102.3133614,103.6002668,105.4691282,103.597102,102.0705479,100.3637225,103.935279,98.17787269,98.40982406,95.95723541,95.14934989,89.93831815,91.4039611,92.10196997,85.90587478,84.21838831,81.49168015,82.15596586,81.19597446,78.48884638,78.24381082,79.17698658,79.08770884,74.95030332
42.13557101,-70.41882302,2022-09-28T16:34:21Z,4.901946718,891.5817404,1_2,NA,Off_eff_transit,48,99.53111423,112.2994676,NA,90.67124983,105.5065721,106.5561339,106.8219199,104.5229893,98.87880728,94.84310859,85.97684582,80.54264673,80.83406865,NA,76.0122572,80.51690628,90.06287471,103.0697701,100.6331286,95.67010467,100.524684,100.2552768,103.6847107,102.0858708,102.7616036,101.1570657,102.8491002,97.02903471,96.03865973,96.46835817,93.3015632,90.61280017,90.86419543,91.52840307,86.10770592,83.27691501,80.3546586,78.74009112,76.45248233,75.15592373,75.60480871,76.53638417,76.99523824,74.16063173
42.135857,-70.41870902,2022-09-28T16:34:33Z,5.3776364,859.3512054,1_2,NA,Off_eff_transit,48,104.6991908,113.1809628,NA,88.71785376,108.6662304,105.8731516,107.0194946,104.5428782,100.44667,96.12728385,88.45322887,82.30915885,81.52957239,NA,78.79327121,87.15470345,81.739478,106.9288113,102.9621342,96.5065103,101.5602889,102.3577131,98.53229186,102.1395641,104.1576242,98.99294966,102.4364318,98.68739076,95.49917138,98.94517017,93.52221651,89.95378682,91.79485436,92.54865282,88.97294014,85.43252551,82.32246677,82.56029271,78.68747911,75.74715693,77.68683472,78.06616501,76.89125246,74.66499627
42.13602397,-70.41859402,2022-09-28T16:34:42Z,4.50776131,838.5876709,1_2,NA,Off_eff_transit,60,103.86984,113.409563,NA,90.21583206,109.1943644,107.4606684,106.4854395,103.1661402,99.50988582,95.94916746,89.36909106,83.53240807,82.76687665,NA,75.96083387,82.94532697,89.10874733,105.504642,106.0303019,98.72725502,103.4273362,102.658641,101.8375406,102.8288575,102.8247055,97.90559579,100.6303186,96.41076593,96.80583826,96.6567425,94.84088925,90.98057294,92.46690657,91.20448843,89.29595769,86.82309893,83.12100541,82.51493731,79.08271063,76.90083205,79.80465058,79.6140958,78.144986,75.10049441
42.13610804,-70.41843401,2022-09-28T16:34:52Z,3.14670648,824.0079485,1_2,NA,Off_eff_transit,60,105.5626566,117.2413306,NA,87.61960929,109.1221917,109.3724264,110.1998497,109.3611747,109.2583614,105.8979924,104.5218684,101.4383165,96.51645837,NA,78.98469358,84.6772274,83.12416871,96.33851807,108.5092044,98.09619075,104.2297622,106.7951719,100.8819816,104.5019545,107.4782767,103.1300538,106.6211636,103.6308383,102.384769,107.162873,103.9659229,98.65998487,102.0976453,101.8669221,98.63713828,100.1968358,99.38382106,99.63088366,98.0941015,95.69928545,95.75609047,93.64356077,92.28569511,86.78678185
42.135052,-70.41443601,2022-09-28T16:37:17Z,4.696677288,840.3649489,2,NA,Line_transect,71,102.3673533,114.1877435,NA,94.33171094,108.1270144,108.9831933,107.657569,104.2005288,102.3279589,98.45603366,94.33686945,94.46411546,90.77758352,NA,78.33606996,92.05957881,90.15486327,95.28207091,105.9703372,103.4348888,101.9581672,105.6759281,104.2293207,105.1170685,101.1439305,101.0760336,100.8091246,99.314222,97.57293773,99.11661378,97.76363882,94.70895618,94.88234584,94.18270968,91.17461464,89.50300042,90.35217557,88.68141647,87.31428161,90.39790963,90.64622726,86.62254459,87.42004186,82.66055048
42.13553597,-70.41431397,2022-09-28T16:37:31Z,7.610014183,786.1475512,2,NA,Line_transect,177,99.07502758,113.7467688,NA,93.41749771,102.7533547,108.4774373,106.6663021,105.5039196,104.4252926,102.3045264,99.46198554,98.85813617,93.62187558,NA,80.60084808,91.29828918,88.65296205,96.08004085,99.11253786,98.2243735,102.2890522,102.1177589,105.7058381,101.2582824,102.6215629,101.6919638,102.0248666,100.2818757,99.49529922,100.0351368,100.0835014,98.70859844,98.98049167,97.64963715,95.14802445,96.36509486,94.69249012,91.92710046,92.11349986,95.42106614,94.1110037,90.22604423,89.33857678,85.91372897
42.13594803,-70.41435999,2022-09-28T16:37:43Z,7.455817518,740.9893556,2,NA,Line_transect,106,100.7420914,113.6201012,NA,98.64437744,100.6237296,107.2199601,107.0296564,105.4633159,104.1889878,103.889755,100.3937757,98.97883614,94.92986053,NA,79.55235188,96.62838374,94.19576589,88.77462162,96.79912856,97.78508972,104.4505066,100.0428596,101.6905291,104.251539,100.5225449,100.9922728,100.7524979,100.3513277,100.9511538,100.6818197,98.94206987,98.25954435,99.14789555,99.32624437,98.86932546,97.78343448,94.48965526,93.29345981,94.42327278,94.91571918,93.08380657,91.76128204,90.96544038,85.59357983
42.13641004,-70.41447398,2022-09-28T16:37:57Z,7.259470643,690.9980625,2,NA,Line_transect,177,100.6911014,114.2802394,NA,95.54844118,105.9719337,108.201395,106.8422469,105.3638534,103.8541435,104.1679076,100.3788513,99.86148538,96.93414863,NA,87.44869815,93.82380947,87.92513141,90.31604529,103.0834183,102.5861839,103.260925,102.3839108,104.4073122,103.607685,101.4627439,100.5602432,101.8395998,98.89027402,100.5564324,100.0402017,98.93682074,98.03982793,99.64929737,99.26302562,99.26629731,98.27192203,93.38125369,93.044728,96.32141418,95.65013561,92.37109293,93.14334457,93.81575121,86.69023843
42.13682201,-70.41460399,2022-09-28T16:38:10Z,7.042579194,647.0091044,2,NA,Line_transect,71,107.2927206,115.0002363,NA,99.74841447,110.6376486,104.6104525,105.7885632,106.0521139,103.8876626,104.2672196,101.312171,101.1964603,97.54496762,NA,79.3139088,99.5000599,86.42606626,93.19553153,106.7953473,108.1899154,98.68704439,101.229693,99.16231913,102.5951427,99.93474199,99.95258748,99.93797477,102.4264195,101.1223848,99.52910311,99.04248702,98.74113328,100.3425336,99.2403248,98.74892084,98.19945762,94.28109212,96.27523014,98.05634704,96.19575305,94.1751129,94.84923409,93.31786097,86.81952068
42.13719903,-70.41471899,2022-09-28T16:38:22Z,6.970268235,607.0980391,2,NA,Line_transect,71,107.1521351,115.3065068,NA,94.27271134,109.8229223,106.8957922,105.7052339,106.8207748,104.5658899,106.1609318,102.1051107,101.7212843,97.27104119,NA,82.55053557,91.49694226,90.347179,93.13390091,105.2121417,107.8348255,97.01554304,103.4150634,103.4137476,101.9933079,100.110813,100.4592342,101.8785299,102.4087631,101.8377132,99.75659509,99.70335245,99.92110642,102.744595,100.4108031,100.610172,96.2044473,97.5627581,98.03386608,99.0077492,95.98115885,94.68708348,94.42977372,92.76807659,88.26040067
42.13766104,-70.41481798,2022-09-28T16:38:36Z,7.23050347,558.1676102,2,NA,Line_transect,71,107.0006345,116.6766409,NA,99.23221287,110.2532288,108.987145,107.8797918,108.6838497,105.1005206,106.7918334,104.2262047,103.1468508,99.51382908,NA,82.84948243,98.42342792,90.90293559,94.19146243,106.2022639,107.900766,98.80030099,101.0126574,107.7074713,104.0729295,103.3911395,101.4600376,104.772729,104.6052151,101.752339,97.62354597,98.52052089,102.892449,103.6280459,100.9346102,100.9042993,97.18354956,100.1227787,100.3929076,99.63961521,97.05969445,98.0304127,96.77084215,95.16213142,89.56214912
42.13805398,-70.414879,2022-09-28T16:38:48Z,7.132425251,516.6232453,2,NA,Line_transect,60,105.8913974,116.2118295,NA,97.05451143,108.6680299,107.3662678,107.2331551,108.3583208,107.4207928,106.3264353,105.0003038,103.4689604,100.5354651,NA,83.50403694,96.57713131,84.83187601,93.7080944,108.3381197,94.82070854,104.4257875,100.7702267,101.7266383,102.5295087,100.3413271,103.8311945,105.0592193,104.1485007,100.2006169,100.0533834,100.2068582,105.391553,103.3889421,100.1951171,100.2681502,96.84863332,102.0500252,100.3149902,99.54730168,97.46550234,98.83021987,97.87491606,96.06110914,90.58525098
42.13843896,-70.41494798,2022-09-28T16:39:00Z,7.003071583,476.5142065,2,NA,Line_transect,177,104.8618664,117.0435791,NA,94.23234697,107.7440091,108.6207253,109.1440644,110.3083263,108.1041802,106.7381593,105.3769853,103.6316428,100.9313554,NA,80.74884481,92.35051106,89.10091952,93.01251849,106.538895,100.938725,96.41566216,101.2210366,107.4164497,104.7273624,102.9956894,105.1162293,105.8146165,107.6587873,100.3671777,98.38063379,103.1267598,105.7050206,103.6992172,99.00157507,101.9871408,98.11325503,102.6892456,99.74941079,98.69131299,98.61401733,99.24802743,97.98420882,96.83748879,91.06314633
42.13883199,-70.41499299,2022-09-28T16:39:13Z,6.565599395,435.6036973,2,NA,Line_transect,106,102.4308571,117.4403556,NA,100.0870854,106.2290108,109.4403358,110.0514762,108.1231833,109.7664765,107.9468425,106.7062653,105.0892537,100.8555782,NA,78.91867422,99.13294539,92.86543084,94.69661325,103.6534352,101.9934772,104.9309975,102.4038086,105.9540232,106.6206626,103.8475815,104.915429,105.5934416,102.9985368,99.40122081,99.23607731,105.7693628,106.868706,102.8308269,97.3916522,105.7579907,100.7990565,103.6474491,100.6672344,100.2834701,100.9746403,99.58513738,97.53908895,97.07768122,91.46410363
42.13931303,-70.41503096,2022-09-28T16:39:28Z,6.951272128,385.9636726,2,NA,Line_transect,71,108.2336459,119.6958507,NA,96.06509325,111.3546328,111.334169,112.1446347,110.3219982,112.0638891,110.0840191,107.423572,106.4085231,103.4717326,NA,81.1677121,94.72901442,89.72827231,94.20075864,107.5365914,108.8797323,105.9086255,105.0849445,108.1112276,107.3921336,106.7160778,107.9277533,107.9665332,105.5611943,99.59034103,104.2989937,108.8558323,107.5655783,102.6485903,105.0863119,107.1006796,103.708713,101.3492909,102.5816299,102.525403,101.195313,101.0318333,100.7955179,99.10628521,93.20489152
42.13987696,-70.41505401,2022-09-28T16:39:45Z,7.181371337,328.6698768,2,NA,Line_transect,106,108.6790704,120.9938744,NA,98.7787631,111.9324352,113.5893385,112.7960006,110.0680921,114.3621424,111.8228752,107.5070492,108.081107,104.3290731,NA,84.46790277,96.66686568,94.19494374,95.97400732,109.8200382,107.4930723,111.3098722,103.4760875,108.5160996,109.061504,107.0806586,107.6898345,107.3790612,103.1450939,104.1929436,108.8769627,111.7292996,106.7123123,104.6869172,109.6490547,104.8422957,101.652874,102.9894707,103.3825172,104.0162385,103.0658491,102.7449821,101.4330095,100.2592304,94.10253508
42.14032698,-70.41511503,2022-09-28T16:39:59Z,6.990683464,286.1038692,2,NA,Line_transect,71,107.208564,122.1658175,NA,103.0517292,112.3570416,113.7744639,113.6396546,113.0628323,115.5052519,113.0414011,110.2971406,109.1742412,105.5107663,NA,78.88238972,102.6494465,92.32746263,95.84706437,110.1982965,108.0314629,105.7174114,106.3654339,111.9829584,110.1106189,108.6490036,107.4305987,106.6322942,106.5518272,110.4602397,112.1744207,111.700137,106.267829,109.4752167,108.1480012,106.7702681,105.2068872,106.510553,104.6447029,104.7872416,104.2365753,104.1578176,102.585073,101.3905904,95.63584137
42.14092604,-70.41518401,2022-09-28T16:40:18Z,6.847400202,233.6385252,2,NA,Line_transect,177,113.2589215,124.4289089,NA,102.1843209,111.0199014,117.8370193,115.0722613,118.594831,114.9692604,114.756359,112.1450013,111.3360167,108.0279025,NA,85.4007903,101.0753249,95.28884907,98.23372992,105.7142179,109.1664847,110.4825699,109.0737712,116.1822774,112.7637826,108.3838324,108.037558,111.3436017,116.0238288,112.718865,108.9684764,112.0726067,108.6910131,111.0080314,109.9829071,108.6476577,106.7517551,107.8444603,107.4554333,107.0934676,106.2745783,106.2738245,105.1078341,103.9435054,97.98678283
42.14151001,-70.41523699,2022-09-28T16:40:36Z,7.036071106,190.4498055,2,NA,Line_transect,71,114.0672704,126.5239768,NA,106.6301525,117.554053,117.1561318,116.2755264,119.8257094,118.6437795,117.6718461,114.3132057,114.4237963,110.2999171,NA,91.68009307,106.0476,96.34021026,100.7938722,114.2171822,114.6732521,111.0372082,112.7038146,113.1425696,108.5855334,108.8495794,114.3972889,116.2929249,114.7994141,113.6702613,113.0993987,115.8140732,111.6496735,113.4309924,112.0114703,113.1341848,109.2050302,109.1582922,110.1836326,110.5341571,109.2579059,109.0067035,107.5194344,105.912144,100.6632936
42.14188803,-70.415268,2022-09-28T16:40:48Z,6.829158352,169.8438732,2,NA,Line_transect,71,117.8819997,127.5540023,NA,100.5885677,120.8060577,117.1349065,117.9829058,121.0973014,118.6652423,118.1573094,114.4514498,114.3262096,110.2233113,NA,91.82931519,96.13271529,97.65141806,99.86831206,117.0819669,118.3474168,114.1853887,109.6376789,112.1181708,108.2116983,111.8733793,116.109751,117.1783779,117.0781948,114.0646418,112.1450641,115.9497339,112.5042596,114.9685357,113.1159998,111.3148508,110.2326689,108.889307,109.8121957,110.1682371,109.7172456,108.6413216,107.1990608,105.8590196,101.5435984
42.14233403,-70.41532902,2022-09-28T16:41:02Z,6.928861648,158.7834258,2,NA,Line_transect,71,119.5429287,128.0257126,NA,104.1156052,122.5907297,115.8731672,118.1524119,121.1013692,118.6399384,118.9773996,114.4255565,114.7643842,108.9203977,NA,92.65682975,100.4733086,101.0725669,102.4314725,119.1461698,119.8980501,111.6780961,111.7972241,109.4558044,110.3275193,112.9650983,115.4124357,118.2418604,115.8110619,113.8094219,110.6847725,115.9639086,113.4091528,115.4734484,113.3525138,113.4470164,110.298107,109.1747283,109.4076239,110.6151086,110.2351521,108.9624699,106.3425443,104.0677476,99.73057874
42.14282203,-70.41537504,2022-09-28T16:41:18Z,6.615926669,162.5136138,2,NA,Line_transect,141,110.9441205,125.9555469,NA,103.4474007,114.8372063,115.8802192,114.2838906,121.1036634,118.380352,116.8736592,113.5249738,113.0923376,108.0688741,NA,90.88931428,102.0140932,96.9810172,103.004654,112.3741278,110.4871976,106.3419292,113.1969045,111.3169774,108.6716095,106.665996,111.7055574,118.2835893,115.4447635,114.2402267,111.8777997,114.2260051,114.3137929,112.9762019,110.4606705,112.4844164,109.3802039,108.684117,108.1024945,108.5901354,108.2363508,108.1231145,105.9298114,102.8048044,97.67612323
42.14335604,-70.415398,2022-09-28T16:41:34Z,7.225729737,183.8762579,2,NA,Line_transect,70,107.8586178,124.0170946,NA,104.0417823,111.3002109,113.6380094,112.3175261,119.403095,115.9908057,115.6388358,111.7581945,111.0740908,106.4838631,NA,90.45593641,103.2485053,94.94625245,98.38682758,109.1816709,106.549405,104.6464649,109.9826682,110.1008055,110.0758555,105.0868201,105.6214756,111.6454427,117.1439695,113.1689249,111.6666765,110.1092019,111.7008161,112.1011683,110.8833055,109.1147642,107.1478116,107.6314693,106.0303393,106.3990347,106.6176157,105.8571129,104.4245565,101.1294378,95.83665661
42.14378703,-70.41542097,2022-09-28T16:41:47Z,7.179503305,212.2020747,2,NA,Line_transect,141,105.3639043,123.5480123,NA,100.2848411,106.8480808,111.5321518,114.9701602,118.0044418,117.7394666,114.7728533,110.6502357,109.0546524,104.0693746,NA,79.36014115,97.90622014,96.45104705,91.53773197,103.8314589,103.5809211,101.7566724,108.0800985,107.9966977,110.8240919,109.9044241,109.7929289,104.1831294,110.2183578,116.9918351,116.1997971,109.482081,109.4748832,110.9403949,109.1052162,109.7568955,107.3262153,105.2561362,104.56046,104.9139029,104.2744354,103.5562998,101.8984722,98.85810584,93.71560697
42.14416103,-70.41545098,2022-09-28T16:41:59Z,6.755995618,242.3634304,2,NA,Line_transect,70,103.9643293,122.0148037,NA,98.75776341,108.9553615,110.0203475,114.9277675,114.1944475,117.2415459,112.415125,108.2198323,106.3991757,101.9528981,NA,81.6698041,98.13419563,89.33432828,95.311456,106.6194741,104.6699996,103.9298844,104.9961986,106.4500866,110.5830259,108.2760903,111.1195815,109.7459322,106.7222833,110.8407166,113.995596,113.3668624,107.9102193,109.5309244,107.0167897,105.3543993,103.1187429,104.4086494,102.6171154,101.9582858,101.7817401,101.0970538,99.72780326,96.88010771,91.49244569
42.14456596,-70.41544301,2022-09-28T16:42:12Z,6.740848538,276.5126497,2,NA,Line_transect,60,104.2998481,120.7349741,NA,93.45593658,109.8043428,109.354015,112.1880672,112.6000295,116.1512887,111.801302,106.8064442,104.8404822,99.90880076,NA,83.78319414,91.97776641,86.02456151,90.51276681,108.26129,104.3871823,102.9740456,104.3133003,105.949157,106.6468284,106.7656182,108.5620542,110.019536,107.214637,104.6033478,110.6593572,113.2038118,109.3807605,103.4707553,110.0941845,104.30916,102.279526,102.7513561,100.8597322,100.9186646,99.89475042,99.2252268,97.52023814,95.09644981,89.58670698
42.14502697,-70.41549699,2022-09-28T16:42:26Z,7.152281232,321.1952964,2,NA,Line_transect,60,102.9804196,119.3892582,NA,94.94977211,107.6287372,108.4511977,111.6163604,110.9713358,114.8297462,109.7903057,106.3543062,102.6485725,98.19445727,NA,82.58310191,93.91617053,86.8195189,92.35926578,106.5438947,100.4463105,102.9869289,103.3003825,104.5832561,107.0979316,105.9343197,107.3730897,107.8940857,106.0636843,103.6342357,106.0733902,110.9506039,111.4336703,104.3144465,105.1872337,105.4734853,103.0202734,101.0540886,100.1710466,98.5365565,97.82304482,97.1639705,95.89065999,93.41359968,87.17496499
42.14548898,-70.41556497,2022-09-28T16:42:41Z,6.704417672,368.2450089,2,NA,Line_transect,60,103.913506,118.0173438,NA,96.67745393,107.8008821,106.9301468,109.1513882,110.5185762,112.3469104,110.0503872,104.8295147,101.8673568,96.90282057,NA,77.72058049,96.17337176,86.53941471,92.0168342,106.5838301,101.1853587,101.4813098,98.77728935,104.4260707,102.6513616,104.1002342,105.8128635,107.8803702,105.8665018,101.036593,102.1195284,107.7172454,109.8344055,107.0086932,100.3118729,106.0426162,99.84515127,100.5518226,99.73167166,98.26181087,96.90847974,95.75555832,94.75189278,91.94952658,85.41211983
42.14589299,-70.41561903,2022-09-28T16:42:54Z,6.75783193,410.1095816,2,NA,Line_transect,141,101.8473838,117.3239677,NA,98.12781746,105.9799113,108.291594,108.365145,110.0332251,110.8942845,109.6496195,104.147388,100.8450935,95.71536714,NA,79.07165862,97.3821747,89.75145268,93.6687003,103.7851531,101.2688233,98.9210989,105.1138704,104.3479894,104.0903439,103.5087939,103.1282492,107.2663205,105.66276,100.270782,98.31150248,104.6029432,109.4064819,107.3421033,100.3549384,104.3410743,97.6797217,101.179782,98.45322308,97.07951511,96.15436186,94.6516438,93.58913728,90.5779175,84.78633983
42.14637402,-70.415642,2022-09-28T16:43:08Z,7.43957072,459.4835861,2,NA,Line_transect,60,101.7642902,116.0739123,NA,96.0228901,105.1242168,105.5946722,107.0025283,110.2547441,108.095422,108.9990426,103.0907619,99.4608125,94.29969114,NA,78.7720284,93.51954967,92.24770664,93.04177449,104.5389238,93.19771914,100.0217067,100.8888045,101.4433039,101.3694138,102.2468733,102.9369361,106.366755,106.3374112,102.9436549,96.49045436,100.287048,106.9334951,106.4493756,101.1427047,103.4742413,97.81742311,99.6552995,97.06478638,95.85186503,94.04972175,93.88113925,92.04667246,89.43506074,83.24904767
42.14680502,-70.41567201,2022-09-28T16:43:21Z,7.183624109,504.6952451,2,NA,Line_transect,431,98.75421031,115.6725841,NA,104.7802908,100.9738707,104.4990229,106.9933494,111.1926915,106.418413,106.7204899,102.5035127,98.03900832,92.28981417,NA,88.44003462,101.6461236,101.6896309,96.81456557,97.46647999,93.28620242,97.18534243,98.47922032,102.0143622,103.7991854,101.2503833,101.0454895,107.3828136,106.386571,105.2309787,100.0144691,99.51339332,103.9556469,104.3548944,99.62145946,100.2414535,98.73087599,98.37338223,95.38467226,95.45216874,92.05939951,90.97087684,90.12252104,87.22782465,81.38212528
42.14730098,-70.41571802,2022-09-28T16:43:36Z,7.171533013,557.5825309,2,NA,Line_transect,70,107.6130209,115.8504114,NA,96.15660151,111.3624074,104.3740623,106.9580571,107.2081558,106.3599419,106.1700901,103.1966396,98.63470736,90.7929293,NA,77.81234838,95.59083348,86.47080889,94.70254378,108.491392,108.0100137,98.60471104,99.12964418,100.7708016,100.7865634,102.1924367,103.2396378,101.3184531,102.5343226,103.2445608,103.5927636,98.96800698,100.967462,103.6756137,99.0739124,100.004417,99.45651016,98.70411245,96.65859513,96.20056743,93.12246244,90.3379436,88.88144175,85.36116331,79.22837039
42.14768202,-70.41583998,2022-09-28T16:43:48Z,7.061837504,600.6697356,2,NA,Line_transect,71,98.02126165,114.898644,NA,94.95138851,104.0027977,104.8497021,105.6731349,108.0360826,108.0158875,107.2361696,103.8645607,98.89825316,90.77646094,NA,78.68527279,93.35724367,89.47860038,92.23778303,101.8235023,99.16096929,99.87825521,100.0295171,100.3162469,102.4773999,100.3378839,99.25561515,102.5417562,102.3066482,104.5726239,105.7053217,98.98384473,102.6040795,104.0652289,101.4368973,101.3030307,99.89537925,99.88600751,96.85264871,96.15114486,93.69247474,91.12979318,89.22664863,84.70763218,78.01008774
42.14807496,-70.416016,2022-09-28T16:44:01Z,6.89184874,646.4329836,2,NA,Line_transect,70,98.54172133,114.6020873,NA,93.56704302,103.2623706,103.7210172,106.0571896,107.7982085,108.3452787,107.0566564,101.6474684,97.63786344,91.51464401,NA,79.34926659,92.45885948,86.29359328,88.66506553,101.4509529,98.12449341,98.64030548,99.38133783,98.79199959,103.8082275,99.47312062,98.71986702,104.5311108,99.1448789,103.7349902,105.7282901,103.001225,100.3990054,104.3336486,101.8024394,99.29828764,99.04962408,95.15577806,95.18635043,95.08763668,91.73005521,90.36896252,89.83869413,85.87398786,78.26381665
42.14858199,-70.41622899,2022-09-28T16:44:17Z,7.182052113,705.1694644,2,NA,Line_transect,60,99.52702437,113.5734815,NA,92.43225605,102.9587619,103.915644,104.4520492,104.5629344,108.3807924,105.8747812,100.9550527,96.17614259,89.46309229,NA,78.10766736,91.52696304,84.22822673,93.40756146,102.031278,92.06555707,98.0836897,99.54182466,99.64003776,98.78559788,99.34807713,100.6846688,100.537733,98.70387623,99.93762564,103.5901208,105.6337344,99.74522894,103.5919036,100.0050334,97.63551671,97.20883081,95.9501539,95.13914657,93.21846076,90.84498106,89.20581919,87.35993538,84.39883189,78.05266643
42.14906302,-70.41646603,2022-09-28T16:44:33Z,6.926126528,761.8266065,2,NA,Line_transect,164,94.20157575,112.6509805,NA,93.07230755,99.89908333,103.8198564,103.6887432,104.5091427,107.5281148,104.3036002,99.34107213,95.96584052,86.97387257,NA,77.14470113,91.81953289,86.5949752,92.28825229,97.55451778,93.76978905,98.49749959,97.39141393,100.6214255,98.50663415,99.3072003,98.90187381,100.1922286,99.65951942,99.31696842,103.7549064,103.8567198,99.32226865,99.75160937,100.9696949,96.98261511,95.4920637,94.20762651,93.83044647,93.19159364,90.69198929,88.40038955,85.08745128,81.16867569,76.49751773
42.14944096,-70.41667197,2022-09-28T16:44:46Z,6.784843288,806.8774745,2,NA,Line_transect,105,96.48665027,112.7235647,NA,88.75978578,100.1292993,104.8974793,104.2521704,104.446879,107.5461042,103.5322239,98.88041079,95.15803839,86.18755096,NA,78.66474971,85.34414286,85.26013739,88.81584237,98.76955566,93.02777572,99.69487715,100.232232,100.4195268,100.1241623,99.05246988,99.18591116,101.0448942,99.51566625,97.90736208,102.1970232,104.2956706,101.2584741,97.82510537,100.6436599,96.8982955,94.12804902,94.35594809,93.82746872,92.88384188,89.30204556,86.86035985,84.45305005,80.14715935,75.24029218
42.14988302,-70.41683198,2022-09-28T16:45:00Z,7.074334535,857.4985962,2,NA,Line_transect,58,99.55317803,110.4241285,NA,87.07430054,105.3980705,102.3249498,102.6270195,102.0041442,102.2928096,96.8956343,91.46157387,86.05687991,81.90632893,NA,81.71479222,80.33925606,84.03626822,89.39448614,104.9167418,94.41869669,95.49831913,99.90522272,95.73960333,97.4725788,97.501151,98.51114629,98.50585814,97.15465358,95.54063329,98.40239509,98.18098608,95.38340547,92.26024314,93.61609605,89.59387265,89.05890765,85.86975904,83.19258471,82.78403781,80.4605127,80.0996983,78.92469073,76.87400647,74.52624075
42.150238,-70.41693902,2022-09-28T16:45:13Z,6.054556396,897.6201328,2_3,NA,Off_eff_transit,58,99.87197623,111.2079225,NA,85.85527161,104.6620602,103.7922256,103.0547921,102.8098343,104.3100853,98.69265149,95.1803585,90.95161025,83.82157992,NA,77.24722901,81.82310636,82.54888134,93.67240294,103.6361819,95.82709646,97.14222095,100.9430824,98.02183148,98.75456948,98.44238522,97.56860496,99.1955047,97.86509481,96.69519544,99.76768771,100.5373982,97.91098516,93.61564391,95.27224449,92.3919428,92.72170974,88.84417139,88.18633704,87.42198404,86.77496419,83.35994278,80.93598938,78.90109816,75.95311739
42.15050898,-70.41687003,2022-09-28T16:45:24Z,5.424729531,924.5460441,2_3,NA,Off_eff_transit,58,95.75022979,110.7085116,NA,86.02082793,100.9694954,104.4441181,101.1762835,103.9109117,104.0200919,99.39630722,95.52427547,91.36501355,85.59207931,NA,80.38252869,79.47366307,83.05839465,91.00510358,100.0465684,90.54202069,95.96676972,101.4361226,99.97981991,96.86581358,95.52261982,96.70684279,100.8451831,97.98911141,97.90052061,99.60797567,98.90893002,99.20124372,94.21243157,96.18753285,92.8050584,92.52027677,89.95325147,88.98794973,87.74869947,86.38211079,85.30332155,82.77782572,81.02990025,76.63498719
42.150784,-70.41666401,2022-09-28T16:45:36Z,5.672731331,949.0409178,2_3,NA,Off_eff_transit,60,98.4644517,111.3012444,NA,90.00213842,103.1391527,102.0281833,104.9968553,104.2563422,103.4616343,100.4374858,95.85761909,92.26581485,85.04610342,NA,79.86955385,86.38258796,86.70878514,92.3681681,101.5823078,96.51426866,95.86912046,99.22784944,95.70319117,96.14670153,99.96381316,102.4464859,99.40078606,99.70408552,99.34174938,99.32418435,98.89206739,97.6960609,95.47034164,97.35384245,93.21916333,92.36310923,90.99910913,89.39969253,88.48427877,87.68713638,85.93771869,82.74514138,79.76774542,75.64141626
42.15095901,-70.41629797,2022-09-28T16:45:48Z,5.822855444,960.2696203,2_3,NA,Off_eff_transit,60,99.77010388,111.4904864,NA,88.59800858,104.346363,104.6197464,104.6091864,103.8369773,103.2045321,97.77228223,93.55896688,90.92249545,86.96159123,NA,80.73526595,85.88703616,83.37999244,92.89398044,103.8128879,90.78259526,94.97843183,98.30561075,102.8002177,97.03006443,97.54170269,102.595228,100.1420404,98.12634406,98.67181735,100.874612,96.79835113,95.90988111,94.24367876,93.29468427,90.77389515,89.98861561,88.4143717,87.6179159,87.24077412,85.60595384,85.3570391,84.35455882,82.20617626,77.63602756
42.15105398,-70.41586303,2022-09-28T16:45:59Z,6.612594763,962.8837701,2_3,NA,Off_eff_transit,106,97.83119682,111.7894679,NA,90.47247456,102.3504457,105.618287,104.58071,105.1951101,103.6218077,98.93582579,92.93750654,90.970176,85.15839014,NA,80.90655802,88.08892218,85.41213954,92.83716247,100.5950627,95.78698854,101.9412431,101.7927069,97.57004248,96.90822063,100.7600353,100.752883,102.7150842,98.09425428,98.99940005,98.70249164,99.38672386,98.40331413,95.89014303,94.56393196,90.35413632,89.35583779,87.40337276,87.44008895,87.35200547,86.05227162,84.82703139,81.78834359,80.80650094,77.52944703
42.151001,-70.41535903,2022-09-28T16:46:12Z,6.281756633,949.8620011,2_3,NA,Off_eff_transit,60,98.80276232,110.7765129,NA,86.45625777,102.3757795,103.4874871,102.5527117,103.8928816,103.8043982,99.4041717,94.23177904,90.81595544,85.82710707,NA,80.46262561,80.00820281,83.63193853,88.55085539,101.4396733,94.20707552,95.8363707,100.4427651,98.70149179,97.05794502,97.07684402,98.9317413,98.41293085,99.61412333,99.25215776,99.24399721,98.89114098,98.95624308,95.48910683,95.7223427,91.59640912,91.27771964,87.44763503,88.76173699,86.69118454,85.78800593,85.57220772,83.48610611,80.10655111,77.55333527
42.15104702,-70.41493197,2022-09-28T16:46:24Z,5.769248187,950.1676657,2_3,NA,Off_eff_transit,58,97.13274232,110.2945219,NA,87.73154424,103.6950122,101.4574908,101.150711,102.251644,104.4519409,99.01449778,93.06232162,89.6488715,84.26239865,NA,78.82913573,78.59024304,86.47858855,92.21301283,101.9478656,97.84688655,97.48840672,97.27489655,94.82873836,95.79565999,97.36013373,95.78697719,97.32662996,97.16872397,97.91032872,100.9226311,99.73578416,97.85112207,96.00063421,94.09740539,91.52083225,89.84646939,86.93243293,87.52344218,85.85350793,84.511389,84.0628603,81.70579004,79.10955713,75.71276807
42.15124098,-70.41456602,2022-09-28T16:46:37Z,5.551308031,968.5602027,2_3,NA,Off_eff_transit,60,96.42414307,109.8157325,NA,88.41775329,101.5694949,104.1659174,103.8208449,101.1210845,100.0805034,97.49375309,91.18282855,85.94598252,80.52651931,NA,76.90191388,78.6275318,87.57973501,93.10666978,100.2276995,92.47988862,99.02758353,100.9260605,97.57884874,97.26976804,99.35149206,100.0679893,97.38530689,95.22633632,96.1667397,96.29031564,95.52118622,93.7388919,93.51492054,93.40523452,90.71331261,87.55751644,86.5316591,84.67259917,82.80056239,80.3489121,79.74280882,77.00448577,75.72080771,74.0460461
42.151447,-70.41443601,2022-09-28T16:46:46Z,5.468641545,990.5112579,2_3,NA,Off_eff_transit,115,98.74745008,110.0766715,NA,86.92496865,99.05086447,105.3689274,101.5623585,103.3049005,102.2523005,96.67996704,90.63190798,85.52300008,80.46575512,NA,81.31618276,82.92748341,82.06773591,90.23527945,97.540407,91.15681535,97.83168139,103.6537934,97.12866821,96.04927397,95.70105355,98.18681589,101.107616,95.18335683,97.16003861,98.59083224,97.04032633,96.54101956,93.14189858,91.1707755,91.08862209,88.19174494,84.44234995,83.40562476,82.6259321,79.62154558,79.13723256,76.56219807,76.03179633,74.13377751
42.15164901,-70.41442101,2022-09-28T16:46:56Z,4.377857861,1012.76649,2_3,NA,Off_eff_transit,58,95.3612845,110.1613351,NA,85.3467856,103.6161591,102.5050848,102.1323737,103.0071671,103.0229447,96.65237963,90.69821733,85.10723029,80.46900994,NA,77.44557788,81.14751536,81.95174823,97.60606444,101.3868446,95.40271967,94.60211012,99.56069137,97.69396549,96.00599527,97.98974219,97.82342766,100.831648,94.79649075,96.86411843,99.05636608,98.89516739,96.29147469,92.4585343,91.22831686,91.86979719,88.0424976,85.12961807,83.25198443,81.8407901,79.54171551,79.10427705,76.96316553,75.66928246,73.94748373
42.15197397,-70.41448999,2022-09-28T16:47:11Z,4.745508168,1049.098053,2_3,NA,Off_eff_transit,318,96.40101698,114.9294278,NA,90.03723869,101.3907042,104.5926527,108.2883476,108.1408538,109.9540472,104.5691145,97.34670314,92.25116658,83.7545267,NA,79.34109553,87.52605622,85.52623252,95.50824434,98.20765174,95.56407052,99.77238539,99.56001631,100.1138608,103.212334,103.0391817,104.2063743,104.0733822,101.9076812,103.8225425,106.3399666,104.4823347,104.4444646,100.9812183,99.28799222,98.81563408,94.4817792,92.15206293,89.9141591,89.8247169,86.02224441,85.03327999,81.87556433,77.4758065,74.38546616
42.152195,-70.41445202,2022-09-28T16:47:21Z,4.821439984,1073.334867,2_3,NA,Off_eff_transit,142,95.81194053,115.5849333,NA,92.66212738,99.27030415,105.9571191,108.2086728,109.7392206,110.0875739,105.7012953,99.7400131,94.24362236,86.43384599,NA,84.09854708,87.90821511,89.87310176,91.66619102,95.75949132,95.07740557,100.0910061,100.1663453,102.7455866,102.0391584,104.1968919,103.7885327,104.5220317,103.2995494,106.4804257,106.9311193,103.4036498,104.8870339,102.3740257,98.77756326,100.9143955,96.27102117,94.80092295,93.34635651,91.25439581,88.81184856,87.49194105,84.7059878,80.26121474,75.82105189
42.15237396,-70.41418497,2022-09-28T16:47:31Z,5.774874697,1091.936253,2_3,NA,Off_eff_transit,129,96.34013913,114.9786389,NA,93.58717819,103.2541716,106.2712556,108.1745514,108.6192454,108.9690317,102.9795191,98.2190397,96.02848603,90.09970508,NA,82.24434588,89.25886362,91.04943745,95.73286487,101.0483181,96.70387494,102.041469,101.6035399,100.7588881,103.5091413,103.1592531,103.5316754,104.8921178,102.5007731,103.8260154,104.5220888,103.9658409,104.0855905,100.0438522,96.52503621,97.21365725,94.04251065,93.09441766,93.13920637,93.09446176,89.75042373,90.10291924,88.05494951,84.64049416,79.69077313
42.15240103,-70.413887,2022-09-28T16:47:40Z,5.350926125,1094.124026,2_3,NA,Off_eff_transit,96,98.60925622,114.1229343,NA,93.04722938,103.7982908,107.1996919,106.6976738,106.2671292,107.7221225,102.5011768,99.22000599,96.09830204,91.52565523,NA,79.58331459,87.04381125,91.52275811,93.41247715,101.6420089,98.56725403,104.3359235,100.7941128,101.2488741,100.8360849,103.1160226,101.5022414,101.0184315,101.1421865,102.2233302,102.8529089,103.2478878,102.7351758,98.2593469,96.49377654,98.21469962,95.31057032,93.80105074,94.08228021,92.26312379,90.56974649,90.96264106,88.98637259,86.9258999,81.34682115
42.15228997,-70.41356698,2022-09-28T16:47:50Z,5.668452964,1081.555499,2_3,NA,Off_eff_transit,257,102.4200827,114.0820839,NA,90.75460327,102.8168311,107.5501099,108.9464531,104.9592045,105.5094757,103.3352424,98.4822253,95.65900479,90.55055473,NA,78.4973682,87.31949891,87.6310033,96.78170183,99.33445074,97.62172222,103.6668708,101.7839096,102.681788,101.840182,106.4866226,102.7072957,101.7104507,98.36433601,99.84017107,102.2427735,99.65003058,99.81044923,97.28861611,97.50700992,100.2387208,95.1192633,92.3903157,93.15191444,91.87998962,90.52176542,90.04791414,88.57630452,85.05660959,79.74442318
42.15205402,-70.41335299,2022-09-28T16:48:00Z,6.152425248,1055.588164,2_3,NA,Off_eff_transit,65,100.3717131,111.8855179,NA,92.93318629,104.4119087,104.4678945,104.9467688,103.3548614,104.384343,100.0163555,95.5055873,93.52602572,87.88619721,NA,71.39539414,91.22528068,87.95921184,93.35012224,103.0991912,97.02564652,101.723087,98.97859614,97.16178166,100.5380164,99.94898477,100.0153862,99.3362254,98.19461982,98.10902995,102.0764255,96.59804014,98.28920648,95.36970354,94.3352638,95.88942323,91.62798154,89.03211519,91.13172597,89.93723222,87.5592552,88.42895961,85.93430272,82.29799281,77.22324263
42.15186702,-70.41339104,2022-09-28T16:48:08Z,5.115279086,1034.802582,2_3,NA,Off_eff_transit,65,101.9068408,111.9610654,NA,92.30153534,105.5104075,105.1654898,104.3973854,103.1359335,103.9799394,99.14548868,94.84944545,93.27866749,86.25088716,NA,80.73731921,88.6013731,89.3230904,97.06664219,104.0522333,97.03660944,101.4228669,100.333647,99.12529299,98.89029196,99.48023402,100.3776639,98.77455714,98.22843018,98.05855595,101.2142082,97.53919214,97.85539718,94.39843113,94.20999514,94.50915033,89.98353443,89.05608509,90.98180616,89.72490046,87.89452157,87.58190986,84.44156326,80.16814744,75.99485554
42.15158103,-70.41362003,2022-09-28T16:48:21Z,5.535888684,1002.955849,2_3,NA,Off_eff_transit,70,99.33463431,111.8543273,NA,94.44472307,104.9893434,104.3826451,103.6759667,103.5015432,103.9582717,100.438239,97.42713629,95.62532736,88.11156085,NA,80.7561123,92.93637656,88.43528772,95.48452137,103.3597372,98.01680584,101.1314097,98.84353544,98.3214085,98.64217279,98.42238024,99.56351746,99.06800927,98.92189987,98.14567431,99.77043708,99.25844096,98.4280955,96.45764309,95.65064123,94.72010613,93.29302223,91.65922304,92.85565873,91.80238144,90.76205842,89.75807738,86.22220897,82.15462936,78.07092791
42.15123704,-70.41375699,2022-09-28T16:48:33Z,6.467510636,964.9135883,3,NA,Line_transect,106,100.6002884,112.0888188,NA,92.14517305,104.4224994,107.1705856,104.7176956,103.7087098,101.5190605,97.88431599,95.6499087,94.20659129,87.17208174,NA,79.95015332,90.24062728,86.83891736,92.88369557,103.1937799,96.88397369,104.5081953,102.3274433,98.32467167,100.8151213,99.76895067,99.07739934,99.49288096,99.91404531,96.80100594,96.96704738,97.62526304,95.34729941,92.90606524,94.49043954,91.39554053,90.61230713,90.29673004,91.61553983,90.58585773,89.59826038,87.62075463,84.15769305,82.60904612,78.95522717
42.15077603,-70.41393997,2022-09-28T16:48:48Z,6.932400203,914.1702097,3,NA,Line_transect,92,96.09743351,111.2434404,NA,96.44996248,97.89465315,106.8220971,104.5749886,103.2611415,101.6822348,97.53193318,93.04704498,91.98117358,87.82506475,NA,80.27047239,95.95457059,85.67726937,90.520455,94.53403138,93.4054193,101.6347486,102.5191282,101.952174,99.71063798,100.3085339,99.33639021,100.4270411,97.88924541,96.0262565,97.08612038,96.60946874,97.02223274,93.01246275,94.49417842,89.2906634,87.6909134,88.23284708,88.82906379,88.84331041,86.52618274,85.59275116,84.08765779,84.26626391,79.17328564
42.15037898,-70.41400904,2022-09-28T16:49:01Z,6.663704164,870.406126,3,NA,Line_transect,172,99.79423069,111.8443397,NA,93.31676161,103.8345039,107.37104,104.2925734,102.8710469,101.6259448,98.60784748,92.82803026,91.2328295,88.35553238,NA,76.28659293,92.45480417,85.36348477,95.0010765,101.6280155,98.10814835,101.9137409,100.6397251,104.387728,99.92940875,100.043355,98.40749577,100.1837673,97.67960221,94.87961409,96.8188385,96.84035561,96.90454406,94.22282205,95.34296398,90.75986911,88.26748317,87.96106325,87.93394382,88.51324283,85.3681501,84.37668885,86.00262036,83.44119155,78.16737745
42.14991001,-70.41406201,2022-09-28T16:49:15Z,7.273880206,818.6991811,3,NA,Line_transect,60,97.13837349,111.2240113,NA,97.50515837,102.0262517,104.5040472,105.1508474,102.9919885,102.2037999,98.8805207,94.25705404,93.48555869,89.30874397,NA,78.07595608,96.60350752,89.9621059,94.98467576,100.2830801,93.26408889,100.822144,97.74272618,100.0772006,100.4494692,100.3521,100.3364699,100.2575359,97.32557195,95.91385696,98.43413677,97.54228279,95.97592347,95.25179492,95.24835329,90.12123509,89.26107628,89.21976653,89.93854179,90.11100265,87.12738586,88.38405045,87.4536285,83.16644573,79.50184226
42.14945999,-70.41412404,2022-09-28T16:49:29Z,6.991840017,769.2054046,3,NA,Line_transect,138,97.99264091,111.8541771,NA,97.11669751,101.5251725,106.5375071,104.9411286,103.8667797,102.714769,99.12863944,94.63726254,94.06404597,89.73461795,NA,81.43997858,96.28303451,88.80751546,94.95386478,97.99021766,96.79722774,100.0751093,104.1871509,99.37336084,98.52835323,100.7756124,100.83354,101.172802,98.30205677,96.52800941,98.89859182,98.04676381,96.57674124,95.89080746,94.64069462,91.42600962,90.79664106,88.74348425,89.81718099,88.51440382,89.5247804,89.74306939,87.14985174,85.23894439,79.43627671
42.14910099,-70.41415396,2022-09-28T16:49:40Z,7.075562687,729.6928593,3,NA,Line_transect,138,96.98825277,112.3102403,NA,94.37396051,103.1655751,106.5816307,105.823362,104.1043694,103.1018901,100.0283657,94.34979018,94.61539861,90.60491718,NA,81.6699134,93.15592216,87.1823263,99.12408632,98.93244828,96.75210726,101.3246193,102.5905973,101.3962482,101.7873276,100.6296671,100.6341808,100.3828501,98.68754211,98.70192847,99.95370606,96.68332204,97.68850625,96.257019,95.74474098,93.19713142,90.39387966,88.85981424,89.33759606,90.59269238,90.26424724,88.35891992,88.66567674,85.06843635,79.67217271
42.14862398,-70.414146,2022-09-28T16:49:54Z,7.373342524,676.9973804,3,NA,Line_transect,138,102.1408404,113.4660403,NA,101.192944,105.2730543,108.8104141,104.1296678,105.7763003,102.616343,100.2035046,94.82174898,93.87797896,91.17540824,NA,84.38271301,100.1809852,93.9116439,98.73631606,103.3217158,96.73268686,104.1477658,106.3227424,98.55502973,99.38959825,99.79769917,98.83461637,100.6747266,101.3115393,101.0056739,99.89702841,93.8543814,97.83250769,97.02540128,94.74479242,93.90345376,91.86768311,89.32973734,88.06717719,89.4522116,89.38493388,88.4063842,89.12407248,85.80939049,80.50968926
42.14825802,-70.41419202,2022-09-28T16:50:05Z,7.230228809,636.9191977,3,NA,Line_transect,69,100.6612091,113.5994509,NA,97.96165223,106.6388321,107.1660426,104.4173757,107.3551783,103.165066,101.4421316,94.58733258,95.22835876,92.15428064,NA,82.22184406,96.68130394,91.55351592,95.54591274,105.7020596,97.29356263,103.3949482,103.5138352,98.89927422,100.3525451,99.45229069,99.02652314,101.3297678,104.3070992,101.4138886,98.73342171,96.77909921,99.29003985,98.74806435,95.99276218,93.92409289,90.31448764,89.0936035,89.95151363,91.0566824,90.33033901,89.90564943,89.84645434,87.35655634,81.23440194
42.14783097,-70.41421498,2022-09-28T16:50:17Z,7.706797819,590.0561609,3,NA,Line_transect,172,101.9348169,114.2653533,NA,96.23516047,106.2126055,108.395001,106.0248631,107.8346887,103.5260116,102.4343125,96.58093643,96.42745516,93.2701823,NA,75.32400599,93.17397859,93.20497963,94.21762465,104.9652159,98.91907284,103.0221213,100.4303847,105.7986624,100.0388352,102.3698074,101.0352487,102.8212504,104.8094139,100.5407855,95.36617993,99.70600525,99.88370349,100.810996,95.65478151,92.51847203,89.72382174,92.6615967,92.47182592,92.10813981,91.9722939,90.76703865,91.07677984,88.00432386,83.22978899
42.14731598,-70.414276,2022-09-28T16:50:32Z,7.4577643,533.967634,3,NA,Line_transect,138,100.1704853,114.2656847,NA,101.5267622,107.1173358,107.4684718,106.471257,106.4233942,104.5199263,101.1448672,98.38481085,98.01772234,94.24205315,NA,78.11956068,100.8418748,93.02915791,99.4494345,104.0932703,102.3090256,100.4970381,104.4111755,102.3048939,101.1718134,100.6757612,102.9209725,103.0959164,102.3662114,97.95590552,97.79669261,97.80704267,102.1104189,99.14672577,93.66746987,93.93278557,92.13403093,95.0734472,93.10348054,93.78003569,92.86852967,93.0357968,91.70130065,89.38071863,84.90245204
42.14695003,-70.41428396,2022-09-28T16:50:44Z,6.59976848,493.9544268,3,NA,Line_transect,60,104.2162402,115.1964195,NA,98.03955788,108.3542149,107.8869468,107.2138837,108.2848602,105.5828596,102.0585688,99.86424691,99.35860839,95.97355832,NA,81.71865224,96.4192655,92.63445302,100.6950829,107.1285343,97.07372576,102.1190159,104.4418296,102.399583,102.0284632,102.6894803,102.5815388,104.8044789,104.9139698,97.88155927,96.97552219,99.91794693,103.2976891,99.39253168,93.63429855,97.04186134,92.57777677,96.81361407,94.88622684,95.35642967,93.74175115,94.51385802,93.17595893,91.51464645,86.64486963
42.14649204,-70.41432998,2022-09-28T16:50:57Z,7.644450616,444.4363318,3,NA,Line_transect,60,104.7551853,116.1636737,NA,100.2566345,108.1745588,110.3965175,108.1424899,108.452552,106.8648151,102.5681032,99.85120882,100.3264959,97.15077436,NA,80.83321656,99.10166451,93.72204912,98.3065864,107.2036276,98.05347724,102.5016753,106.3137364,106.8999383,102.9782597,103.1606881,103.9168517,105.8190376,104.248173,97.19605646,98.1848288,101.9031363,104.2323662,99.19137553,94.70414725,98.33063232,93.49103904,95.46365598,95.92235206,95.55658331,95.93778303,95.13438085,94.42580257,92.68514697,87.50164909
42.14596197,-70.41436804,2022-09-28T16:51:13Z,7.178926677,387.4016105,3,NA,Line_transect,60,108.4369729,117.7418435,NA,98.98448878,112.3043423,110.5153902,109.6220733,108.7052824,108.8690307,103.964968,101.5976268,101.848001,98.03789163,NA,82.64334182,97.41682617,93.45261235,93.64563743,112.031531,99.04985798,104.3658891,106.9571516,105.520191,104.935618,104.8052851,104.8104208,106.7267427,102.7488444,99.20506544,102.9378789,104.4587839,104.6961982,98.88195047,100.0138943,98.5459382,96.24849386,97.1611887,97.01534756,97.5305249,96.75148414,96.90871093,95.37566234,93.5086863,88.28446798
42.14543902,-70.41437499,2022-09-28T16:51:28Z,7.544348073,331.2955766,3,NA,Line_transect,60,113.3570423,120.3221015,NA,99.41373691,115.8348966,113.7680427,111.9203869,108.9749753,110.859957,106.1275831,102.6116985,103.3108771,99.80719715,NA,80.69183229,98.5065173,91.84654455,98.73415292,115.6214816,100.3768853,111.8052581,107.0010031,105.6175492,105.9627926,108.7247443,106.1893384,105.5186063,103.8496425,102.8054779,107.2799546,106.0750591,104.4618178,102.051394,102.4494631,98.68228432,96.04623042,98.79020683,98.23064889,99.15789156,98.04523151,98.33798541,97.03316827,95.39212041,90.22999646
42.14503502,-70.41440601,2022-09-28T16:51:40Z,7.29683428,288.9711565,3,NA,Line_transect,60,113.0142237,120.8782791,NA,101.6838253,115.3997857,112.2080523,111.7911276,111.599076,113.9180227,108.6211656,105.3025583,105.1528881,101.6927209,NA,79.85574526,100.1042477,96.43099449,96.6433258,115.1896956,100.7028347,103.0052862,109.4789603,107.6038772,108.4192368,106.4568585,105.7206002,105.9642737,106.6890499,107.662115,112.0161442,107.5001008,104.9382974,104.3740054,104.0745903,102.9810128,100.6624918,101.2685315,99.4763966,100.8404347,100.1044471,100.1608556,98.87866018,97.241753,92.41326872
42.14463796,-70.41442897,2022-09-28T16:51:52Z,7.166472108,248.1014446,3,NA,Line_transect,60,111.5028062,121.6224662,NA,105.3269467,113.74369,115.3306714,110.9729389,115.275389,112.0015055,110.0648077,106.8209136,106.8686545,103.3976262,NA,81.5737628,104.3627621,98.2246224,98.61941364,113.4096039,100.1096801,111.3547107,111.1036407,108.7913181,108.3214284,104.5862604,104.5360288,105.8909117,112.1429047,111.2812465,107.0998372,108.5412037,105.5376916,107.6627295,103.9490459,102.6236507,101.8689302,102.8391642,101.299822,101.7674898,102.3744082,102.1290678,101.0049841,98.44385801,93.56680006
42.14425298,-70.41442897,2022-09-28T16:52:04Z,6.942064555,209.1362689,3,NA,Line_transect,60,111.1660923,123.4914925,NA,106.192319,115.2817989,117.3484485,111.4130097,116.6178859,115.4041992,111.8037733,109.4969192,109.5645656,105.6077276,NA,88.26313361,105.5550627,96.997379,102.6591433,114.8782264,100.6056377,113.6558726,113.0639657,110.3549586,106.0581424,105.0013347,108.2264384,112.6082018,112.1530437,110.5110029,109.794669,110.2121778,111.6638061,106.3093054,107.5628469,107.1335964,105.0404268,105.0470231,104.0099268,104.6504505,104.8525538,104.8735785,103.186479,100.8273053,95.3731263
42.14381,-70.41442101,2022-09-28T16:52:17Z,7.374134178,166.351703,3,NA,Line_transect,60,116.8265411,126.5604743,NA,109.9527073,119.6427291,116.1115148,116.1112282,120.3285045,118.803697,115.5883068,112.9320398,113.3988314,108.8635649,NA,89.18666852,108.9045221,103.0925015,105.8976248,119.274973,105.5506565,111.7531104,113.3229135,106.4151256,110.7788968,110.876663,112.2121506,115.2522228,117.7411725,111.7314455,114.9521118,112.9140971,113.9940583,110.8029383,110.9820242,110.6603299,108.8983523,107.7665649,107.7114011,108.0585387,108.601873,109.1534966,105.9272831,104.6207096,99.46862095
42.14338697,-70.41445202,2022-09-28T16:52:29Z,7.639451928,131.4971694,3,NA,Line_transect,60,121.0149442,130.9228202,NA,115.8049212,125.6421624,120.1271661,121.434966,124.2507454,121.6320227,119.2116402,115.7317559,116.5177587,110.9349864,NA,94.17589776,114.939272,108.2064836,103.7421178,125.4962847,109.8869349,116.0592037,115.8624013,113.8102665,114.4375184,116.3450187,118.342337,119.4449863,120.1215033,118.7666646,116.3379718,116.9360687,117.2586924,114.5210801,114.431447,114.3673822,110.938163,110.9979145,110.9453069,111.8118889,111.6942586,111.7326613,106.3520487,108.1614489,101.8651126
42.14298598,-70.41445202,2022-09-28T16:52:41Z,7.23076125,105.7907161,3,NA,Line_transect,505,121.9641772,132.4462282,NA,115.6530708,125.5115796,120.2532794,123.6274547,127.6743412,122.5644248,121.1143339,118.379911,117.0241346,111.0730551,NA,94.11599188,115.3290302,103.7740596,108.7515237,125.351621,107.2943771,115.7493539,114.4333892,116.0929965,116.8820678,119.8341754,119.3201576,120.9839247,125.1423918,121.2443829,117.8738693,117.1109998,118.3109993,116.8376233,116.1504139,115.994214,113.0286681,114.5871891,113.0154397,112.1993942,112.5415225,112.0005215,106.0432581,108.7305005,101.1943564
42.14242204,-70.41447398,2022-09-28T16:52:57Z,7.630018595,97.9075898,3,NA,Line_transect,69,115.1011603,127.9660988,NA,114.678826,119.4458045,115.4411338,119.3917988,121.3913054,120.4719843,118.4544366,114.8508191,114.7510654,108.4215064,NA,89.78622596,114.2031172,104.7008602,102.7423414,119.2506731,102.9818229,110.7120016,111.9260225,108.8314549,111.5689059,114.1803154,116.664902,115.5637874,119.2712628,112.3561835,116.8314989,114.0304844,115.7947673,114.8181704,113.1336617,112.8224473,110.5863057,109.6948326,109.9070012,111.1213699,110.0754192,108.2865564,105.0439974,104.683599,99.12802446
42.14193304,-70.41446703,2022-09-28T16:53:12Z,7.054617001,119.3266507,3,NA,Line_transect,60,112.3663623,124.6867812,NA,103.8896567,115.5241045,114.24646,112.1945867,119.4308904,117.6721374,115.4181963,112.1359686,110.990524,104.6736356,NA,89.28011839,102.3997545,97.96880876,101.1976044,115.2382035,99.80278068,105.8991142,111.9280797,108.5170356,105.5497992,104.5312495,110.0635507,114.1433784,115.8210441,113.7203651,112.4261099,114.0140006,111.9934436,112.0768122,109.3143097,110.0638287,106.8809906,107.485572,107.6877266,106.9497936,106.078084,105.5074822,102.2657252,99.97500348,94.05163902
42.14148704,-70.41445898,2022-09-28T16:53:25Z,7.424413006,153.6493893,3,NA,Line_transect,504,116.3022188,125.3083677,NA,105.6668515,117.7873159,114.382362,112.8242621,121.8387504,115.1532727,114.1780163,109.5347923,108.4019521,101.9935186,NA,77.28349196,105.3991153,93.32619829,97.95767757,117.6597606,100.4692324,107.8722611,110.1796415,110.3669472,109.3233921,106.0433648,108.1842281,110.5596118,120.6097727,114.1935075,109.8744371,111.7970525,108.9863644,111.2728426,108.894289,107.0001669,104.6741105,105.1163488,104.4752806,103.8633193,104.0690309,102.867314,99.73130308,97.22315909,90.60360947
42.14110902,-70.41448999,2022-09-28T16:53:37Z,6.829158511,189.3241942,3,NA,Line_transect,60,109.5764438,122.4723011,NA,100.7931751,113.2785828,111.9344844,113.213065,114.8072822,117.5223055,112.748172,108.0737886,106.7169288,99.70296389,NA,80.00922474,100.2594385,91.09905764,98.29418118,112.9549353,99.30752781,108.259092,108.1094708,103.8802181,107.6706719,109.5817129,107.7997987,107.8710091,111.0540721,110.5607714,115.5939578,111.7650336,107.203353,108.0257559,108.5494734,107.2598466,104.005007,103.1692802,102.6205652,102.957945,101.9633151,100.5995059,97.36160143,95.14175977,87.95655962
42.14074298,-70.41445202,2022-09-28T16:53:48Z,7.221850401,224.1445911,3,NA,Line_transect,103,102.7206889,121.1076325,NA,103.2082756,108.0746515,110.9370909,112.5935871,112.4831551,116.1593684,113.2940234,107.5607665,104.9425657,98.5854129,NA,84.15360483,103.0809581,85.37220717,95.4650275,107.38131,97.74655316,107.4381192,103.2739865,106.7570124,106.8488357,108.1823474,108.2927793,109.3654194,105.8241142,107.2018661,112.0481747,113.087667,106.9139498,110.9263517,108.2791893,103.5105091,101.9822075,103.4911005,102.7648419,100.8000441,100.4905037,99.02486078,96.30016787,93.93361922,86.81533487
42.14041902,-70.414505,2022-09-28T16:53:58Z,7.061435745,258.4123675,3,NA,Line_transect,69,109.4516325,120.736926,NA,100.0385564,112.2404875,113.8920165,111.4112733,110.8053133,114.9858525,110.5535807,105.9709177,104.6184112,97.891885,NA,83.04343624,99.58341141,89.04338777,96.80391938,111.9283562,98.34181284,106.3950478,111.6418882,107.4408451,105.1446831,105.647656,108.3881621,108.4997586,105.5337649,101.4065602,109.1131646,111.3767179,109.8393776,103.8649271,108.2586816,103.4785518,101.6584646,101.0839063,100.8134279,100.8855094,99.95121013,98.33328526,95.81120451,92.81687535,86.33311876
42.13997302,-70.41449703,2022-09-28T16:54:12Z,6.894085612,304.639818,3,NA,Line_transect,69,103.5888333,118.0325333,NA,94.46623093,107.4428686,107.4464348,108.7688496,110.5624531,112.3657074,109.7200023,105.3625938,104.4166145,96.5312795,NA,78.16121168,92.86054061,89.02472055,98.05420091,106.3686769,97.61365672,101.6699209,102.9371412,103.2612893,101.3928659,104.9916632,104.7671988,107.3866538,107.0008582,99.50019387,101.9483847,108.8522821,109.0295493,104.2824387,105.2175866,105.2765623,101.4614095,99.75375696,100.3850589,101.0856135,99.11057054,98.23464488,94.62356361,91.32372224,83.85696466
42.13957597,-70.41448999,2022-09-28T16:54:24Z,7.160332873,346.5666873,3,NA,Line_transect,138,106.5109192,118.4929848,NA,100.6208844,104.8797034,111.2525592,110.170126,111.5361049,111.0472262,110.0913275,105.2475497,102.832422,93.96908621,NA,80.77405193,99.75221065,92.94897249,95.86611677,102.8831768,98.73645425,102.3077926,109.9272287,102.571858,104.6471849,103.1812119,107.326904,108.7107442,107.3243275,101.4963351,100.743151,106.0109826,108.7789623,107.3020987,100.3913402,105.7348757,99.27441309,101.6816087,100.1231782,99.1538606,98.65432636,95.60158063,91.65645422,89.13605501,83.22449631
42.13908403,-70.41448203,2022-09-28T16:54:38Z,7.604087143,399.1772175,3,NA,Line_transect,60,107.4254123,117.5102288,NA,93.32026094,110.2831388,108.4478606,107.1344789,111.5889556,108.369372,109.1190481,104.319797,99.9817624,91.84224615,NA,81.21382376,87.79514793,91.50396215,95.04452386,109.8678908,98.15444247,105.4666423,103.3851878,101.1182526,99.38633314,102.0611934,104.3037862,107.7671731,108.5154345,101.2476545,97.714936,100.8287499,107.0488536,105.9385089,101.4265559,104.5485734,99.62484963,100.6114439,98.03050446,96.89224173,94.66306465,93.3098798,89.75973097,86.81783962,80.0679773
42.13891597,-70.41460399,2022-09-28T16:54:47Z,4.588553026,419.188775,3,NA,Line_transect,106,104.0380673,117.8752,NA,98.48650006,109.4204926,110.9005912,107.6996729,111.3718501,108.3873124,109.2550973,105.0198427,101.1136378,91.66826369,NA,80.86095513,98.01478796,87.81371455,95.69413459,109.012656,96.1629949,107.7147325,106.5329259,102.7762914,100.578891,103.0247532,104.3755072,107.8506816,108.0033427,101.152448,101.0710441,100.456184,106.5395343,106.0396185,102.4498416,104.2298654,101.0720524,100.9836248,98.07930848,98.25214808,95.87156508,93.74969057,89.62019429,86.5027046,80.21667933
42.13631096,-70.41505401,2022-09-28T16:56:09Z,6.930454787,708.4406152,3,NA,Line_transect,103,98.42616071,114.8134183,NA,95.01776513,101.8157648,108.4834697,105.7320961,107.5236055,108.6443292,104.6107216,101.1569584,96.13970109,88.74835929,NA,78.93940299,91.29938187,92.42575362,90.05452522,100.2282795,95.60901765,105.184228,104.6170846,99.33414429,101.8177498,100.9852866,99.8609269,103.0908405,103.4693205,101.4415788,103.1177838,104.8478896,103.4539924,101.5970206,99.54553877,97.37245345,96.91837357,96.25812036,95.9208278,93.10773057,90.89025106,89.23414238,86.61220407,83.68815416,77.59306412
42.13711898,-70.41606897,2022-09-28T16:56:21Z,19.91209398,642.1517679,3,NA,Line_transect,126,99.09746035,114.7123347,NA,96.25537853,104.8399796,108.1227452,107.0454646,106.3165118,107.6308093,104.8275321,99.92250734,96.052003,88.29028229,NA,82.75333229,94.9894867,89.44013349,97.08835839,102.3645755,99.09934889,99.34158696,105.9366454,102.3241173,102.9325695,102.1818808,101.6059325,102.8334611,101.4695996,99.81891859,102.6735602,103.6594726,102.1008483,100.9667924,101.3760052,96.20180705,95.25389744,95.33690296,94.84745395,92.45092045,91.36029121,89.55645118,86.36786693,82.78656868,77.10254325
42.13402203,-70.41406201,2022-09-28T16:57:36Z,9.913414694,952.3947893,3_4,NA,Off_eff_transit,106,107.2821062,117.3296186,NA,94.99146456,107.8685534,112.7432183,108.3298479,108.6552843,109.3274431,105.7806605,101.0922733,99.6753028,90.530663,NA,77.73624795,93.63558975,88.95959711,95.3789055,107.384027,94.78816857,111.1381333,106.0045089,102.6144949,102.6574037,104.7923602,102.8978924,104.4002471,103.1387064,104.0187694,103.6436428,104.7338028,105.1548439,102.2035565,101.3017016,98.89056995,96.37999015,95.87694366,96.66953144,96.29002529,95.11863993,92.48894343,88.61782363,85.15728811,78.73103901
42.13404098,-70.41372699,2022-09-28T16:57:47Z,4.901465996,949.5865202,3_4,NA,Off_eff_transit,137,104.6100096,116.3664441,NA,92.65952055,105.4882758,110.6899903,108.2566669,109.1917933,108.7358235,105.2347367,100.6679059,99.04616636,89.65358157,NA,80.01137401,87.74049817,90.60769276,96.31532254,104.1547915,97.05394298,105.8614812,108.5047725,98.91307226,103.0641986,102.794018,104.4183539,105.6452741,103.9026077,103.3784311,102.9883865,103.3708851,105.20015,101.572879,100.8285072,98.39653504,95.49305287,96.01529328,96.15412724,95.82526797,94.07333103,92.17334668,87.39873168,84.85464124,78.33360082
42.13409001,-70.41333798,2022-09-28T16:57:59Z,5.276564099,944.3433595,3_4,NA,Off_eff_transit,106,101.8371258,113.3482587,NA,94.41859057,103.4627484,108.7067661,105.9887218,104.6033,104.703143,101.3570402,95.71554762,90.91227025,83.33595133,NA,80.35928041,86.87881808,93.36464424,95.12139856,101.6498669,96.35761389,106.0568463,102.8894664,101.6017303,99.83313135,102.6010629,100.7492411,100.9393799,99.09434995,99.2063195,99.87483493,97.77095946,101.4088842,97.84433673,96.45758202,94.9929166,91.57690774,90.94436279,90.20362209,87.2912583,86.62782346,83.76160192,80.96831987,78.02854487,74.32713235
42.13408699,-70.41301704,2022-09-28T16:58:07Z,6.438084941,945.6584286,3_4,NA,Off_eff_transit,106,107.8020012,115.3373949,NA,94.82792913,104.2250668,112.8119612,105.999665,104.9168183,104.9104369,101.5821243,95.78495165,90.11519508,82.47682243,NA,81.98528486,85.71875735,93.99386191,98.68814191,100.0740504,99.48905437,111.1305678,106.9687507,100.6360765,101.5948732,101.8073552,100.0898465,100.0569253,99.9521157,100.4141534,100.7807417,98.60642688,100.701403,98.11185294,96.2864178,95.64472228,91.87118305,91.4670707,89.28550297,86.97993529,85.25837187,82.84184139,80.1110704,76.84730585,74.13362566
42.13412496,-70.41261303,2022-09-28T16:58:17Z,6.534913812,943.7555324,3_4,NA,Off_eff_transit,106,101.602784,114.6252905,NA,93.29786283,103.5789095,108.873587,109.4146147,105.4808622,105.5572512,103.477716,97.29369362,91.24648806,84.12377512,NA,86.5339913,87.18945707,90.65647623,95.47649839,98.97491694,100.5580527,107.4102567,100.8555559,99.95310039,106.1263921,104.4642113,102.660215,100.4783108,100.5201499,101.1020832,100.8819003,98.88459222,102.0318711,99.77149691,98.14546641,97.96622168,93.59838753,92.85762813,90.57511937,88.27426507,85.9831116,84.2126308,82.0748449,78.37856933,74.52762715
42.13417098,-70.41216996,2022-09-28T16:58:30Z,5.52249133,942.5655066,3_4,NA,Off_eff_transit,136,101.9155856,114.5616697,NA,92.67690817,104.4286276,109.8456141,107.1554086,105.4855099,106.6224667,103.0246909,97.07342834,90.72166584,82.21191382,NA,82.99851444,85.70228076,91.07557313,91.86192416,97.87517526,103.022949,104.9983682,107.4120965,99.90752229,104.0672129,100.7148233,101.656856,101.0178189,99.75416984,101.2295152,100.5301674,100.1902904,103.8380809,99.79040801,97.22262567,97.21154033,93.06061211,92.78769087,90.6965289,88.38056992,85.0197592,82.41449346,79.46342191,77.05416781,74.35991395
42.13420903,-70.41195698,2022-09-28T16:58:38Z,4.394271453,940.7628993,3_4,NA,Off_eff_transit,132,105.3935451,116.0856326,NA,99.16701321,105.4685408,112.0743005,108.0353431,106.2182617,108.0166194,103.6905986,98.52482755,92.47341425,83.51247305,NA,84.1829664,97.480759,93.79151167,95.70493771,102.7461618,101.0331854,108.0164953,109.335811,100.8169857,104.8474032,103.3621457,100.5662291,100.9034715,101.2647492,102.0869639,101.8982405,101.3074421,105.3583812,99.48671589,98.57931653,98.63106651,94.94891108,93.45418971,92.50302597,89.71669367,87.52430543,84.23378503,81.23405992,78.01402689,74.52592284
42.13426997,-70.41171298,2022-09-28T16:58:50Z,3.442914413,937.2271166,3_4,NA,Off_eff_transit,106,111.3030541,118.6090674,NA,93.69352016,106.076984,114.9296663,110.2759415,108.7686544,110.1086976,107.2501622,103.8191469,99.51965728,91.33947513,NA,80.38182654,89.11022977,91.51307447,91.50608912,105.3442662,96.88119655,113.6266678,108.0666065,102.1955967,106.2421931,105.8284447,104.1825659,104.365168,103.1436944,104.3721309,104.807979,105.1581846,105.9641642,103.8695857,102.4717043,100.4325748,100.5314479,98.34605076,97.75223983,96.25434314,94.88226204,92.18550574,89.06389586,86.3110167,81.05564433
42.13439201,-70.41149103,2022-09-28T16:59:04Z,3.166997203,927.1704376,4,NA,Line_transect,106,106.9131545,117.0673918,NA,93.25578639,103.9288457,112.6100685,109.1608705,108.1875694,110.0648131,104.836524,101.0079243,97.5896794,90.65797575,NA,80.80449285,87.51528383,91.55831443,90.57343834,102.9811553,95.68587335,110.2530485,106.3602042,105.2034306,104.6711638,104.2437224,104.2397824,104.7821427,103.0346451,101.956916,103.2309457,103.5806491,107.6083225,100.8784049,100.6020263,98.27757194,96.66006308,96.79100625,95.0532774,94.24321677,92.91758824,90.51696933,86.68031788,87.00625111,82.92376226
42.134563,-70.41146899,2022-09-28T16:59:13Z,4.129856164,908.9218494,4,NA,Line_transect,103,102.3654875,116.5292862,NA,94.44026294,105.9592804,110.2904971,109.0216018,108.0290615,110.1890107,105.3824572,100.6986768,96.83521993,91.96874034,NA,80.91524157,90.85186978,91.5827576,97.34608552,103.5339011,100.5876512,107.0564214,105.8677561,102.4370501,102.7989647,105.7860364,103.5949294,104.5832726,101.7698332,102.9576665,102.8990544,102.7242052,108.2104873,101.2752015,100.6534227,99.77606684,96.8009887,95.80389454,94.98682766,93.89057281,91.97233732,89.03663788,88.14612317,88.83779182,81.92487124
42.13483801,-70.41148399,2022-09-28T16:59:27Z,4.254094606,878.8062616,4,NA,Line_transect,103,111.7235232,118.8117996,NA,92.28128684,105.8467371,116.2325427,109.5021799,107.9050692,109.6971421,105.8840271,100.6826852,96.02491273,92.5457216,NA,84.80932104,88.62788658,88.1901407,93.24725561,104.68413,98.39710198,115.7809686,103.5233134,102.7806976,103.96845,105.4808643,104.6100976,103.8636448,102.3319314,103.0709563,103.6790792,103.6160587,106.7155107,101.3197922,100.9678884,101.0427987,96.51725041,96.16258801,94.8920957,92.51779422,90.73872376,90.14089152,90.34128882,87.54209016,81.68871237
42.13525803,-70.41154501,2022-09-28T16:59:40Z,7.031762002,832.2263727,4,NA,Line_transect,132,106.0051786,117.8122926,NA,95.37324724,105.5524869,113.0249728,109.5445697,109.3882354,110.7980006,107.107162,100.4216118,95.38553881,91.00010957,NA,81.90699872,92.44759023,91.85823963,93.48041496,103.4568678,100.6138206,109.023582,109.8560451,103.8151017,106.5592753,103.1974531,103.7806233,103.9939907,104.8022266,104.9915911,105.3190467,103.7350875,107.9591691,103.5248816,101.133866,102.0062069,96.61331831,95.76872238,94.24873474,92.09254872,90.04665727,89.16985809,88.67982173,85.8884029,81.24098369
42.13566204,-70.41159798,2022-09-28T16:59:53Z,6.75652733,787.5600839,4,NA,Line_transect,132,107.2187631,118.0339998,NA,97.80058297,105.3995223,114.3245082,109.7569494,108.5522029,110.0984027,106.2472243,99.80166149,95.27840959,89.4867644,NA,87.60224346,95.86341199,92.02176035,96.03951563,103.5463936,99.04432386,110.2983387,110.9274895,105.9942072,106.4049676,101.9073738,105.4828186,104.4038111,103.4340274,103.4310332,105.4881816,104.0896528,106.1557094,103.3661398,99.50525225,100.6113962,95.74178549,94.96114482,94.2621779,91.424067,90.31135212,89.5868772,87.29775087,84.52613607,78.34074745
42.13606998,-70.41158298,2022-09-28T17:00:05Z,7.358819646,743.7599641,4,NA,Line_transect,102,109.7747171,119.1031413,NA,98.05524669,104.8573414,116.4432833,110.0437265,109.1137784,109.9151543,106.1565871,99.87477887,94.96727495,88.69463679,NA,82.71268337,94.12947209,95.58192234,99.84703043,101.9410993,97.25221847,114.8961005,110.1646781,104.513442,107.1738789,102.6257332,104.8487945,103.8676436,104.3629364,104.7520933,105.548344,103.9111486,105.7491773,103.5889841,99.77228549,99.50972281,96.59437096,94.73621326,93.374399,90.89651252,90.45360784,89.0263422,86.49918465,83.57691241,78.19039996
42.13653199,-70.41156001,2022-09-28T17:00:20Z,6.669400546,694.5113721,4,NA,Line_transect,105,108.6773591,118.3370354,NA,98.04424312,105.8716153,114.9768081,109.8589901,108.703961,109.5008904,106.5366405,100.6217443,96.51679053,90.0839546,NA,84.05101956,97.1667521,89.5998157,97.33562515,104.2888429,98.055164,112.5712886,110.3644459,103.9826452,106.8242887,104.8158516,102.6396458,102.118813,103.5765365,105.456153,105.9629455,104.0373367,103.8623371,103.1992806,101.5084233,100.001959,97.10280462,96.01302254,93.82775466,92.16705008,92.56832559,90.13097761,88.36080997,84.2917273,78.14660169
42.13702401,-70.41155197,2022-09-28T17:00:36Z,6.65466782,642.0669896,4,NA,Line_transect,105,104.7553982,117.8527186,NA,96.22958485,106.0493795,111.7548727,109.726651,110.1253033,111.713223,106.7015551,101.0795072,98.94507456,94.69687643,NA,82.11874028,94.86060702,89.87628203,97.2116227,102.7226024,102.118085,109.9049517,104.4380771,103.8330358,105.0234658,104.9786933,104.8625724,104.5413069,105.1513369,106.2044756,105.8100532,101.7846379,109.7851217,103.7981816,101.0630997,100.0166783,97.90221764,95.92035071,94.38388385,95.6310701,93.68245515,92.67600976,91.85239008,90.62055441,84.20873855
42.13766104,-70.41158298,2022-09-28T17:00:55Z,7.259735089,573.7739704,4,NA,Line_transect,104,106.8466022,117.2106312,NA,98.42427171,104.9539263,112.0569893,107.7892487,109.1765153,110.1554453,107.3059295,101.881749,99.66537962,93.58379553,NA,86.22144644,96.45993386,93.24762462,98.73644605,101.1478521,100.3295177,110.3306252,104.0871135,104.3208307,101.7895257,103.5582031,103.4866625,103.8330635,105.1912385,104.0670675,104.3045988,101.7432236,107.9071568,104.5789111,102.0701308,99.52744115,96.91015699,96.60515281,97.73614584,96.09905082,94.99431204,93.06937697,91.36948543,88.232992,83.90731801
42.13802699,-70.41160603,2022-09-28T17:01:08Z,6.097942432,534.7041282,4,NA,Line_transect,105,112.7287936,119.9858312,NA,98.34473593,108.0995127,117.6469334,108.5142976,110.0748129,109.060254,107.4834112,102.4851866,101.0189758,95.90563507,NA,82.11500139,94.88768167,95.54676539,96.45772987,106.9299087,100.341576,117.2244425,103.1539254,105.2179693,104.3093822,103.1855581,103.6606551,105.2685352,105.7170204,104.8852715,103.9248894,102.5227051,105.7953639,104.9782452,101.723477,99.86042196,96.68955743,98.8186155,97.35420247,97.62874366,95.31482985,95.38037853,93.41006869,91.09379538,86.19357034
42.14056,-70.41168197,2022-09-28T17:02:23Z,7.309954197,281.2166145,4,NA,Line_transect,60,111.6041654,121.501683,NA,103.760138,114.0404928,113.4930111,113.4417316,110.6262001,115.0673682,111.0793332,107.5488571,107.2328734,102.1973601,NA,88.27813916,102.9993182,94.97893869,96.21628053,113.8015463,99.72598937,111.8666265,105.0548623,105.7739205,108.5951221,109.4654994,107.7892049,107.8087614,104.9800363,103.739179,111.180407,111.4353661,107.0562397,103.6098763,108.8331096,104.596073,103.7871902,102.7079961,101.5525886,102.4399186,102.9338038,101.9562895,99.97317397,97.11121804,91.7767631
42.14220797,-70.41181901,2022-09-28T17:02:59Z,9.924360869,165.4957816,4,NA,Line_transect,510,110.0752205,123.408158,NA,107.2938234,112.8212482,112.4268343,114.3617408,118.550259,115.4827959,112.9557918,110.4597886,109.351505,105.3507252,NA,84.20127458,106.8273404,97.1587621,99.33525567,112.3610394,100.2823724,107.4149731,109.6609227,104.3494906,111.1748295,108.1613447,108.8343111,106.0646853,115.2793457,115.2961193,113.6497323,108.7482639,106.6955846,108.4081904,108.1408524,107.99452,105.2261433,106.2281708,105.5505203,103.8590772,104.992326,104.8065928,103.1357491,100.0600766,95.51092519
42.14279604,-70.411888,2022-09-28T17:03:17Z,7.096188864,157.3378801,4,NA,Line_transect,509,113.3120645,125.1457389,NA,108.5968679,115.4821172,115.2529634,113.0712009,121.417688,114.1673785,115.3573357,111.088741,111.0449306,107.7769065,NA,85.50749625,108.3107857,96.29361766,98.2603861,115.2839433,99.57236427,107.0399197,113.8434743,106.2650346,109.5413036,109.1207862,104.9380046,110.7416224,120.2441055,113.2134897,109.4406708,110.01446,108.6218608,113.2785664,109.1601197,106.8293441,106.5207558,106.3486075,106.071438,106.2329514,106.0601374,106.5158321,105.5200399,102.5323448,98.04495904
42.14338303,-70.41197198,2022-09-28T17:03:34Z,7.513520558,174.2510596,4,NA,Line_transect,60,114.3869548,124.9760256,NA,107.8849428,117.0466788,115.039999,114.2250793,120.3119251,114.7809369,114.9775334,111.2930616,110.839329,106.7337807,NA,84.55505779,107.4900372,97.0375394,101.9245011,116.8473918,98.54042927,110.9225532,111.2695628,107.8910179,110.0434171,111.3585731,104.2841695,109.0706807,118.4168966,114.759639,111.0247156,110.3299523,108.2064778,112.5788801,108.947864,107.405509,106.4873208,107.0270038,105.9891609,106.5763711,105.6487105,105.926431,104.5135159,101.6662305,96.22271476
42.14381402,-70.41204097,2022-09-28T17:03:49Z,6.261022676,199.4973311,4,NA,Line_transect,508,106.9936953,123.1763473,NA,106.8694011,110.0189131,113.6292581,114.2787523,117.9982703,115.351166,113.8168303,109.8447603,109.2800272,105.3975256,NA,77.03581439,106.3519604,97.33364908,100.0427215,109.2497969,97.92532062,105.3831668,108.6494911,110.892758,110.2988364,109.2255803,108.8676651,106.2039104,114.5962722,114.7831523,112.8360476,108.7101013,108.8321807,110.8393,107.5112024,108.0013959,105.2813483,105.0738759,104.8549576,104.6726691,104.3957407,104.4530885,103.1642493,100.4239176,94.6343349
42.14393204,-70.41206402,2022-09-28T17:03:57Z,3.225551241,207.6207782,4,NA,Line_transect,69,109.6550897,123.5170372,NA,105.2950293,114.4435319,111.6465384,114.2962641,116.9765582,118.061686,113.1519367,109.2057762,108.236625,103.9674295,NA,85.73682926,104.8071535,95.08078997,96.14248989,114.1818118,100.8479345,106.4995202,108.1131297,105.6439238,108.4053176,110.6514407,109.2153453,107.3529922,111.2583048,114.9208875,116.7871725,109.9350006,108.0787504,108.198219,108.6003304,108.3339432,105.3268585,104.0198177,103.794634,104.1156329,103.0241344,103.1740342,101.5661069,99.17032005,93.67013942
42.14427603,-70.41207902,2022-09-28T17:04:06Z,8.274883961,236.250274,4,NA,Line_transect,60,106.1545196,121.8216572,NA,97.38989628,109.964662,110.8193851,112.6926952,113.5424622,117.3151427,112.484619,109.5537055,107.4720543,103.2863003,NA,85.13598032,95.8082649,91.29437525,92.26650178,109.5322876,98.87294012,104.4219895,103.8263081,108.3852234,106.8766052,106.3415224,109.7365085,107.4036296,106.7496369,110.9258207,114.2021787,113.5491455,106.9310135,109.0348952,107.2229304,106.4706059,104.4013109,105.8711976,103.8086429,103.4611505,102.2989775,102.2290268,100.7831787,98.68248196,92.90670549
42.14427897,-70.41207097,2022-09-28T17:04:13Z,0.205676833,236.8667195,4,NA,Line_transect,508,103.5493883,122.0900316,NA,98.68750872,109.0248757,111.3119233,114.3521942,113.4327545,117.3298534,113.3639711,109.2384718,106.3311981,102.5336615,NA,82.84279551,96.32628683,94.6354735,99.59909044,108.2998718,95.00320015,108.4645987,103.9819474,106.0241418,107.3853783,110.8076248,109.8766913,107.9389264,108.1854635,109.6552714,114.2332184,113.4810794,107.2255833,110.8701022,107.9063999,105.1898008,103.4601005,105.3607702,104.3730812,102.1431077,101.4029601,101.0627106,100.148047,97.8331875,91.76836337
42.14448902,-70.41205597,2022-09-28T17:04:23Z,4.551581703,256.5599134,4,NA,Line_transect,69,108.6681651,121.6230267,NA,99.13412614,112.7251839,111.0237136,113.5988287,111.2649661,116.3557709,113.2288005,108.4670407,106.0986927,101.6807951,NA,85.60719315,98.06043299,91.5556725,93.9882069,112.4397136,99.73593338,106.7740126,105.3026177,106.5417192,108.418775,107.1582803,110.3166349,106.3651968,106.1917458,106.893224,111.7177136,112.6709982,109.9391276,108.3457833,110.4454098,104.9408002,102.3908227,105.2154063,102.9418457,102.3810091,100.7536883,100.6177144,99.32367684,96.94388067,90.8649705
42.14484802,-70.41205597,2022-09-28T17:04:37Z,5.548788082,290.5389242,4,NA,Line_transect,509,103.5859235,119.7894165,NA,95.9599477,105.2575242,110.0024503,110.6859684,111.9778714,115.197307,110.8446327,107.3815789,104.0260123,98.97251857,NA,82.74683581,95.08253183,87.27012836,99.35642318,103.2823489,95.60987114,103.0368625,106.1445086,105.8856366,105.0356377,104.6919383,107.4640121,108.3049236,108.594379,102.4671861,109.2916049,111.1261466,110.6585424,104.7831749,108.0567004,104.3871228,103.6699181,102.7941339,100.9384617,99.66362666,99.57770012,98.41463382,96.52824971,94.33746028,88.3400075
42.14523702,-70.41206402,2022-09-28T17:04:50Z,6.475735338,328.5981961,4,NA,Line_transect,69,109.77577,120.9066609,NA,98.41885725,113.262702,110.9840035,111.2609941,113.0914895,115.186975,111.5072013,106.7555205,103.8165778,98.58905014,NA,85.29776617,97.26008989,91.1010194,103.379127,112.655214,97.70623514,106.9056149,107.2757389,103.6143378,103.6162471,106.2832303,108.337975,109.208321,110.3350539,100.9404775,105.5898592,111.100694,112.1767037,107.1287052,105.419173,107.4063761,102.2856647,102.2577371,101.3452327,100.1669102,98.46557407,98.23780884,96.35009044,93.73883754,87.36834773
42.14558797,-70.41206402,2022-09-28T17:05:02Z,6.328426297,364.1326819,4,NA,Line_transect,60,106.0844241,119.0680151,NA,100.7905001,110.1972804,109.5382908,110.2809187,111.1823284,113.0024525,110.4426733,104.879719,102.1050434,96.90740617,NA,86.58123926,99.99388013,91.91824778,98.61851601,109.303701,100.8584774,104.2890794,104.9971697,104.9781995,102.7914041,104.2770492,107.8455854,107.3414316,108.1024307,100.9589543,102.9145035,108.4844869,110.3954545,107.8414703,101.4704381,105.546935,99.29541504,101.1366188,99.66845504,98.42084999,97.24026677,96.00796801,94.72067965,91.93582019,85.7887787
42.14594998,-70.41209402,2022-09-28T17:05:14Z,6.540174008,400.6806776,4,NA,Line_transect,104,102.0194887,117.7487513,NA,100.4116935,103.7117402,109.8236347,108.4378738,110.2161457,111.6057055,109.9712478,104.7734905,100.7510316,96.09339303,NA,83.78577463,98.86691163,94.8454059,94.55384111,102.6487403,93.5214825,105.4792902,106.2280274,102.7302464,103.711035,102.8301419,104.3296643,105.4240776,106.4716177,104.1261213,103.8070119,105.5223321,109.2963676,107.7331389,101.0839724,104.3408483,99.05342969,101.5525555,98.85179091,97.19156565,95.68334617,94.69648399,93.91946682,90.91255126,85.6589966
42.14633203,-70.41211699,2022-09-28T17:05:26Z,6.896071531,440.160224,4,NA,Line_transect,60,102.9813482,117.6058611,NA,100.1444812,108.793598,106.9817421,109.3317464,109.7513624,109.940987,110.8340761,104.1387671,100.215507,95.7484104,NA,85.18945927,99.23763157,92.08958248,95.02054151,108.3265375,96.57635693,101.9985734,103.1774373,101.2319936,100.3857816,103.5808201,107.1601659,104.8160019,106.4577327,102.9861242,101.4211117,102.6644053,108.2158151,108.3808848,102.8548605,105.1847965,98.91305089,100.633493,98.18105274,96.69549201,94.39679117,94.89121125,93.67122722,90.618096,84.39808989
42.14677401,-70.41210903,2022-09-28T17:05:39Z,7.357490431,487.1779345,4,NA,Line_transect,507,102.0928688,117.3184098,NA,99.24514879,105.2715204,107.8672355,106.8048864,111.3931159,109.845764,110.6769608,103.9594008,99.73222577,94.14654177,NA,77.26756269,98.60772227,90.39018134,99.78713665,102.8024207,97.05523906,103.5048803,103.5013884,102.1456094,102.0983783,101.7746864,102.2160192,105.3163737,108.9835937,103.9224075,101.4064435,105.061143,107.0428298,108.4249987,103.4263515,104.026892,100.1261762,99.53156691,97.49181113,96.46985273,94.10193636,93.79227963,91.90977882,89.23852211,83.15146281
42.14707199,-70.41210199,2022-09-28T17:05:53Z,4.606355208,519.1273586,4,NA,Line_transect,508,104.7717734,116.5382782,NA,96.49151588,106.4380415,104.7418935,105.5187068,110.9345661,108.8827403,110.0835605,103.5222458,99.36704024,93.52075491,NA,82.25702625,94.94193718,90.68068914,95.01001299,105.6341324,96.30607264,100.4991238,97.98387196,100.8969486,100.1393777,101.3230594,100.6992409,102.0402487,109.0010106,104.5579114,102.5148123,103.8677546,105.4540327,107.3724275,103.8429254,103.6379574,100.1238978,98.75410635,96.72721118,96.05746782,94.19560128,92.97121162,91.90135,87.2520327,82.27923854
42.14757197,-70.41212504,2022-09-28T17:06:07Z,7.732320998,572.408925,4,NA,Line_transect,69,104.4364309,116.5732755,NA,98.55652544,109.0685948,107.9486809,104.5836696,108.0858434,108.9043021,109.9365922,103.7728929,99.25123053,93.87476884,NA,81.88333888,97.0615795,92.8656222,90.98713285,108.5568531,98.87321898,103.7287983,99.08925324,104.8640317,100.3728385,99.9798267,98.9663619,101.8605973,102.9113009,104.691999,104.7274374,103.071198,104.4279467,107.1502083,104.2062474,103.0808506,100.9067634,98.46819698,96.52188521,95.95580227,94.00463744,92.92478369,91.6512514,88.88567563,83.10054845
42.14798704,-70.41213199,2022-09-28T17:06:20Z,6.909445285,617.1457349,4,NA,Line_transect,104,99.63057647,115.7346796,NA,95.43251057,104.1533125,106.8951485,106.4229537,106.9206729,109.6362411,108.8176023,103.9521334,98.8990287,93.34441444,NA,86.87888456,92.12210643,91.38597062,90.97599131,103.4936469,93.82910701,104.6558816,100.3241608,99.51066437,101.2051943,102.9683453,100.3650271,100.7683519,101.4912396,103.6510061,104.6048463,105.0094097,104.9694959,105.7895426,103.3196732,102.2431669,100.867932,98.61680278,97.29076423,95.51001901,93.60159811,92.81645889,91.44951004,87.74002058,82.28997943
42.14831896,-70.412148,2022-09-28T17:06:32Z,5.989098184,652.8984055,4,NA,Line_transect,139,96.4991221,115.3000272,NA,96.26342299,102.1284557,106.1211172,105.4759298,106.2698912,110.0822668,108.4349313,103.0013967,97.99130381,92.38743294,NA,82.18846762,94.87433431,89.96692789,92.18738556,100.3145671,95.93147108,100.8287867,102.7665197,99.96761925,100.5095332,100.7575591,100.8402778,100.3291933,99.60653574,103.5106018,106.0249423,105.9710945,103.4880462,105.331083,104.0057674,100.1960437,99.23806477,98.06436246,97.13020156,94.90275258,92.25715905,91.82735141,90.44903887,86.84964624,81.45249773
42.14873898,-70.41216996,2022-09-28T17:06:46Z,6.496802999,698.2868694,4,NA,Line_transect,110,96.39192786,115.2267254,NA,99.20074278,101.3317864,106.1656133,106.9408397,106.5461076,109.5480947,107.4524954,103.1966334,98.26455041,92.94535472,NA,81.18407416,96.80437371,95.31043601,91.84766381,99.18939519,95.75315653,102.5526546,99.87357479,101.3498538,102.3299825,101.4236912,102.6625975,102.0972743,100.2455132,102.6376834,105.6923719,104.9621453,103.3607746,104.4733196,102.2379504,100.3621497,99.24151988,97.64031196,98.24202134,95.28894354,92.30894522,92.10665544,91.19384304,87.11139601,81.45246254
42.149261,-70.41218597,2022-09-28T17:07:02Z,7.061730318,755.0627533,4,NA,Line_transect,165,101.872741,116.0381982,NA,95.63404929,102.7416722,109.7653702,107.1961933,108.1655712,109.6953292,106.829509,102.5676892,97.77537161,89.75398477,NA,83.7966609,94.22902807,88.87477673,92.00282096,101.6395706,94.19589363,105.0124665,103.6906659,105.9808054,104.9852574,100.0531574,100.3326299,103.6771245,103.3539655,103.1347852,105.2731489,105.5443702,103.7481895,103.6604942,102.0831667,99.44677994,98.43771127,96.96124532,97.86477087,95.11760645,92.33501504,90.13026562,87.69124122,84.28333643,79.50108956
42.14976098,-70.41219302,2022-09-28T17:07:17Z,7.2130149,809.7022047,4,NA,Line_transect,509,96.42210065,114.7988551,NA,96.84515373,102.9937516,106.6652583,105.9279888,107.0291124,109.0903987,105.8715574,101.6737629,97.69011229,88.84625576,NA,81.23902681,95.47415688,90.70490454,92.0024288,102.0858718,93.37005829,101.5996869,101.6581005,102.3800628,99.61045329,101.2289758,102.2383716,101.8780893,102.8678172,101.956535,103.996575,105.4851479,103.1479979,102.1186492,101.784165,98.62258775,97.19028129,96.98917751,96.49943375,95.19652186,91.7355527,90.31456359,86.7931796,83.44060452,78.32444875
42.15002099,-70.41216996,2022-09-28T17:07:28Z,5.125850096,838.4722873,4,NA,Line_transect,60,99.3481357,115.0482903,NA,94.92003812,104.4068667,106.6978419,105.4839848,107.8429284,109.2478114,106.0906836,101.6241316,97.78532295,89.00319695,NA,83.74691652,91.94701866,91.14591597,87.77936473,103.7641228,95.04496465,102.4194341,101.736554,101.5770532,100.4876685,100.9848709,100.6508995,102.7214307,103.5108383,102.944306,104.107525,105.2215386,103.9916901,102.6349373,102.1452577,97.72230062,97.51157613,96.50876115,96.45486998,95.15158946,91.92061068,90.69844519,87.50029001,82.58450228,77.09375216
42.15038703,-70.41219302,2022-09-28T17:07:39Z,7.208431493,878.3744426,4,NA,Line_transect,69,99.80347771,115.0344606,NA,92.44244446,105.2338512,107.2563768,106.7209604,106.8300732,109.1317451,105.3066528,101.3216448,97.2236873,87.7766641,NA,77.99727352,88.2288385,90.11450572,93.18919231,104.3615711,96.0080597,101.8242518,103.1268352,102.4060299,101.8691468,101.7976607,102.1732117,101.5092083,101.7704538,102.7891916,103.4976418,105.4984689,103.8085286,101.6126549,101.4793442,97.30897814,97.34177065,96.26433692,95.91498616,94.31383994,92.20829603,89.60894382,85.93649894,82.04236687,76.71718919
42.15075298,-70.41219302,2022-09-28T17:07:48Z,8.798547194,918.5763937,4,NA,Line_transect,69,101.820094,115.1641473,NA,94.94790793,106.4328107,108.7009565,105.4478161,107.1833708,108.140504,105.8159914,100.7263423,96.14845161,87.22694161,NA,82.09519186,90.26765509,92.78525807,95.21772505,105.5405537,96.85164184,106.1180422,102.6504076,101.7114947,100.4769129,99.99405459,101.4334392,101.8824465,102.6405524,102.6686103,102.6902985,103.5245282,103.8160367,102.2527458,101.1529414,99.2012515,97.12568893,95.38939495,95.05489716,93.47017655,90.77272458,88.45946274,85.28096707,81.72537262,76.22559213
42.15121801,-70.41220902,2022-09-28T17:08:02Z,7.189950586,969.5588898,4,NA,Line_transect,110,100.484574,115.3449388,NA,93.29339845,101.9204973,108.3358552,106.8572664,107.8191965,109.2677617,106.2809601,101.3042161,97.64797074,90.50000497,NA,87.78762354,88.82408809,88.87095581,93.55538712,99.75926668,95.83562483,104.9557739,103.0632398,102.2066001,103.5288997,100.1535197,101.9317519,100.517352,104.1962358,103.6131021,104.9729671,104.4446319,104.0193423,102.6916569,101.6507895,99.66694515,97.29053268,96.43669438,95.73093372,94.64745697,92.62042289,90.31131829,89.08819942,84.16774098,77.0169348
42.15158497,-70.41223903,2022-09-28T17:08:14Z,6.629273935,1009.67798,4,NA,Line_transect,69,100.0162039,115.2364059,NA,92.35205193,104.3757611,108.4398735,107.4362169,106.2173293,108.5848406,106.8328729,101.0205992,95.94873518,88.3051364,NA,83.22085381,90.67044188,85.33844028,89.01955851,103.7142357,94.87396797,104.2562099,104.6824982,101.3932749,101.776109,104.1425246,101.5850792,99.76122267,102.206703,101.9775103,103.0601595,104.1347024,104.1580879,103.2468083,101.867526,100.6946538,96.96762072,96.63470284,94.86701233,93.37639042,90.4167172,88.18059033,86.21746082,83.10363401,77.32309782
42.15183299,-70.41225404,2022-09-28T17:08:22Z,6.715295604,1036.87195,4,NA,Line_transect,126,97.32110825,114.9351426,NA,94.46981003,101.7360098,108.5648983,105.4128374,107.4149258,108.7132194,106.4578817,99.77609811,95.30671581,87.24170256,NA,87.33467381,90.37614852,90.67089265,91.84555477,99.57904005,96.34327613,103.5761873,104.2374347,103.5308188,100.9705448,99.64331181,101.1596489,101.9928037,100.834139,104.346178,104.0228934,104.4019102,103.334671,103.8956426,100.8504153,98.78048162,95.63191988,95.3913801,93.76477204,92.58083625,89.8138143,87.95157713,85.48886192,81.2271835,76.3661978
42.15207699,-70.41224699,2022-09-28T17:08:31Z,5.867845315,1063.832475,4,NA,Line_transect,126,100.1193346,114.5305359,NA,94.23325924,102.5997079,108.0648676,105.2945383,105.6686542,108.7367277,106.0788523,99.89481504,94.38125233,85.9243376,NA,83.79844356,92.75412572,87.2036754,91.28266645,101.3042775,95.24950559,103.7959367,105.1446427,98.6838666,101.5236435,98.27627558,101.1110605,100.597035,99.85561858,101.9699403,103.3845573,104.6123056,103.8090715,102.1305618,101.0733469,100.5705075,96.30117123,94.94860059,93.74508982,91.963504,88.60020964,86.49591455,83.86384867,80.18837703,76.37113585
42.15224798,-70.41223903,2022-09-28T17:08:37Z,6.170348284,1082.756155,4,NA,Line_transect,127,101.3728411,114.3415489,NA,95.47979456,100.0530747,108.0908104,106.0239735,106.2321067,108.0552077,105.3019742,100.2644217,94.60555193,84.53018671,NA,84.71429991,92.29427304,91.8739794,90.34286134,98.25686085,93.70477265,102.7588177,105.388302,100.403554,101.0147922,101.3348364,101.3989822,101.7345267,101.2568864,101.3769414,102.5918848,103.2595018,103.9020556,101.7814525,99.93769072,99.52848594,96.36670598,95.8130391,93.94910763,92.59648239,88.58629728,85.40753966,82.32603105,78.9691993,75.32592702
42.15247697,-70.41223903,2022-09-28T17:08:44Z,7.078646145,1108.013282,4,NA,Line_transect,126,100.2731902,114.6597502,NA,95.62403717,100.4408173,108.4543687,106.199609,105.999046,108.0787373,106.5355596,101.0653342,95.59193996,85.88288336,NA,86.28812079,93.0090951,90.88516066,87.92619636,97.41970867,96.92634651,102.2844422,105.71627,101.9975386,100.820061,102.555393,100.642264,101.8504556,99.7251506,101.7905592,102.6090788,103.7640566,103.4682977,103.4638045,100.4177331,100.7278466,97.37849043,96.3954195,94.70007467,93.33760871,90.12706775,86.41276894,84.09551696,79.9406226,75.06482907
42.15282097,-70.41225404,2022-09-28T17:08:54Z,7.447615974,1145.849463,4,NA,Line_transect,110,98.6573232,113.8459141,NA,93.31786078,100.0139414,107.1749942,105.9246178,105.6068985,107.2324027,105.5312166,100.3707329,94.4099918,84.64216421,NA,85.67327336,86.5186476,91.23495991,90.60968187,97.51722198,95.09965502,103.225667,103.2850398,99.9372427,99.01874092,103.1124757,100.2824257,99.44275726,101.2279888,101.5539427,102.7732524,102.2304594,102.3612094,102.5276889,99.5360563,99.47137037,96.77927572,95.73493705,93.76989547,91.95063814,89.25303273,85.46059291,82.79412165,78.57611587,74.60629949
42.15319396,-70.412262,2022-09-28T17:09:05Z,7.338217455,1186.966617,4,NA,Line_transect,110,99.47316728,114.5586695,NA,90.57094793,99.52565026,108.0724555,105.837,106.5251222,108.3641309,106.7331305,99.78176658,94.17506287,83.8836541,NA,80.38672583,86.05730253,87.97814907,92.38449601,96.56281119,94.31651218,103.6327771,104.6627055,100.7244285,99.88960025,102.1207117,100.8989093,101.4460485,101.9833864,101.8150325,102.2618295,103.7893307,104.4483698,103.82044,100.6093726,100.6159784,96.4356923,95.06644661,92.78228082,92.21311013,88.06023068,84.92530178,82.02150986,77.5985391,74.43229371
42.15345003,-70.412262,2022-09-28T17:09:13Z,6.926286316,1215.248456,4,NA,Line_transect,110,93.77686791,114.2544842,NA,92.79691104,101.258924,105.1145224,105.4181369,106.8357486,108.8873479,106.6261364,99.96309398,93.00037944,83.37056128,NA,81.60527567,90.49747419,88.04834404,92.66576438,99.8944,92.44375777,99.62657895,101.4125569,99.75332832,102.1503564,99.85914096,99.41048272,101.4528697,102.5042158,102.1710576,103.8786891,104.2053939,104.254788,103.3427133,101.5683121,100.0192765,96.09560621,95.86923084,92.97259606,90.98527874,87.15805438,83.44408566,80.9688144,78.08639806,74.46271484
42.15379,-70.41224699,2022-09-28T17:09:23Z,7.36045791,1252.918128,4,NA,Line_transect,109,97.64119539,113.8275593,NA,94.3892658,101.9198252,105.4869403,105.0539494,106.769518,107.7842836,105.6207513,99.86047847,92.41640611,83.01081439,NA,86.59211577,92.27071768,87.81280442,94.83458208,99.65404491,95.15956463,103.654419,99.04287053,96.18590177,100.6652607,99.55875132,100.5418343,101.0422697,102.6329391,102.1696551,102.1809723,103.1317924,103.6073703,102.6852002,99.96551223,99.03267923,96.23297824,95.28900135,93.22943535,90.10013762,87.0560949,83.29092452,80.59895425,77.6525041,74.31236328
42.15425896,-70.41228496,2022-09-28T17:09:37Z,7.261401292,1304.477939,4,NA,Line_transect,108,99.48928717,113.8413596,NA,92.64905835,101.9013541,106.9891611,104.3451028,105.8708717,107.9389232,105.5947944,99.0382707,93.59458874,83.3882959,NA,80.68275799,90.15522541,88.36931639,87.64318772,101.0524141,93.36398399,104.8885339,100.3006358,99.27142423,100.4998723,98.59639283,99.41418463,100.3016393,101.2717732,101.6205566,102.708771,102.4237467,104.1635414,102.4303216,100.0514022,99.3678951,94.65940805,95.00863186,92.83587529,91.22734148,87.82578187,85.50577575,81.49096172,77.05437764,74.22869909
42.15471301,-70.41229997,2022-09-28T17:09:51Z,7.02001031,1354.58554,4,NA,Line_transect,109,99.87803394,114.1184134,NA,94.13679587,100.990894,106.4898887,105.342009,105.8634083,108.4602854,106.3502634,99.8162171,93.88328146,84.02096086,NA,82.72989157,91.25669281,90.29056227,91.67141479,98.98000168,95.03339972,104.0375475,100.0789818,99.56359703,100.3055673,99.92574688,101.3527105,100.6858916,101.2134439,101.3493506,102.7636415,102.9303044,104.9995376,103.3616761,100.2961236,100.3195284,95.11030851,95.99203445,93.74427541,91.32641833,88.42366838,85.93808832,82.36326582,77.31068391,74.19163569
42.15523101,-70.41230801,2022-09-28T17:10:07Z,7.006001898,1411.836812,4,NA,Line_transect,1303,96.99928586,114.1865382,NA,95.16813831,99.57014514,105.944339,105.493032,106.3800438,108.9431139,106.1304539,100.0269819,92.86731569,83.44259157,NA,82.54816241,93.642711,88.99704213,89.42800037,98.11848838,92.29667647,101.6146213,102.1961089,99.14850266,99.46939046,101.3029154,101.164701,99.43032868,102.9487236,101.7500003,102.1536168,103.4956597,105.9785682,102.7024693,100.8450349,100.105235,96.04691071,95.91308846,93.29564826,90.43409079,87.33468727,84.60549227,81.25043782,77.80828423,74.34499862
42.15565497,-70.41231497,2022-09-28T17:10:22Z,6.116422958,1458.709141,4,NA,Line_transect,124,97.43752215,113.9634414,NA,93.4216109,100.0799162,106.0048292,105.629384,106.1891123,108.5132118,105.7537615,98.96716241,92.90611172,83.56125538,NA,80.70560868,91.5999729,88.03185886,90.69215603,96.8330267,96.22224584,101.1595576,102.3855816,99.76543554,99.76809222,101.4610566,101.1644155,100.7038738,102.1063809,101.3293667,102.8686466,102.2612068,105.4183711,103.0630123,99.89279898,98.81720992,94.7463486,94.76164142,92.80391493,90.73341646,86.80052567,84.62292986,81.79588089,77.00699206,74.08917878
42.15608597,-70.41232302,2022-09-28T17:10:36Z,6.662275475,1506.368426,4,NA,Line_transect,122,94.14703278,114.4188892,NA,91.53753898,100.5382432,104.8486781,106.0837605,107.2066776,108.7513012,107.1922783,100.3118915,92.58401914,83.06177079,NA,80.72992318,88.01225361,88.28503811,95.29924439,96.55737616,95.32159375,99.83000728,101.1735908,98.9326934,101.2618872,101.7906297,100.8318807,99.85030665,103.225157,103.4016587,104.6005138,103.0439021,104.1518746,104.2169675,101.9497495,100.1348053,96.73084926,95.84600402,93.40740995,90.43269839,86.70120314,83.80912052,81.05842348,76.95864633,74.00419017
42.15652501,-70.41234598,2022-09-28T17:10:49Z,7.313387389,1554.848808,4,NA,Line_transect,1301,99.06085807,114.5664629,NA,97.27243048,103.9333586,105.840633,107.0288156,106.7948819,108.1569451,106.4222698,99.28378886,91.77450834,81.17304462,NA,83.86859842,89.91921769,96.13953921,93.80601249,102.1066384,97.84709815,100.5065518,102.4264533,99.84752783,102.6232345,101.2796293,102.7256659,102.6277853,100.5508322,102.5865047,101.164067,102.8822509,105.1752207,103.4335425,101.3066864,99.20036692,95.28640931,95.04086733,92.8095127,90.02286276,85.71875538,81.01340536,78.12037437,76.03640755,74.1489167
42.15689097,-70.41234598,2022-09-28T17:11:03Z,5.656363473,1595.376507,4,NA,Line_transect,108,97.4983874,115.0419534,NA,90.79841239,102.0138639,107.4204225,108.2057899,106.8415893,108.9172079,106.4778926,99.30002904,91.07729188,82.23960237,NA,75.74553141,86.15951304,88.75801095,96.34173853,99.53410197,94.16615355,103.9239032,103.3468824,99.50310475,104.654432,102.4682228,102.8556348,100.088222,102.3032781,103.2475737,102.8323242,104.3378472,104.9948093,103.2054082,101.3537164,99.940992,96.1895173,94.24337794,92.29457168,88.92546959,85.34432519,81.99750123,79.53382186,77.10806238,74.195531
42.15719598,-70.412277,2022-09-28T17:11:15Z,5.576782811,1629.531717,4,NA,Lower_dredge,108,100.1102917,115.3584115,NA,91.77209571,102.2309198,107.8880709,106.9810879,106.9252555,109.843376,107.2640623,100.8690465,93.76064168,83.2885479,NA,82.83949821,86.29408333,89.47228672,98.65480682,98.00778625,94.85322297,105.1791643,102.0661605,100.9494309,102.2912224,101.7989318,102.5092985,100.5162954,103.4050334,102.0677685,104.3560604,104.3213749,106.2474271,104.2005565,102.3008336,99.98646121,97.59637414,96.16992279,93.66571252,91.7710772,87.81623403,84.29526948,81.21494499,77.35718264,74.23870384
42.15743604,-70.41209402,2022-09-28T17:11:26Z,5.424079777,1657.184639,4,NA,Lower_dredge,108,105.0983315,115.4928549,NA,91.2234727,102.0057622,110.0357682,107.3069411,106.2841252,108.8537815,107.1324877,99.82364879,92.03921889,82.86358762,NA,79.97883725,81.53357174,90.34843798,95.95840996,98.45079042,96.925959,108.7895575,100.8143104,101.1690942,103.6273668,102.0578972,101.665472,99.65978538,102.0043777,102.4032126,103.5996009,103.6293226,104.8900942,103.8461455,102.638284,99.57536653,96.72429462,94.8921505,92.58581063,90.02005029,86.02569233,82.8819026,80.38478812,77.53547934,74.37697422
42.157616,-70.41178096,2022-09-28T17:11:38Z,5.295568329,1679.222218,4,NA,Lower_dredge,108,101.4504628,115.1550938,NA,92.53259649,102.0705432,107.8184802,108.1808513,106.3250709,108.9148951,107.1842812,99.26486421,92.34779975,82.58450959,NA,86.28788423,88.36242114,88.32773945,94.22340472,99.89454042,95.68658647,105.2836405,102.129257,100.1820793,104.5481473,103.3804041,101.9037456,100.1631177,100.6837824,103.1841815,103.9293176,103.6751435,104.7522855,103.633388,102.4302313,100.6841847,95.68606734,94.68619268,92.54670064,90.29768847,86.63391084,82.68151668,80.27256704,76.94385957,74.04319675
42.15771097,-70.41147603,2022-09-28T17:11:48Z,5.305486355,1692.150315,4,NA,Lower_dredge,108,96.17540887,115.0197856,NA,93.16222719,101.4657694,106.7113176,108.136557,107.3371926,108.4809053,107.2658605,99.83998135,92.36283488,82.28116953,NA,76.12828996,90.09215518,90.03784727,96.50258004,97.11556592,96.43251209,102.5546017,102.7875165,99.95102715,103.2988281,103.4873346,103.3072475,103.1222656,102.8374177,101.5906321,102.9823393,103.0848642,104.8095507,103.9603943,102.3334485,100.5223628,96.03918366,95.6547505,92.88752826,90.33182415,86.47306186,83.00315839,79.64341288,77.02646097,74.2402005
42.157703,-70.41117897,2022-09-28T17:11:58Z,4.768198114,1693.995232,4,NA,Lower_dredge,108,106.5367573,116.1835458,NA,93.40750263,102.1194213,110.8518214,107.7554718,108.0076843,109.0332555,107.5825082,100.8595881,93.73279344,83.831043,NA,80.00706896,89.355194,90.89678146,96.59877969,99.47662159,94.55838839,109.4481856,103.0555856,101.2684189,102.7631082,102.2822473,103.7721008,100.5171459,104.4713513,103.7920362,104.8809179,103.0420464,104.6432855,104.3477441,102.2736799,101.2123121,96.84155938,96.87841887,93.94960409,91.55829533,87.82086267,85.11763114,81.73937823,78.14750425,74.32496224
42.157703,-70.41072099,2022-09-28T17:12:08Z,7.34636325,1698.882918,4,NA,Lower_dredge,108,104.6634685,116.3119083,NA,95.09275438,101.0731504,109.825498,107.5679092,108.0781475,109.8007618,108.8037957,102.6636625,95.88824888,85.77988633,NA,88.27133695,90.69190974,91.4182459,95.72424164,97.68009007,95.05888356,108.291112,101.0101826,102.0337873,103.5543555,101.6870034,102.9456113,102.1193235,103.6756487,103.916359,105.3450551,104.3508468,105.3206504,105.3957485,103.7471091,102.451762,99.0140507,98.23826254,95.83345777,93.95686996,89.60305984,86.81441221,83.9754657,79.81072541,75.17508131
42.15764601,-70.41043902,2022-09-28T17:12:15Z,6.697321308,1696.053534,4,NA,Lower_dredge,108,106.3582878,116.4850187,NA,93.14224975,100.9349826,111.8744878,108.4130972,107.4325824,108.6918972,108.0101944,100.6070594,94.49320834,84.57689015,NA,84.11311076,90.03917986,89.00268029,89.89328419,98.6193278,96.18025874,110.4308599,104.2531818,102.2834946,104.5734765,103.3930316,102.7611221,100.8553304,103.7603813,102.8826348,104.2731656,104.1257766,103.3013602,105.4574013,102.3388062,100.4037053,97.1949209,95.34477236,94.52510099,92.17110247,88.8411906,86.01616272,82.75420561,78.36630474,74.72416332
42.15751299,-70.41011799,2022-09-28T17:12:24Z,6.554927704,1685.79378,4,NA,Lower_dredge,108,103.0954702,115.7391306,NA,97.36939917,104.305495,109.317554,107.6687659,106.7598277,109.0075555,107.6714732,100.4383184,92.38838221,83.20733644,NA,76.84938508,94.06121856,94.56497864,91.67606807,103.5955913,94.13804499,106.6188264,104.7127791,99.97913573,104.2140345,103.0929854,100.6782,100.5439101,101.9769543,103.0798911,103.8435021,104.8644036,103.9253193,104.4413582,102.8027662,100.6544053,97.16694351,95.90312756,92.92348957,89.67594764,87.3704733,84.13703585,81.0325919,77.41300347,74.36530172
42.15734904,-70.409889,2022-09-28T17:12:32Z,6.383369222,1671.236727,4,NA,Lower_dredge,108,106.5304443,115.9372746,NA,95.51087778,104.3336051,110.7085412,108.5163901,105.689003,108.9014543,106.7016794,99.80892033,92.14297985,83.03119769,NA,84.53945284,90.23542171,93.45749583,89.52280082,103.0678669,97.75363558,109.2677982,103.7360051,99.82206227,105.4171479,102.7621971,102.3959798,100.0635467,101.416862,101.1576437,103.1410233,105.0548372,103.981997,102.7571623,102.3560012,100.3024277,95.82982003,95.35886766,93.6300783,89.78489256,86.67835194,83.44105728,80.66830217,77.49370436,74.49889614
42.15704301,-70.40976,2022-09-28T17:12:42Z,6.937875982,1639.88973,4,NA,Lower_dredge,108,105.5188239,116.2501285,NA,93.49641975,106.6431991,110.4815449,109.1234909,106.6539359,108.8475151,106.6341455,99.21809231,93.25434683,84.49223017,NA,82.53405609,90.29576096,89.94393932,91.00650091,106.2359427,94.58118511,109.1758477,101.2823886,101.9245403,105.3811945,104.4636724,102.8445261,100.5958322,100.8309596,103.5604204,103.8409905,103.7881567,104.5565846,103.5519636,101.5983634,99.52500643,95.05104394,95.03391958,92.93500391,90.82417183,87.72405129,84.9764431,82.57715106,78.57246632,74.52300593
42.156853,-70.40975204,2022-09-28T17:12:49Z,5.876509827,1619.334158,4,NA,Lower_dredge,204,99.88031567,115.4951821,NA,91.94527276,102.6665227,108.5086614,109.4452383,106.428753,108.5091655,106.8461358,99.65107028,93.97063765,85.30510347,NA,81.07040972,84.87736593,90.52952842,87.00982231,101.2363321,96.70454689,104.154384,105.0555791,101.098478,105.6826861,104.5288273,103.5470592,101.1676016,101.5174004,102.220624,102.6811692,103.7236413,104.5989872,104.3206512,100.8651347,99.60290958,95.14552648,95.4977565,93.82314248,91.54835699,88.53568286,85.47554561,83.66027069,78.94519089,74.55115329
42.15656701,-70.40981297,2022-09-28T17:13:00Z,5.695605683,1587.223528,4,NA,Lower_dredge,108,100.914225,115.2015961,NA,97.2226673,103.9139013,107.997716,107.9043716,106.6312161,108.7291871,106.2672322,100.2512958,94.13256868,84.48286651,NA,86.86036322,88.81949683,96.05112953,91.8710302,102.6502766,96.70095083,105.0468823,102.5921518,101.1167953,104.8921458,101.8423723,101.928593,101.9143093,100.7241561,102.7148749,102.8092836,103.2939916,105.3384142,103.0941883,101.0124405,99.69502712,95.81116783,96.20249023,94.17127834,91.93507198,88.41118336,85.24726427,82.64670826,78.40382393,74.40071529
42.15639903,-70.40982798,2022-09-28T17:13:07Z,5.204056307,1568.704373,4,NA,Lower_dredge,108,106.0466527,115.7557123,NA,94.72837974,101.6388668,110.9293336,109.3734724,105.6402856,108.1709759,105.5478685,99.17951182,92.09759208,83.21434741,NA,78.97596204,92.83276602,89.87519714,88.37227016,100.007656,95.88749436,109.4629052,103.2617991,101.5537187,106.0111237,102.5663829,104.5631237,101.6124851,99.25560322,101.3752318,102.1907197,102.9034234,104.7063107,102.5426473,99.76833435,99.2612392,94.7971963,95.05021888,93.14169003,89.77004516,86.51778834,83.50181888,80.80699554,77.9275935,74.33741192
42.15604004,-70.40988204,2022-09-28T17:13:19Z,6.513617443,1528.775545,4,NA,Lower_dredge,108,102.7454826,114.43876,NA,93.20067869,101.5070209,108.71097,108.4911728,104.803392,106.5016428,105.191606,98.2132723,92.57357691,84.21457243,NA,84.4268154,87.65945191,90.89595154,90.04696407,99.73687847,95.71152872,106.8955214,102.5772313,98.62683035,102.8729311,104.072798,104.1044103,98.52830558,99.54022118,101.4927855,102.0971227,100.7652787,102.1882401,102.3310165,99.2943093,98.71852013,93.7771098,94.07317313,92.26952025,90.19060316,87.37226472,83.37968727,82.41528631,77.97829172,74.27110726
42.15566302,-70.40993501,2022-09-28T17:13:32Z,6.309510465,1486.916723,4,NA,Lower_dredge,108,104.6315201,115.5496504,NA,91.98365573,101.5733001,109.7126782,108.0888267,106.5364388,109.0188046,106.6561751,100.4021879,94.095692,83.23229775,NA,84.30150501,88.29457448,88.02400237,93.51623018,94.47971925,99.69110625,108.2765485,102.1413959,99.99158335,100.9624793,103.694142,104.549649,101.3527,100.5295446,103.0305834,104.3404365,104.2572161,104.1428604,103.3821742,101.6714509,99.92187521,95.99375542,96.10737433,94.64523782,92.18207696,88.22808348,83.98140913,80.99841876,77.62848674,74.26832926
42.155373,-70.40995798,2022-09-28T17:13:44Z,5.238726449,1455.030128,4,NA,Lower_dredge,108,97.73952401,114.7352401,NA,92.53823211,99.83839952,107.3202835,107.8646359,105.5590348,108.9334709,106.298544,100.5655706,93.99289351,83.04924834,NA,81.71916428,88.35284319,89.82758947,91.81731911,95.44874436,96.63571368,105.0871258,99.99756443,100.6805997,101.164454,104.4229701,103.0954489,99.77561739,100.3565261,101.9353948,103.9509471,103.8234142,104.6643041,102.8717421,101.4312174,99.71658029,95.94307967,96.86844142,94.14858541,92.07192947,88.36717579,83.21797961,80.70109763,77.50571143,74.467564
42.155041,-70.41002696,2022-09-28T17:13:58Z,5.191983131,1417.81014,4,NA,Lower_dredge,108,97.9253718,114.297835,NA,90.42532864,100.5347508,108.1739744,107.4501868,105.3046065,107.2635034,105.7741939,99.30639335,91.95921216,83.14580712,NA,81.21347681,85.10818421,88.10536461,85.60450853,96.86066675,97.84848261,105.0184675,103.6663266,100.2758764,101.3068175,103.9781475,102.3272187,98.87767102,100.2077356,101.9611422,101.9639498,102.7178514,102.7504129,102.5776727,100.485809,99.29746829,95.46135072,95.31402342,92.06237662,89.43843471,86.55106626,83.79133774,80.85719742,77.59746698,74.31491589
42.15475501,-70.41011003,2022-09-28T17:14:10Z,5.275254851,1385.343995,4,NA,Lower_dredge,60,98.67001912,114.2228335,NA,95.10992791,104.2093155,104.886255,107.593472,104.504395,107.514242,106.6276513,101.1138512,94.24599559,84.32419383,NA,83.02899646,92.00281832,91.63327616,89.38434052,102.9540701,97.59562764,102.0372306,99.06659686,98.29554183,99.49237297,105.4405687,101.3231068,100.0925839,98.42199551,100.4310506,101.1672586,102.7165281,103.9170091,102.0774461,102.6434391,100.6019702,96.79376711,97.2005306,94.61722881,92.24391701,88.13203362,85.20332125,82.41969342,78.25796678,74.64341622
42.15445301,-70.41017901,2022-09-28T17:14:23Z,5.098399355,1351.385415,4,NA,Lower_dredge,107,97.66953245,113.7276753,NA,96.21162505,98.73579296,106.8364999,105.7159314,104.8804384,106.9088597,106.4740026,100.7218999,93.7061585,84.4705062,NA,79.26046938,93.86418695,92.20363051,91.33064874,91.9655669,96.57396034,102.3019116,102.3535205,101.4872712,101.1516746,101.7734858,99.64254061,99.27861968,99.17778334,101.4672616,101.558062,102.3126889,102.4871567,103.1535884,101.7152004,99.48801614,96.57965646,96.45482807,94.53048212,91.28835363,88.52273262,84.63211901,82.79203803,77.93243345,74.41097771
42.15424002,-70.41023299,2022-09-28T17:14:33Z,4.689474363,1327.345235,4,NA,Lower_dredge,107,93.82599365,112.945166,NA,92.61082433,99.2822486,104.962416,105.6805325,104.2194882,106.7227456,105.5703112,98.44852059,91.91119531,83.23814565,NA,83.66179108,83.65953619,91.33418681,90.94693612,95.62354475,95.5418706,99.93318593,100.2983738,100.3309303,100.4824679,102.7211191,98.51302968,98.4346148,99.25332765,100.424535,101.2296133,102.0775714,102.4580382,102.5386271,100.6834798,98.07157157,93.87087701,94.15282551,92.91342526,89.75155073,85.89964533,83.41242421,80.98187654,77.62814747,74.39117315
42.154007,-70.41030901,2022-09-28T17:14:46Z,3.990484666,1300.751786,4,NA,Lower_dredge,107,103.3250182,115.7401797,NA,93.48839212,99.77396366,110.3860618,108.6579389,106.8362355,108.5563194,106.1657907,101.8117406,95.42494622,86.85755158,NA,79.08550065,91.90937679,87.77839207,90.79118282,94.59746507,97.33251034,107.5642572,105.6547327,101.8909312,104.7601579,104.1802768,102.3827957,102.2164908,102.3994661,101.5317891,101.9794126,103.7426697,105.0881105,102.3991115,100.7441891,100.8336918,97.16100673,98.48064588,94.66488141,92.43563904,90.12197452,88.49258837,85.46682547,79.97882322,75.23590635
42.15379,-70.41039996,2022-09-28T17:14:59Z,3.782345447,1275.641655,4,NA,Tow_dredge,91,101.9383838,118.2200739,NA,100.3015654,103.7558761,113.1784749,111.8146677,108.5816832,110.9072412,106.8773927,102.4586797,97.87583157,92.10368313,NA,82.43687169,90.9329963,99.68676367,92.14620255,96.90236461,102.3568579,108.4845275,107.2800939,109.2374252,107.5899583,106.7602876,106.7237257,104.1601826,103.4042898,103.8339942,105.271512,106.8544385,106.1386886,103.3389567,101.8920064,100.6787554,97.24956059,98.52878441,97.14293037,95.38202369,92.13051241,90.19299616,91.11986678,84.46100598,76.96451378
42.15354902,-70.41047699,2022-09-28T17:15:11Z,4.465762847,1248.1715,4,NA,Tow_dredge,121,101.8771242,117.9771699,NA,93.86528265,106.2730875,113.1770386,111.2184609,107.7130167,109.7771264,107.1578704,104.0722385,99.76297681,91.39420461,NA,84.99649489,89.87946367,90.59398503,93.34869739,95.72542235,105.6223563,106.9031021,110.0877578,107.5414775,105.7212512,106.2972464,107.1950153,102.7445611,102.2946248,103.671093,104.4864981,105.4370814,105.0420233,103.4304332,101.408822,102.0711535,99.20745655,100.6358139,97.50634366,97.37542139,94.07650331,91.60749766,89.93022859,85.01554462,78.8716078
42.15329002,-70.41055301,2022-09-28T17:15:22Z,5.214159913,1218.764901,4,NA,Tow_dredge,78,100.1994094,117.2839985,NA,92.27976605,106.9283709,110.9463125,111.0107077,107.8651098,108.7802989,107.0364511,105.4869667,99.64116334,92.15932071,NA,80.37357953,90.87897337,85.52717271,94.63040573,102.9131416,104.2873483,105.5709139,106.597913,106.2934357,106.6058278,106.538921,105.485448,103.7637903,102.4463506,102.9693931,102.74416,104.7378605,104.3028065,103.2133458,101.3441481,102.0293567,101.8728711,100.6130673,99.27738023,96.48615413,95.04731085,91.92408239,90.39704123,86.39291952,80.51454926
42.15291199,-70.41064496,2022-09-28T17:15:37Z,5.541345278,1176.172637,4,NA,Tow_dredge,224,100.321761,116.9099029,NA,92.12445597,104.0839502,109.6373724,110.863707,108.0106404,109.5917663,107.2396908,105.0205692,99.58483658,91.81061084,NA,79.31933489,87.30593131,90.03335255,93.50242495,98.25108449,102.2230179,104.2270538,104.1213097,105.9870139,105.8256779,107.242007,104.8809689,102.3062296,104.1368289,103.0794164,104.0659207,105.2668265,105.0377323,103.574074,101.1473014,102.3468618,100.1807287,101.6737931,98.2255271,97.3778174,94.04914665,90.3359917,89.33738353,86.81761627,82.50888458
42.15259197,-70.41074404,2022-09-28T17:15:49Z,5.920746864,1139.75604,4,NA,Tow_dredge,121,97.05466093,115.4494106,NA,97.21088641,101.7760079,107.0342029,109.4460291,107.5145117,108.7773549,106.17773,101.0682178,96.42303876,90.99525099,NA,80.32297219,95.12056716,92.79262713,86.54166073,97.18243147,99.71941234,100.1036352,103.5051192,102.5187847,104.8282282,104.6698221,104.5209612,102.3276513,101.845941,103.8084179,103.5767375,103.9286286,104.4665385,102.3394365,101.0245011,100.6729012,95.85855504,97.06352154,95.85386956,93.70655675,91.0796164,88.79891711,88.06686031,86.35802601,82.65963549
42.15226399,-70.41084303,2022-09-28T17:16:01Z,6.060469594,1102.481453,4,NA,Tow_dredge,60,99.25144719,114.8652653,NA,93.55871016,103.09004,106.6657106,107.9068244,106.941453,108.0203164,106.4849697,101.3316996,95.4198325,91.13725679,NA,82.79449858,91.78983549,87.55007692,90.2022393,102.314544,93.58607788,104.085118,98.57524204,101.3310643,103.5554564,102.7070141,103.1028078,102.1102797,102.3822656,102.0095674,101.3272469,102.9236678,104.8018043,101.9810368,100.5377399,102.4094952,96.15824954,98.07641282,94.8259774,92.39832267,89.71411256,89.08386964,88.94211165,85.86203916,81.13537382
42.15201203,-70.41091201,2022-09-28T17:16:11Z,5.56326092,1073.97014,4,NA,Tow_dredge,60,98.81929559,115.6069599,NA,95.63741328,104.3921523,107.3189463,108.9799037,108.5138705,108.4042521,105.7650213,101.8191544,96.87635443,91.47551565,NA,87.53439722,91.85483402,91.93844573,94.55509355,101.8544437,99.69026651,103.6158711,101.4396532,102.3083117,104.8788118,103.8905653,103.7693695,103.3786269,104.1163383,103.7014268,101.9351474,102.8031053,105.3868192,101.4604783,99.99378724,101.376971,98.01345652,97.50260549,95.11425209,92.96266195,91.76661425,91.43340193,89.61782981,86.01025431,79.53205776
42.15182503,-70.41093397,2022-09-28T17:16:18Z,5.802497822,1053.314284,4,NA,Tow_dredge,207,102.3880423,115.2469253,NA,95.6563948,98.77510123,106.8764929,109.7653063,107.2656422,108.7012645,104.69973,102.0278297,97.32701339,92.38153994,NA,82.95478478,92.99609406,91.72400544,91.46871104,94.91239725,94.82999688,100.8954617,103.6542216,101.2146705,106.4951007,103.5982835,104.3491651,101.7834374,101.8893201,103.570172,104.076166,103.7387077,103.968472,100.171195,100.021547,99.57054236,99.03107315,96.41920319,95.52180922,93.20912295,92.74157322,91.5537809,90.54600654,86.8285587,80.5946622
42.15165303,-70.41096498,2022-09-28T17:16:25Z,5.364229427,1034.133611,4,NA,Tow_dredge,207,99.46119155,115.5611453,NA,95.27716007,102.0093929,107.5914688,108.908632,107.868822,109.45677,105.585436,101.7200296,95.48964477,90.48492646,NA,87.61379329,93.85790549,85.59148021,95.16962978,96.29463045,99.20878859,102.3664655,103.581765,102.3990075,105.895762,101.1909561,104.1090267,103.1725588,102.820261,103.2865187,103.4315572,104.5232095,105.7829897,101.443739,100.9564269,99.90299217,98.99388532,96.27156085,94.29655188,91.95622173,90.42273732,89.3874624,88.70973015,83.95673343,81.01950837
42.15134801,-70.41104897,2022-09-28T17:16:38Z,5.181824955,999.6198015,4,NA,Tow_dredge,107,103.0324504,116.2174834,NA,95.81380257,105.1208825,109.5738481,109.3407551,108.1934295,109.2926768,105.6214086,100.3250778,97.52743589,92.32105398,NA,86.57382525,91.0200467,93.21164258,95.94318341,103.6732797,97.23251001,107.4598101,100.1068176,103.9249302,105.8403633,103.7091517,103.8112618,102.9662889,103.7485809,103.5150891,103.7468738,104.9759739,104.7458648,101.4584796,101.7472223,98.77570746,96.34740015,95.18146985,95.00706257,93.82375568,92.05703866,92.15165344,89.14967247,86.2149766,86.6839189
42.15095096,-70.41115601,2022-09-28T17:16:54Z,5.475987748,954.7402584,4,NA,Tow_dredge,69,102.8522742,116.6714857,NA,95.35353951,107.8115857,110.4660545,109.8602299,107.2613159,108.7863959,105.9843886,101.2949272,99.20142048,93.64657729,NA,78.02353416,92.04039763,92.47317528,91.17017068,107.4280447,95.79507088,106.0148319,105.233186,105.7994641,104.8249351,104.9602542,105.4561403,101.9022515,102.4149172,103.0734523,102.5258814,104.5801453,104.6273716,102.3536623,101.2511849,99.60729375,96.59089101,96.45713295,96.52208982,95.65918893,94.24604399,92.96983968,89.52258851,89.9095932,86.43721251
42.15069599,-70.41120102,2022-09-28T17:17:07Z,4.280213147,926.3434435,4,NA,Tow_dredge,99,100.8800628,116.8024535,NA,98.46377728,103.3707667,109.3985392,110.9602122,109.106183,109.3365601,106.122823,101.5983157,100.828673,95.35830009,NA,87.6036432,96.96006422,91.6989095,91.09754037,102.6200562,93.34873523,106.908517,101.701596,103.6542285,109.0851558,103.2487498,103.5429941,104.4144877,105.205811,103.1401664,103.1078545,105.8411415,104.3133464,102.1713934,101.8916905,99.54589997,96.42597049,96.65234035,97.34891838,97.32323492,96.1479024,94.12321304,90.11354703,92.59568541,87.70742395
42.15046297,-70.411255,2022-09-28T17:17:18Z,4.65098141,900.1713075,4,NA,Tow_dredge,107,101.8116836,116.7897002,NA,98.60712764,101.9906158,110.5360169,111.0489334,108.2768563,108.6709233,106.1326173,101.7213906,101.0489188,96.42795371,NA,82.76503158,96.85744313,93.45807233,94.03159971,99.8821675,95.50493087,106.9217736,105.2716579,104.8069911,108.0636741,103.9772385,105.8324241,104.3268168,103.0811369,102.9749831,102.1959441,105.2959051,103.6555357,102.6590072,101.518886,99.24913006,97.06129526,96.27663711,97.43360467,97.47566897,96.29253945,94.5960214,92.0445153,93.42403934,87.72482092
42.15017698,-70.41130797,2022-09-28T17:17:30Z,5.205443244,868.2962482,4,NA,Tow_dredge,138,102.5982324,117.4271113,NA,96.8479603,102.1911184,111.3883289,110.857275,109.1585844,108.9412021,107.889892,104.2877071,102.4916093,97.09053251,NA,84.10446791,95.25784093,90.88645826,93.83003952,99.73808595,96.75020457,106.346261,108.3110335,104.2769565,107.0903467,104.1693942,106.4867474,105.5037595,104.0191953,103.3535265,102.5140147,104.831682,104.786206,103.2519046,103.7090209,102.2739727,99.09090219,99.41084878,99.99850378,100.2180192,96.8869837,93.71163498,93.31703382,93.68555895,88.02524002
42.14990197,-70.41139204,2022-09-28T17:17:43Z,4.693684499,837.0573358,4,NA,Tow_dredge,107,99.07683175,117.3762221,NA,99.53944355,102.8473775,108.8406216,110.8075051,109.0498394,109.6280675,109.5028055,105.5494246,102.510977,97.90822749,NA,81.32820845,98.74506158,91.3596807,93.65370975,100.8345657,96.83544428,104.0313028,104.3342841,103.8276221,107.1549378,106.5542244,103.6671794,104.764547,104.8096751,103.0381743,103.7542972,105.9048633,104.6399877,105.2424166,105.784518,102.5190414,100.7053903,100.4943488,101.1120461,99.83511961,97.06903366,94.9250294,94.34987637,94.23759816,89.04109656
42.14963903,-70.41135399,2022-09-28T17:17:54Z,5.20212629,809.3851856,4,NA,Tow_dredge,110,100.1046338,117.3352882,NA,97.12902462,101.42311,110.6658115,110.6331682,108.6752937,109.091946,108.9642616,105.4638295,101.7430116,97.91800548,NA,85.97072676,95.29116744,91.41767608,93.43878701,98.21051076,97.03047122,106.5399118,104.7197032,106.2160664,106.5234635,107.083631,102.94291,104.7749834,103.0870416,103.6787553,103.4490061,104.7995838,104.5954242,105.035432,104.8950744,102.0499026,99.87441086,100.8558983,101.2364611,99.23967654,95.69970973,94.51666835,95.02242704,93.57612193,88.66056776
42.14933401,-70.411285,2022-09-28T17:18:08Z,4.780286542,777.9438194,4,NA,Tow_dredge,107,101.5384958,116.9054181,NA,97.21334021,102.7137329,109.5258232,110.3880838,108.0158825,108.6178172,108.779254,105.5702262,101.4260594,97.65278103,NA,81.64761896,96.51175799,88.05593682,90.42885032,98.98101124,99.85311134,105.5788029,101.526772,105.9453469,106.5365257,105.4137324,104.700908,103.7803457,101.9111612,103.7874062,104.3069858,104.0555566,103.0836107,105.3703083,104.0034936,102.0193586,100.7725792,100.5539498,101.0558964,98.87687611,94.80653358,94.9709169,95.4608863,92.29637122,87.86477214
42.14902497,-70.41139204,2022-09-28T17:18:22Z,4.931571769,742.6209968,4,NA,Tow_dredge,175,103.4321686,117.6243647,NA,96.89994282,104.380866,110.3967621,111.0182474,108.7226559,109.6378789,109.1638708,105.452373,102.2452002,99.751347,NA,88.98522537,95.52225276,87.32178479,87.99629163,101.5380496,100.9833617,100.6049045,106.0897753,107.5913398,107.7499799,106.08892,104.1867312,103.5423959,102.4471264,105.3585493,105.3292305,105.3181267,103.7768187,105.5785354,104.5251916,102.5553086,101.1912627,100.192877,100.6009921,98.82343448,96.02275373,97.11021653,97.25996681,95.13823511,89.33458922
42.148743,-70.41139204,2022-09-28T17:18:34Z,5.084560088,712.4285154,4,NA,Tow_dredge,176,108.4298982,118.695009,NA,95.67736409,103.8311105,113.4487595,111.7558194,108.9343538,109.9635995,109.8316665,106.0745966,102.4148041,99.96315334,NA,84.44798334,94.45752157,87.96993454,87.40878129,102.3886393,97.97788377,103.8466529,106.4964277,111.8289157,106.8406952,108.003585,105.8390956,103.4654894,102.9669418,105.5906637,105.318446,105.7073812,104.459152,106.1280339,105.4413285,103.0515927,102.1616508,101.2219718,100.3346532,98.63083405,96.38255573,97.62956802,97.56010337,95.27888554,89.25172924
42.14846799,-70.41141501,2022-09-28T17:18:47Z,4.586358242,682.5742403,4,NA,Tow_dredge,174,107.6865123,119.4832218,NA,91.42929653,105.1638851,114.1977039,112.6038817,108.7484703,110.3324406,111.3915517,107.2518252,103.593516,100.7302822,NA,80.35446848,85.80257475,89.54632412,93.54295863,102.8048242,100.6077837,106.1573228,108.061583,111.9758839,109.963238,107.0435187,105.099044,101.8810937,102.2794391,106.2981617,106.450423,104.6806759,105.3672136,107.018084,107.0410645,105.6640735,103.3109708,102.6826442,101.1827991,98.70389351,98.4267465,99.29096898,98.36879623,96.13420554,89.32671009
42.148182,-70.41146899,2022-09-28T17:19:01Z,4.463400406,650.9244156,4,NA,Tow_dredge,176,108.6678736,119.5677415,NA,97.48765068,104.5810898,115.3424192,110.7357124,109.9786559,109.735708,111.1950872,106.9042619,103.5486913,101.2375116,NA,80.84581302,95.19901846,93.37535383,90.5862716,103.5626485,96.86456209,107.9421613,110.8759575,111.9744957,108.1292699,104.5228664,104.0010975,103.4224715,106.2204672,105.5187393,105.4899125,103.0228788,105.8702464,106.8749182,106.5138549,105.8171887,103.5590179,102.0760221,100.0875544,97.98152483,99.61817505,98.57240505,99.08021639,95.96462894,90.99259714
42.147865,-70.41149899,2022-09-28T17:19:14Z,5.289493238,616.5846868,4,NA,Tow_dredge,175,108.0974835,119.7806408,NA,98.59363836,105.9364201,114.9288229,112.1582929,111.211951,109.8242152,111.4493075,105.2386866,102.74521,99.32763239,NA,81.46092137,95.41848683,95.57700553,92.94044745,104.3905199,99.90419704,110.0674491,108.97898,111.1552003,107.5290255,105.3601329,108.6572256,104.4641771,105.7731114,108.225103,103.345518,105.0835261,106.2522495,107.9329005,106.1594868,105.5854444,102.6024261,99.91463391,97.32141595,97.98512002,98.19016317,97.73475452,96.87111481,94.71494066,88.68648658
42.14772804,-70.41144602,2022-09-28T17:19:21Z,4.404391767,603.3682747,4,NA,Tow_dredge,92,102.1755271,119.642738,NA,97.70009346,104.9286597,112.7746847,113.0658417,112.3423135,109.3765934,112.0406031,105.9541884,103.2894067,101.1683895,NA,83.75200731,96.50650723,90.71065086,96.1096896,102.2404782,100.1171365,108.6145388,108.5002827,106.6231282,110.2936806,107.2345341,106.3020779,105.7380543,108.3277125,108.1931663,104.0575824,103.4605222,105.909471,108.4607618,106.5166154,106.5302526,102.6431283,101.1416741,99.03505333,99.11514424,98.29110838,98.07794363,99.4819366,95.16243315,89.67855242
42.147564,-70.41144602,2022-09-28T17:19:28Z,5.07088132,586.0943104,4,NA,Tow_dredge,175,105.0907359,120.1766439,NA,94.03052328,105.5834401,113.1893859,111.7202771,112.8939166,111.0001421,113.629517,106.3371438,105.4338216,102.1623272,NA,80.86432784,92.00478043,89.14313307,97.05492797,101.6509537,102.1666668,109.0167427,106.1631681,109.4123846,106.4364037,107.0853299,107.2811699,106.033008,109.913235,107.5262528,103.951056,105.8472148,107.9674614,109.5127904,107.8818764,109.0232049,103.343662,100.9846522,99.48602069,101.2709247,100.6987553,99.91205656,98.67479243,98.31342799,93.61834642
42.14743802,-70.41146899,2022-09-28T17:19:36Z,3.438553543,572.2807205,4,NA,Tow_dredge,206,103.7710215,120.1124297,NA,96.08196962,105.900931,111.0718825,112.9746865,111.8618738,111.3655511,113.8706505,107.9664733,106.1898771,102.6254842,NA,84.51731358,93.04921133,92.44514832,92.43005347,104.0493586,100.7029696,107.0066825,105.7394088,106.0536434,110.1533332,107.3688841,106.0434691,106.1278915,107.500338,107.5042287,104.8361758,106.7290374,107.7384784,109.2589348,108.7590968,109.2612702,104.1179271,103.2299445,101.9763136,102.1315062,100.6808078,101.3214857,100.2947088,97.80476876,91.95827629
42.14735404,-70.41147603,2022-09-28T17:19:41Z,3.641453872,563.2936353,4,NA,Tow_dredge,221,102.6126442,121.0237001,NA,97.31897605,107.6192879,110.8601425,114.4993332,112.4460461,111.5473894,114.8988378,109.5846631,107.30908,104.2542812,NA,84.62311166,92.78507527,95.05823775,92.19015635,106.1268918,101.8050534,104.7024518,105.7201535,107.407405,111.6311935,109.4588241,106.8056238,106.3760746,108.7148515,107.6219569,101.2611036,107.8655933,108.3417417,110.9808528,108.5671816,110.4809168,104.8830052,106.3084132,102.3946589,103.6182444,101.9346879,101.8178907,101.2651455,99.99279838,95.14316665
42.14707903,-70.41149103,2022-09-28T17:19:54Z,4.581331173,534.1667963,4,NA,Tow_dredge,503,104.7470303,120.9269149,NA,100.0877557,106.6401031,110.0093902,112.7217114,114.9171834,112.1187969,114.483148,108.1823251,106.616014,104.5482921,NA,85.61916994,99.2975972,91.2475306,92.48609813,104.0078969,102.8320341,104.39018,104.5045889,106.4858193,109.0744934,107.9954984,106.3653317,110.432515,111.7893555,106.8839542,103.055953,106.9552414,109.6880166,110.8760285,107.7962658,109.9208025,103.6015323,103.8876982,102.6497326,102.9521162,100.9879534,101.3320193,101.8256745,100.070566,94.92733293
42.14682799,-70.41150704,2022-09-28T17:20:05Z,4.943868635,507.6617436,4,NA,Tow_dredge,69,107.2901258,120.5490328,NA,99.94466138,110.5084246,112.8025318,113.4999208,112.6171744,112.1580384,112.3817,106.2032337,103.9718512,100.4412736,NA,78.14686112,98.94909243,92.9168071,92.08291908,110.0025077,100.3126724,106.9879833,107.3842037,109.3410629,109.6926118,108.6323194,107.6130005,108.0127546,109.6151642,104.4544424,105.9785976,105.2626016,109.5977587,109.5423414,103.8904549,107.6758547,101.2143533,101.769744,101.2908533,99.72196975,99.25654985,98.54309629,97.8209438,95.97061258,90.25525122
42.14658399,-70.411514,2022-09-28T17:20:16Z,4.800936597,482.3063821,4,NA,Tow_dredge,138,103.6624878,120.8651141,NA,99.2724042,108.4301552,112.9012311,113.8839153,113.0918658,112.8008331,112.9171625,106.7215058,105.9956096,104.0966426,NA,84.41893227,97.9844909,92.77325276,95.15535799,106.8320968,102.593463,106.6518912,110.2464579,106.3288717,109.8739662,108.7042545,108.6463025,109.084138,109.4078362,105.5085635,103.5898377,105.2944459,111.2673641,110.2506511,105.5761121,107.3002788,100.0479474,103.0178304,102.2685711,101.6796764,100.6770498,101.2585235,102.0826686,98.55953082,93.71699169
42.14633203,-70.41153696,2022-09-28T17:20:27Z,4.967748739,455.8460657,4,NA,Tow_dredge,60,107.5938374,120.7917041,NA,95.81221107,110.5887038,111.9594399,113.8054415,112.5298846,113.3428636,112.0252,107.6662725,106.551421,104.1939214,NA,81.89643055,94.56873213,89.00095243,92.86165446,110.364982,95.81738495,107.7717898,105.4958338,107.9030548,107.4258465,109.6029899,109.7145229,109.2291579,108.6325455,103.4890072,103.9577882,107.2820917,111.3848798,110.0144089,102.1440176,106.3038704,101.2899826,103.8248367,103.18989,101.7177407,101.6489018,101.9674747,101.6502503,99.59534711,94.03623813
42.14603397,-70.41156001,2022-09-28T17:20:40Z,4.969409616,424.9427925,4,NA,Tow_dredge,137,108.198522,122.2737839,NA,101.1879169,107.6576765,115.0233429,115.9527345,113.9951565,115.0070096,112.3745195,108.958699,107.2184223,105.1596349,NA,79.77074681,100.5870567,92.05127093,95.17409174,106.3026026,100.9125057,108.3039295,112.3074763,109.0387955,112.1993668,108.6360363,111.8981653,111.5683818,108.8170863,104.9493903,103.9611815,109.7607983,112.9491158,109.6654729,102.6002467,107.9224471,102.9609641,104.6878142,104.6949094,102.903981,102.3894154,102.0007866,102.0853566,100.9969445,96.08832028
42.14569903,-70.41159103,2022-09-28T17:20:55Z,4.843161703,390.4779043,4,NA,Tow_dredge,60,105.1787932,122.8211682,NA,93.389158,110.7428464,113.9222443,116.8363065,114.45647,116.5262925,111.9985977,109.1034453,107.8337951,105.4882885,NA,78.95367422,90.1670136,90.27150329,97.10455404,109.8292128,102.3997035,108.4682201,111.259586,106.3150636,111.3283293,112.3560168,112.4264092,111.6580778,110.1284635,104.7034285,106.3432014,112.3607046,113.6939556,108.5855554,104.0576121,107.8376641,104.2258483,104.4653721,104.3020189,103.3988971,102.5942116,103.1558925,102.9391527,100.8214545,95.59736521
42.14550801,-70.41159798,2022-09-28T17:21:04Z,4.594370585,371.4618116,4,NA,Tow_dredge,109,104.930004,123.5435868,NA,95.57219226,107.7864614,114.5894544,117.2197484,114.2078115,117.866151,113.3919123,111.0137199,110.2267341,107.5680035,NA,83.3968408,92.18805703,92.39039227,98.32605657,104.4003656,104.1030964,112.0809092,109.476396,105.7509575,113.1037606,112.6195409,111.4630779,111.2250085,110.0533005,104.7244193,108.3684749,113.9461057,114.6987274,109.1499273,106.8439089,109.4347896,105.5342481,106.3170309,106.7854632,106.1612806,104.8104642,105.2853271,105.1499928,102.8763135,96.98552278
42.14527901,-70.41161299,2022-09-28T17:21:15Z,4.510106341,348.7403894,4,NA,Tow_dredge,138,106.9026982,123.9961034,NA,94.46409032,109.3910605,115.8911161,117.2066423,113.9803812,118.8259071,113.198982,110.6074808,109.9656547,108.4154325,NA,81.43511366,90.04964407,92.16039057,94.63018099,107.4251777,104.584795,111.9467801,112.2016821,108.1735487,113.2153156,112.0127443,111.958663,112.0368449,107.9476381,104.4525031,112.1261935,114.7842,114.7575202,107.3846109,109.3033333,108.3848253,106.2433253,105.4753438,105.7551048,105.2682773,104.7860057,105.4988709,105.4361241,104.2365841,98.99869203
42.14498498,-70.41163604,2022-09-28T17:21:28Z,4.902441333,320.0145506,4,NA,Tow_dredge,60,109.2575375,125.4947536,NA,97.30879195,112.5379204,116.309753,119.3004629,117.3833461,119.3039789,115.0574262,111.9690673,110.7771406,109.1966538,NA,83.4051943,96.06806761,90.48520896,97.22905987,112.1315414,100.310434,112.0577198,112.2444849,109.9678062,114.2311939,113.5216324,115.5788709,114.9334275,112.0925152,108.6992682,114.2613844,115.6737338,113.3415674,107.2461927,112.7384009,109.0054492,106.8204679,108.0298358,106.6034059,105.9488554,105.4484045,106.5502645,106.5382219,104.8351182,98.81064352
42.14475598,-70.411659,2022-09-28T17:21:38Z,4.968942061,297.9887412,4,NA,Tow_dredge,250,107.7918586,125.9445188,NA,97.43771208,108.9405891,116.7893397,120.3125825,116.8115645,120.3809758,114.9358581,112.6238642,111.4990844,109.3803533,NA,85.27125699,93.69997278,94.56747461,102.0755101,106.847003,101.4122558,113.015339,111.6196299,111.2065848,115.1372658,115.5585427,115.8952215,112.8237307,111.7147633,111.4582298,115.8073572,117.4469228,111.9128637,108.7519734,112.3046536,108.2322449,106.4939595,109.00537,107.6963852,107.2096365,105.6761218,107.1329602,106.457541,104.9537295,100.485119
42.14451198,-70.41167401,2022-09-28T17:21:49Z,4.804853532,275.6333643,4,NA,Tow_dredge,1012,108.45792,126.2079068,NA,96.59203423,111.8262653,114.9915533,120.1187072,117.99037,121.4745297,114.1342202,112.6191302,110.9804312,108.7326035,NA,82.51271509,93.82007102,92.95393688,95.50713923,111.273232,101.6592345,107.8001272,112.0719334,109.7413995,115.0306436,116.9691902,113.2551379,113.793075,110.7727205,114.3230388,117.9237257,118.3402669,110.0827753,110.7830199,109.6047239,106.8137951,106.5592889,108.8849851,107.7912202,106.5599949,105.3620245,106.5958387,106.0000181,104.2751099,99.09407423
42.14424502,-70.41170502,2022-09-28T17:22:01Z,4.831717231,251.4970708,4,NA,Tow_dredge,138,115.6436837,128.5753266,NA,105.7596603,113.3289924,121.6602359,122.9519899,120.0625966,122.2128343,116.2082796,113.052682,110.9214411,109.4718429,NA,82.12145508,104.223593,100.4369589,95.61401747,111.8179546,107.7526489,112.1473101,119.7876478,115.4331023,118.8903412,117.1599732,118.3174902,113.4714593,113.5152174,117.5393077,119.7691764,117.9822475,109.4387269,111.9867745,111.8973649,110.2065026,108.4105034,109.4430713,106.4978512,106.6038962,105.6854344,106.1126428,106.3667091,105.2870455,100.5870626
42.14395903,-70.41172799,2022-09-28T17:22:14Z,4.768787421,227.7016898,4,NA,Tow_dredge,192,111.7493824,128.7278263,NA,108.1393962,110.9023848,120.459114,123.1023668,122.9872863,120.8289581,116.75296,113.5881906,111.3962073,108.9271511,NA,79.43687385,107.0166421,101.6893319,98.95517721,109.709071,103.3670322,115.3662809,116.0165343,115.6564014,120.1921488,118.3713295,114.9183061,112.1619793,116.667574,121.3375021,119.0166458,114.2515007,111.6662153,111.8074584,111.9519483,112.1777908,109.8910277,108.9448645,107.2025752,107.6462675,106.0436105,105.9709285,105.8552177,104.7488216,99.89466988
42.14366097,-70.41175104,2022-09-28T17:22:27Z,4.969410227,205.285272,4,NA,Tow_dredge,504,114.4812203,129.3560168,NA,107.2877061,115.1968472,120.6290665,122.3263203,125.1181128,119.7956925,118.1212558,114.3699412,112.2762235,108.906739,NA,83.37448647,106.4369234,99.68930544,99.81167729,114.6585055,104.6240623,116.09089,115.1378071,116.2625224,118.844816,118.4870402,113.7343551,115.51814,121.3689824,121.8258627,117.8488633,113.0741811,111.5138489,115.9166443,111.0245855,111.1950583,110.5732431,109.1339549,108.8925667,107.8228383,107.1908121,107.4782852,106.3468035,104.2127714,99.16188329
42.14334497,-70.41178096,2022-09-28T17:22:41Z,4.896191516,184.7087603,4,NA,Tow_dredge,504,116.6087509,130.2603146,NA,105.5182156,115.768977,122.8274903,122.6057241,126.1580788,119.1968462,119.5054668,114.8804894,113.2493331,109.6884994,NA,88.8547144,104.6908775,97.3336661,105.8782508,114.4881967,107.6117386,115.1556375,119.8044737,118.0196428,119.8880782,118.6582277,110.5433866,117.125234,123.9445136,120.541533,115.8613913,114.600148,111.9630089,117.0007763,113.0808697,112.7374256,111.3430774,110.0186447,108.5109401,109.1299086,107.8162667,108.3878376,107.255614,104.7411458,100.0554439
42.14305102,-70.41181197,2022-09-28T17:22:54Z,4.90779487,169.699543,4,NA,Tow_dredge,137,115.5041571,130.162258,NA,105.573536,116.1896831,122.2531353,121.1839052,126.5583634,120.1224159,119.3082149,114.6776313,112.2498443,108.110448,NA,86.04049869,105.3923248,90.30573783,101.4364039,115.2567275,108.2266158,115.3170902,119.7708987,115.9242273,118.8909317,116.7435183,108.2155798,117.9124768,123.7768403,121.8265022,115.4720153,115.9668278,114.4866915,116.5759055,113.2680226,112.6942522,110.8582949,109.8771993,108.7239908,108.138263,107.1581289,107.0552504,106.037208,102.7032997,97.73249062
42.14278397,-70.41182698,2022-09-28T17:23:06Z,4.819698723,161.68762,4,NA,Tow_dredge,137,117.9537673,131.1084064,NA,103.2798678,115.0312753,123.5062514,123.6945945,127.6555188,119.9187024,119.0193904,113.8438084,110.279945,104.3732002,NA,84.09705696,102.9336608,91.37897523,102.8212815,113.4439046,108.9412757,115.8673591,121.8000853,115.3430906,121.053517,119.5481674,112.1902697,118.4274454,125.5905957,121.7877274,115.636249,115.7586166,113.7794267,116.4794635,113.4618261,111.1857356,110.2242633,109.2073244,107.2996638,106.8375968,104.9688778,104.3107624,102.3404982,98.79767355,94.23179888
42.14253603,-70.41183502,2022-09-28T17:23:17Z,4.878778903,159.3673581,4,NA,Tow_dredge,137,114.2409138,130.3822569,NA,107.0829415,115.3479122,122.4785314,124.6264908,125.5359068,120.1445185,119.0429217,113.8648469,111.9387861,106.1860419,NA,82.64030082,106.8211461,94.47901425,101.0040945,114.5235754,106.68661,112.1753907,119.5607065,118.4552781,121.4195255,121.1634608,113.1777223,114.4921711,121.6226687,122.6558567,116.6806217,115.6320857,113.062391,116.7189008,113.551827,110.2482484,109.1713651,109.696722,108.2999304,108.0944456,106.944821,106.2636302,104.2563194,100.5245399,95.59117914
42.14224602,-70.41183502,2022-09-28T17:23:30Z,4.827267291,163.3365754,4,NA,Tow_dredge,214,112.3583239,129.4441688,NA,108.2126447,113.995616,119.5554406,123.3783562,125.0743519,120.6262635,118.179328,113.4207398,110.9524896,104.4216198,NA,84.83797447,107.7672286,97.89182746,97.48949965,113.4812072,103.5063377,114.3803834,116.3442267,112.9572945,120.500959,118.7636522,114.8053035,111.0505672,120.1590957,123.1222034,118.4430467,113.8132182,113.3401337,115.2814677,112.5196353,111.508209,109.1168942,108.5755438,108.2077119,106.9770075,106.3555044,104.9778774,102.4535939,98.93693711,93.53565297
42.141998,-70.41183502,2022-09-28T17:23:41Z,4.878942994,171.5245092,4,NA,Tow_dredge,197,113.7220312,129.9927873,NA,108.9731716,113.6373539,120.5483566,124.1990152,124.7094956,123.162493,117.40638,112.9088855,110.4253439,103.7741782,NA,82.88759899,108.6715435,97.07768883,101.0774753,112.8452358,104.1007912,114.1480572,117.5042599,114.9386015,121.6018556,117.2760212,118.1260543,115.5791835,118.5895359,122.7268486,122.2027829,112.6444056,113.5571795,113.3832247,111.7108875,112.6513382,110.0469432,107.4139868,105.9290562,106.551282,105.41424,104.8148647,101.9584176,98.01216288,92.60297741
42.14164403,-70.41183502,2022-09-28T17:23:57Z,4.787162821,189.6385328,4,NA,Tow_dredge,342,109.7451249,128.5440766,NA,103.4554583,111.5257537,116.9244262,122.5198407,121.5715479,124.1978476,116.472909,110.5633662,108.3965741,102.172858,NA,84.65384408,102.2282774,97.12859955,99.12347072,109.3328603,106.82698,111.2731343,113.1459186,111.8222306,118.5777455,117.0295804,117.4902191,114.9109483,113.0325338,119.6621923,122.2505402,119.0783446,111.4972495,114.6676282,109.2269766,108.2789846,106.2983294,106.2848301,104.5788472,103.9936694,104.1580626,102.5518456,99.9204009,97.11358778,91.84521955
42.14135402,-70.41182698,2022-09-28T17:24:10Z,4.828287108,209.3355981,4,NA,Tow_dredge,69,110.5061187,127.5850532,NA,101.5194167,116.3687516,118.3539604,121.3939525,118.7061261,122.0926338,118.0501154,111.1055495,108.758818,103.0363335,NA,81.77721307,100.5182895,94.42569049,101.5839445,115.4364454,108.4089839,112.8610967,111.7704399,115.3270414,117.1045597,116.9413425,115.6890519,114.6002266,109.2923003,115.6699744,119.0811975,118.4567427,110.3668158,115.8512722,112.6901821,108.3115122,105.4331155,107.3169753,106.0354587,104.5932722,104.4834924,102.617209,100.7525694,98.13059506,92.37042169
42.14108697,-70.41182698,2022-09-28T17:24:22Z,4.815518571,229.5958797,4,NA,Tow_dredge,194,110.5321419,127.1894067,NA,105.2102905,111.2639236,117.8493463,121.6804158,118.1377356,122.3199986,116.2031417,111.076941,108.1619773,102.5756444,NA,83.00747014,104.9076133,93.08483408,99.60282905,109.8713097,104.4050039,112.8981097,112.6435684,113.631243,117.7057903,115.7580824,117.0439651,115.7530096,110.8725194,111.8452084,118.6816592,118.8303143,113.0963989,110.6184219,113.9361847,107.3514346,106.9332273,106.815649,104.8788663,104.4770415,103.4932445,101.7914324,100.1879407,97.72675197,92.37587365
42.14079302,-70.41181901,2022-09-28T17:24:35Z,4.893838008,254.4230423,4,NA,Tow_dredge,69,114.2380614,126.2800958,NA,101.4454093,117.4302853,118.776565,118.8954472,117.1766141,121.0699691,112.9306271,109.9307847,106.2870061,100.1224378,NA,84.00985431,100.570467,93.60488861,92.81830542,117.2849804,102.1206006,113.187767,115.2027235,113.3206348,114.2534221,113.8382647,114.2674765,114.5171116,112.0471491,108.9662978,115.6417453,117.947436,114.6152951,105.4399971,110.891888,105.8627883,107.35278,104.1163408,102.6145841,102.1510726,102.1121728,99.93742071,97.68543616,95.37471488,89.86759302
42.140545,-70.41181197,2022-09-28T17:24:46Z,4.880023536,276.6533799,4,NA,Tow_dredge,137,114.7787571,126.2667316,NA,103.2124401,115.8809473,119.5690428,119.9670729,117.755073,120.0874774,112.4528683,109.2556854,106.0198222,100.0040723,NA,81.34748528,102.5030286,94.80196005,96.17846891,115.331195,106.2228907,107.0539044,118.3261942,112.4208221,116.329943,114.7436963,114.2293581,115.8211316,112.0615468,107.2886633,113.484733,117.1198269,114.5032923,106.7177331,109.0369365,106.8870748,106.7871583,103.2532433,101.8688186,101.603959,101.6039929,100.4365946,97.82328998,94.91941989,89.28006444
42.14031198,-70.41181901,2022-09-28T17:24:56Z,5.043521475,297.7902531,4,NA,Tow_dredge,220,109.2955184,124.9004436,NA,100.6830315,112.8225844,115.3192298,119.108623,116.8298402,119.641984,113.0207087,108.6335211,106.8659926,98.79840985,NA,78.4945148,99.90563308,92.66560756,90.94835208,112.1326201,104.2961903,106.2053172,110.7687996,112.5344463,115.4247208,113.925744,113.4004639,114.1294943,112.7029069,105.6591299,110.4228001,116.4419267,115.6807828,108.9859551,107.1123417,108.4429988,104.8596236,102.8962547,103.5995492,104.2366852,100.2816142,100.5690982,96.65773759,93.60186225,88.18946716
42.14010998,-70.41179697,2022-09-28T17:25:04Z,5.481631455,317.7695202,4,NA,Tow_dredge,69,108.5313266,124.354589,NA,99.39591035,113.524022,116.3943897,117.4545332,116.2680583,118.9813261,112.7994771,107.6722558,104.6710928,98.14681882,NA,81.7949758,98.21281932,92.84158025,97.11395339,113.0309234,102.7913556,112.3416399,110.839212,111.5586708,112.6925799,112.2504418,113.0684624,113.1333033,112.3658632,106.5598925,107.9799697,115.6107835,115.6126124,109.6044915,105.630299,107.9702976,104.2683269,102.321906,101.6794646,101.4604169,99.75979496,97.67687569,95.96345611,93.20224518,86.88805236
42.13983497,-70.41178096,2022-09-28T17:25:15Z,5.414916858,344.9650313,4,NA,Tow_dredge,399,104.3867351,123.3371774,NA,95.29885952,108.2506503,114.071389,117.3472614,117.0078797,117.0851124,112.985823,106.7362442,103.7244792,96.97876557,NA,83.65980737,93.02168405,90.60712582,93.66993903,106.5119987,102.9500385,108.894673,108.5474503,110.2632861,111.8959334,111.734303,113.7855674,115.1358141,111.3100741,106.0868245,105.300848,113.1431961,114.3297022,110.4733413,104.0279126,107.9295118,101.7689285,102.3253737,101.7770495,100.0770483,99.02093514,97.33529174,94.69519885,92.24589221,85.59022463
42.139553,-70.41176604,2022-09-28T17:25:26Z,5.551060703,373.3419978,4,NA,Tow_dredge,137,111.1455309,123.5390526,NA,98.17166199,107.4097822,116.5684254,117.0821067,116.9247379,116.8486928,112.9242028,105.8274802,102.5244055,95.71200885,NA,84.77337606,96.98646191,91.02962114,92.98551041,105.3887863,102.6729191,108.6442224,114.9498133,108.3249317,112.47475,111.5504457,112.8115066,113.727712,112.9973883,107.5775152,103.2606977,111.8905696,114.8896498,111.1696792,102.0193969,106.9236852,100.5652883,102.2620273,100.0154065,98.79447401,98.19484501,95.69114036,93.3419857,90.88214397,85.33629555
42.13930498,-70.41176604,2022-09-28T17:25:36Z,5.366837293,398.2556651,4,NA,Tow_dredge,137,110.612428,123.4359668,NA,100.4064544,111.6788444,115.853428,117.0013393,117.4533191,115.1391797,113.390697,106.043609,102.1925146,95.4530307,NA,79.82677238,99.97242571,89.76941577,94.03939116,111.0620702,102.292354,102.279129,114.0469316,110.5719671,112.2985785,111.5670321,112.7443994,114.1563473,113.6379641,108.1180887,104.2772777,109.7235506,113.136951,111.7943023,103.0023718,106.7382068,100.3946463,102.7976711,100.0931568,98.64017212,97.8331654,95.02948733,93.32596013,90.27357648,84.68594636
42.13904204,-70.41178096,2022-09-28T17:25:48Z,4.745601121,424.585037,4,NA,Tow_dredge,69,106.5072201,122.2893907,NA,95.1450722,112.6459518,112.5566895,116.1389546,116.7367757,113.6866599,112.3959721,104.1460866,99.60978997,91.84288477,NA,80.31912191,93.43722233,89.80220274,94.51681157,111.9323338,103.9858755,103.0678694,109.0076436,109.0484941,110.9139698,112.4764621,110.443859,112.6244481,112.8924041,109.7345864,102.6491875,109.2757225,111.1614367,110.5587689,103.7570272,105.5794439,99.40104617,100.1093588,98.4580703,95.83238536,94.58189643,93.87088073,90.00029312,86.36113586,79.81757962
42.13870198,-70.41173603,2022-09-28T17:26:03Z,4.929131332,460.9058063,4,NA,Tow_dredge,69,106.2055293,121.7523635,NA,96.71948657,110.422094,113.3361944,114.1225403,116.6645885,113.4675082,112.6389742,104.2924239,100.0146916,91.7996175,NA,80.48462736,96.06423516,87.37342222,92.67809519,110.14539,96.94599994,107.2846218,110.2346895,107.5219822,110.1793461,109.4336046,108.220906,112.4376173,111.7967588,111.3799233,105.9476102,107.4677657,111.0398086,110.8851095,104.2283553,105.3819289,99.86579752,100.5184957,97.71194336,96.63272017,94.7234203,93.91159121,89.66375923,86.71759067,80.72968276
42.13841599,-70.41172002,2022-09-28T17:26:15Z,5.16149119,491.069968,4,NA,Tow_dredge,69,107.0917725,121.5569529,NA,95.70825549,110.2020389,113.5026276,113.5889884,116.6407619,113.4157943,111.8257112,104.0420428,99.87031704,92.34716664,NA,79.07847321,94.78716238,87.99686708,97.78574356,109.7613083,96.13202417,106.2264007,109.0280364,110.0910744,108.4189082,109.258515,108.7341969,111.5443226,111.5727726,112.4317494,106.3793636,107.8661521,110.6050061,109.9996969,103.4293561,104.8052184,100.8375828,99.40212518,96.55347663,96.71379258,94.51614597,93.39391425,89.89270165,87.73798358,81.67835049
42.138115,-70.41175799,2022-09-28T17:26:28Z,5.031903671,521.6840349,4,NA,Tow_dredge,69,109.1803976,121.2221662,NA,95.60697827,111.8937927,112.786927,112.4958031,116.5626888,112.2728927,111.5204778,104.0621141,99.30717507,90.7325717,NA,86.85638402,91.76237212,92.17807674,89.27261319,111.7169898,97.26242445,100.2111434,111.7232295,104.8814259,107.1998341,108.7858514,106.9518746,108.4419856,113.5301068,111.9836406,107.18,105.7337366,108.9809301,109.9500317,103.1072395,103.543753,100.6874781,99.30523587,97.19654926,96.45652861,93.66923423,92.49302474,88.6676277,85.58581296,79.34717161
42.13783303,-70.41173603,2022-09-28T17:26:41Z,4.701260275,551.9860128,4,NA,Tow_dredge,137,109.9703684,120.9378989,NA,95.87770169,106.0000056,114.2197823,113.6255579,115.2789055,112.9057213,111.4537996,103.6584099,98.06102921,89.2589593,NA,90.39774837,92.66610136,89.67083695,91.44875332,104.625866,99.7322966,103.712946,113.3899535,103.511139,108.7385661,108.4792193,109.3038864,108.1245237,110.2947601,112.1813766,109.1024801,105.7408725,108.8313418,109.2929382,104.2149856,104.531645,100.492478,98.97234928,96.15447914,95.34411751,92.4483583,90.85849468,87.11919456,84.15928048,78.28836505
42.13758099,-70.41169002,2022-09-28T17:26:53Z,4.586305832,579.7582268,4,NA,Tow_dredge,138,102.2301607,119.6807492,NA,97.04867725,104.3799325,109.5436895,113.1799292,114.5212206,112.9379537,109.5524261,102.9450099,98.82878023,89.68584196,NA,83.47526299,96.26291762,87.89747037,88.85808678,102.153026,100.0984128,102.0425901,106.8081922,104.1610279,106.0303121,108.3500455,109.9775692,107.5069814,108.2905019,112.0257981,110.3022174,104.5449396,107.8541734,107.528661,102.2209372,102.2852735,99.62373901,98.23634211,95.87601726,95.93492463,93.63860054,91.47066815,87.90098429,83.98549157,78.00243856
42.13726399,-70.41167401,2022-09-28T17:27:06Z,5.280219673,613.8439132,4,NA,Tow_dredge,137,108.7287211,119.7557907,NA,97.09962885,102.9866502,113.2633593,113.3082373,113.2705048,112.4036514,109.296104,102.0349755,97.7331571,89.21251185,NA,83.25046861,95.65650701,90.92886808,91.7651038,100.861733,97.9205359,103.8461533,111.7225494,105.9189456,109.0151571,109.0198817,107.3794187,107.7697719,106.4846084,110.3342689,109.7530892,106.6644076,105.193191,107.4582752,102.5541506,100.5442624,98.38984891,97.47707791,95.41718542,95.18341929,92.14760382,89.97904697,87.11626345,83.96988957,78.44631409
42.13698202,-70.41168197,2022-09-28T17:27:20Z,4.359149178,643.8125151,4,NA,Tow_dredge,137,104.6062956,119.2664522,NA,97.48288288,105.4080404,113.5476486,111.5601761,112.4842247,112.1305924,108.6466811,101.745571,97.23411361,88.13149137,NA,81.13972031,96.6162715,89.4608112,87.34945081,103.6828214,100.3523004,108.5536491,108.9302876,108.8365777,106.6209589,107.4096842,106.2549655,108.3348413,105.5197112,108.6562245,109.6869737,106.7130243,103.6861318,106.7850553,102.1896444,99.5286697,97.97949267,97.00486458,95.62265034,94.63302251,91.96793969,89.08581255,86.12326091,82.62870307,77.60484167
42.13669997,-70.411659,2022-09-28T17:27:32Z,5.095268738,674.5169783,4,NA,Tow_dredge,138,104.0001423,119.1036584,NA,92.05084851,106.6205238,112.9779377,113.0846572,111.1625999,111.9495803,107.7364378,100.72634,96.69173691,88.59020194,NA,84.96126543,89.41509894,86.19241419,85.86733614,105.7583455,98.96701353,107.4355953,109.5854197,107.1778231,109.0490931,108.0961417,107.679705,106.8682584,103.1991652,107.8664597,109.5179791,106.954477,102.4474767,105.8684096,101.1463602,98.88583169,96.6830243,96.23642742,94.7093042,93.66185394,91.90644031,88.99610887,86.64896888,83.0071188,77.83035569
42.13645899,-70.411644,2022-09-28T17:27:45Z,4.015425122,700.7100226,4,NA,Tow_dredge,138,102.7381332,118.6025466,NA,94.41234105,103.2703559,111.995868,111.9475057,111.7745769,112.481371,106.4816602,99.72364751,96.04646921,86.66094678,NA,81.67331431,93.18149036,87.28070444,89.22683109,101.4312838,98.12487588,104.5505488,109.1564315,106.7649874,108.9535426,106.2025466,105.5974049,107.9211575,107.2342487,105.5164301,110.3464672,107.2136857,102.0725303,103.7408212,101.6425855,97.93764305,94.93832719,94.58748273,95.30209705,94.14192949,89.67856932,86.98887509,84.28484951,81.67380353,76.84041222
42.13610804,-70.411644,2022-09-28T17:27:58Z,5.841624274,738.5359355,4,NA,Tow_dredge,137,103.3628887,118.0718501,NA,93.10089207,101.199957,112.1307955,111.7811649,110.6019491,111.2976615,106.841084,99.77576139,96.06416948,85.58038918,NA,79.94676785,91.57584275,87.04110735,93.79909491,98.75933956,95.1441728,104.0472125,109.9556199,105.9060082,107.4335513,106.9364543,106.6209757,107.8918303,104.0260747,104.479817,108.6854427,106.5128696,102.0789786,103.9422597,102.1087084,98.62141538,95.45777025,95.15277043,94.32565117,94.02435264,90.28522587,86.49762653,83.17813439,80.47875568,76.22292495
42.13582196,-70.41157502,2022-09-28T17:28:11Z,4.837373756,770.6740231,4,NA,Tow_dredge,137,103.1398328,118.8665481,NA,96.58376,108.0432319,111.8921242,113.1584784,110.7016081,112.1787674,106.370592,100.1921566,95.49358359,85.95692192,NA,79.70144532,95.34908785,90.143134,91.69520116,107.6818946,95.57518165,102.310231,107.4261011,109.1536393,108.6133182,108.8855173,107.5518277,107.8685818,105.0963687,103.7995603,107.1150853,109.4636453,104.0316457,102.2074943,102.1663024,100.1135338,96.20128153,95.02961908,94.91158367,93.82834406,88.62509582,86.01757374,83.66117766,80.73179749,76.38369683
42.13558199,-70.41163604,2022-09-28T17:28:22Z,4.803777908,795.5775331,4,NA,Tow_dredge,137,105.0891354,118.2546346,NA,91.24533119,103.1185012,112.0915077,112.0034231,111.4262174,111.5804903,105.0645925,99.05103533,95.38896771,85.48567167,NA,74.62044988,89.24354897,86.65549032,93.16152673,101.9269725,94.54695178,103.3090884,109.5363042,107.0386317,107.8073264,107.1362734,106.6782926,108.370215,105.8239866,105.0426018,107.7726405,107.822292,103.7018925,101.1896484,101.4186953,97.06038082,95.03374527,93.81414047,93.88025877,93.17376788,89.76107584,86.38874007,83.23185187,80.16596671,75.94189801
42.13528804,-70.41162103,2022-09-28T17:28:35Z,4.896355868,827.7084878,4,NA,Tow_dredge,137,101.1751999,116.7741219,NA,92.28290602,105.7635666,108.4998685,111.2359522,109.1227389,110.6716241,103.6726105,98.6006,95.22349973,84.97323144,NA,80.124637,85.65994578,90.86550813,91.92421838,105.1357715,95.46154002,98.16980845,106.460741,103.0026677,106.5483755,106.4610214,106.3832503,105.3935833,103.1344613,104.2336422,106.2758078,107.301768,103.1341519,99.02381298,100.7469815,95.35444771,95.0662355,92.52228882,93.51613714,92.72737671,90.20235831,86.1035959,82.29996789,80.28388741,75.76415008
42.13496399,-70.41160603,2022-09-28T17:28:48Z,5.397045925,863.1524441,4,NA,Tow_dredge,137,106.1210304,117.5890747,NA,94.64008805,104.7518017,111.4271017,110.7192405,111.2814771,110.6754018,103.4640214,98.7290454,95.00006475,84.95200603,NA,78.68181992,92.54328647,90.17393362,91.27278034,103.9090814,95.94083725,98.70315991,109.3074571,106.6486716,107.1373611,104.9920903,105.4054153,108.5370002,105.9035018,103.7995743,106.5818991,107.3112208,102.4217763,99.8279418,99.67296519,95.20656209,95.09633402,93.07208552,93.42616919,92.16657687,90.18166841,86.74625167,82.60366297,79.9180658,75.11852034
42.13460198,-70.41156798,2022-09-28T17:29:04Z,4.910747043,903.1276641,4,NA,Tow_dredge,137,106.2082883,117.0816764,NA,92.15147392,106.5602181,110.6023199,111.6010577,110.6584927,108.2134643,101.4933513,97.19555485,93.05271226,83.51681401,NA,80.11128479,83.64139314,91.16365447,89.31170954,105.9471741,97.08351909,101.8940075,109.229666,101.9488639,107.8885543,107.0252533,105.1416206,105.860492,107.1000144,104.2379772,103.9142645,104.2429842,101.7846889,97.47015425,97.73223915,94.12721881,93.46750791,91.48716033,92.07446846,90.24267067,88.54401161,83.92702337,80.71417938,78.80527451,74.90191868
42.13429302,-70.41157502,2022-09-28T17:29:18Z,4.776039822,936.679737,4,NA,Tow_dredge,69,106.6210005,117.2646465,NA,92.24379085,109.5764629,106.7947447,113.1923949,110.0835357,107.8464645,101.7103186,96.10855774,92.76401969,83.77432348,NA,78.67806716,88.73452196,89.32180192,89.71738809,109.1999868,98.19216343,95.6561301,104.3017001,102.3555946,109.9555363,109.1774343,104.2873946,105.7231549,105.224545,104.9539406,101.7119772,104.2744089,102.8589345,98.59765371,96.87462725,94.34020003,92.96873839,89.89413929,90.51139883,89.76797707,88.04588487,84.83021901,81.30574563,78.65344172,74.77899478
42.13400996,-70.41156798,2022-09-28T17:29:30Z,5.10508335,967.6596058,4,NA,Tow_dredge,207,101.3988469,116.3339913,NA,88.6297199,104.2494895,107.7011848,111.2726283,110.4174991,108.7725319,101.8027026,97.56418104,94.71201242,85.30581177,NA,74.50897398,84.34563798,86.32630912,88.45993001,102.9181818,98.00884136,100.2898698,103.2616063,104.3166534,107.4685302,106.5126582,105.2403119,106.2387208,106.3345656,103.9848554,101.1222462,105.1447228,104.732901,98.19099988,97.72804091,94.19162125,94.11888498,91.63432066,92.2235988,91.19236894,89.86789758,88.28273601,82.97120739,80.18663022,75.64655583
42.13367502,-70.41155197,2022-09-28T17:29:45Z,4.834818309,1004.461838,4,NA,Tow_dredge,253,100.7552836,115.4649067,NA,89.60072029,99.49747947,106.2621932,110.4167499,110.1405809,107.8575264,102.0748271,97.98648101,94.22588612,85.4149539,NA,77.07103902,82.29516422,88.39843344,90.66637757,97.00417854,94.35335379,96.04962023,104.3120892,100.5196315,104.5698258,107.3168419,104.3963348,108.1830699,103.2762613,102.0990596,103.0513457,103.0783971,103.1288423,98.02523646,97.87845202,95.61410416,94.7716563,91.18607187,92.95703595,91.20357714,88.55938663,87.84586343,82.88950586,80.64575166,75.72728019
42.13346103,-70.41155197,2022-09-28T17:29:56Z,4.209519439,1027.850829,4,NA,Raise_dredge,63,101.7539915,116.0748286,NA,88.6342636,106.1793423,105.7097097,111.2308476,110.2830889,107.6378768,102.7506789,97.14390605,95.34556297,87.19141487,NA,75.29648591,87.12671138,82.55975283,90.59033293,105.6389266,95.69235451,96.38768787,101.631363,102.6303738,104.6711763,108.020325,106.0267591,107.3752216,103.5602655,104.6825899,103.4822412,102.2907032,102.7429826,99.7533444,97.6472819,95.53174457,93.41667589,91.2214544,92.2004592,91.89209984,89.82727887,89.6244795,85.1903267,81.7779297,76.31319432
42.13328602,-70.41156798,2022-09-28T17:30:05Z,4.217442544,1046.778828,4,NA,Raise_dredge,63,100.3730603,115.9662063,NA,91.72798178,104.1421843,106.0124509,110.4619267,111.4617687,107.376952,101.8049926,96.1933888,93.10807891,85.37981514,NA,82.90960559,89.15969276,86.71333108,88.25382833,103.5253105,94.4214207,96.01075553,102.6327533,102.4549558,104.930995,106.8159435,105.0595225,108.9219808,104.1834097,105.5381948,102.8939658,102.8738251,101.9894736,98.25384237,97.00883081,95.36759607,92.75883833,89.82065866,91.19031478,89.78190392,87.55297543,87.20386878,83.14591868,80.08819485,75.65062497
42.13305702,-70.41159103,2022-09-28T17:30:17Z,4.14087867,1071.549238,4,NA,Raise_dredge,63,102.3216065,115.839961,NA,89.51667104,105.5542847,106.9110031,110.9315467,109.9323632,107.2689252,102.3142305,94.89835315,92.12369899,84.42778294,NA,76.96647277,86.80355977,85.6338952,87.89023252,105.0497526,95.21828665,94.46528191,104.589629,102.4389732,107.2007548,105.8204793,105.2159927,107.3577849,104.4170969,102.1434683,103.454278,102.4276543,101.36039,98.7953968,96.88634484,96.60677832,91.53830768,89.19232951,89.2104919,89.36059524,86.04981398,85.62159239,81.52965487,79.9200934,75.65753252
42.132851,-70.41159103,2022-09-28T17:30:28Z,4.05273702,1094.121832,4,NA,Raise_dredge,126,103.9794913,115.8767935,NA,95.9972014,106.7346153,108.8895959,109.2049814,109.8311415,107.3208878,102.7329963,95.87379665,92.51270225,84.81522784,NA,81.51513321,95.02632875,88.16409254,87.96847789,106.4360827,93.98920309,94.93293755,107.9618027,100.7121633,103.6700713,105.7906172,103.434805,107.5248364,103.9573615,101.6898057,102.596515,102.3621847,102.6839849,99.2431387,97.50074223,96.75580577,92.88286359,89.63706496,90.02189886,89.3012239,87.27729101,85.9975122,82.28355641,79.73149768,76.00631054
42.13262896,-70.41162103,2022-09-28T17:30:40Z,4.02393421,1118.09822,4,NA,Raise_dredge,126,104.4728124,116.0325862,NA,92.35694923,104.2613686,108.27617,110.1742145,110.837042,107.6672458,102.3134647,94.59265005,91.5644029,84.41179828,NA,76.19535315,91.59331306,83.72545981,88.09560616,103.0810984,97.56124656,94.21078465,107.8015608,96.35877292,106.1888476,105.2440858,104.6332545,107.3867004,106.0096971,104.2439981,103.785806,102.3168807,102.426235,99.95378854,95.77252657,95.26738809,91.23790095,89.03492234,88.74250919,88.12747019,86.29215637,85.53979721,81.70159063,79.58202463,75.72670781
42.132362,-70.411644,2022-09-28T17:30:54Z,4.134587837,1147.122993,4,NA,Raise_dredge,127,103.0615427,116.7320618,NA,90.47380258,102.5253799,108.1674427,112.6062187,109.3098916,109.1633147,104.4137977,96.89669054,95.76704108,83.98834708,NA,75.27811966,88.6654277,85.39231792,86.20333655,101.0967611,96.62468684,97.02897468,107.1184037,99.55521756,108.0314172,108.435198,106.8958346,105.3180917,104.1144485,104.0641079,104.884649,104.2097852,104.0347763,101.0587402,99.15417282,98.22096952,93.33216184,92.23413277,90.28376894,94.61482051,87.51970462,84.9742943,81.53182478,78.80006668,75.10062
42.13217198,-70.41166697,2022-09-28T17:31:05Z,3.752981799,1167.728673,4,NA,Raise_dredge,127,100.2063473,115.143162,NA,92.20253332,103.7276773,107.9260536,109.8089733,107.8972571,107.7392567,102.455911,95.12805858,91.75565377,83.56679507,NA,82.19695027,90.82025448,84.57622237,87.17588066,103.084183,94.35701943,93.63243329,106.8780931,100.4103815,105.095587,105.6526942,104.2519595,104.4485139,102.9619504,101.4582743,102.3834735,102.9419432,103.5062344,100.4564427,94.93061375,95.29277324,90.15638161,91.2376186,89.49644327,88.32764202,86.95119729,85.08123016,81.06469835,78.38686987,74.85517237
42.13194299,-70.411659,2022-09-28T17:31:18Z,3.812848175,1192.980405,4,NA,Raise_dredge,63,102.0782599,115.1011896,NA,90.80401123,104.4580968,106.4536288,110.2657888,108.7041757,106.7298351,102.4462746,95.62024481,91.19098265,82.32561316,NA,83.4398995,85.75481027,87.82706266,83.2101827,104.0570045,93.52769125,97.20088139,104.9757129,98.74968061,104.132009,106.0198443,106.0663951,106.5566458,102.9439273,99.66182874,101.2288304,102.1672966,102.3940475,100.4851956,93.61548976,96.10990887,90.55203941,92.2575067,89.19335894,88.03919588,86.34180368,83.94695691,79.40616815,77.42987768,74.51407057
42.13179798,-70.41161299,2022-09-28T17:31:25Z,4.60503994,1209.430777,4,NA,Raise_dredge,126,99.82020273,114.8226005,NA,90.50336066,102.6814458,105.4976664,110.2744103,108.3444403,106.9888303,102.7926682,95.22038054,90.12046948,82.64001547,NA,80.34423076,85.68062544,88.09395925,87.2194833,101.8282802,94.44017741,95.81164553,102.8858479,100.8689935,106.3571766,105.0587932,104.9478556,105.8616139,101.9667862,101.4654102,102.3617734,101.7070063,102.5404762,100.9123806,94.63200459,95.77410566,90.67554795,91.53857155,88.65368815,87.30634991,84.68092682,82.93323201,79.90124734,77.62912563,74.46715602
42.13164099,-70.411629,2022-09-28T17:31:34Z,3.785294847,1226.508427,4,NA,Raise_dredge,252,101.714531,114.6862087,NA,92.27099131,100.6115611,104.8582456,109.9705111,108.3196185,107.9006273,102.4311062,94.50487238,89.86597657,82.17270706,NA,79.9592202,89.88943197,87.87467921,89.30459998,99.07988605,94.09824051,96.28352651,102.1926041,99.90782337,103.9315394,106.2933292,105.0521525,104.7626587,101.8681952,103.5407522,103.1298025,103.519027,102.7009461,100.649315,94.37515037,94.98552536,90.32429007,90.69773055,87.55671994,86.76168417,84.78237894,82.88725316,79.35115658,77.07320264,74.44451351
42.13145801,-70.41166697,2022-09-28T17:31:45Z,3.64187662,1246.221957,4,NA,Raise_dredge,256,100.3210041,114.8963194,NA,94.95683542,101.1480034,106.1598246,109.4804918,108.9854658,107.8090666,102.595592,95.48528586,90.34663074,82.2791493,NA,77.03957882,90.65815418,92.82575553,89.33191565,99.09974266,96.06428501,96.19102704,103.463908,101.7438139,105.2210136,105.168892,103.5363071,105.241959,104.0999082,103.016688,102.7924154,103.5565608,102.7137327,101.285968,93.99376669,93.47164102,90.04762798,92.5966035,88.49313488,87.20933891,85.65531659,82.7741879,79.57110828,77.13844766,74.26062459
42.13127503,-70.41170502,2022-09-28T17:31:57Z,3.338550013,1265.961778,4,NA,Raise_dredge,192,99.97876304,114.1617664,NA,88.79583725,100.1379909,104.8741864,110.1325149,107.2361214,106.3147867,102.0519319,95.11592605,87.6997431,81.75704224,NA,78.02599278,85.36323439,85.44765353,85.57030132,97.70887171,96.08713853,94.63236742,100.3803942,102.2785633,106.7828859,105.4398487,103.1027327,104.7181392,100.8594745,100.4512839,101.0612253,102.3070169,101.1479615,100.0139284,95.35610247,94.10771662,91.62120352,90.50219053,88.27838386,84.91977153,82.39129429,80.20929136,78.71932844,76.91114475,74.19971782
42.13108099,-70.41173603,2022-09-28T17:32:09Z,3.523471121,1287.015263,4,NA,Raise_dredge,381,98.91219,115.3890264,NA,94.37174464,102.1634516,108.1616932,110.2907552,108.2307205,107.5466544,103.9695276,96.70322699,89.97284337,82.22684528,NA,84.7636414,90.60397729,91.09809538,93.50253572,100.2734353,95.52292337,98.49435459,105.118018,104.1371854,107.3649752,105.0637562,103.0794433,105.7508401,102.1819787,100.9412846,102.8914931,102.1849213,103.189571,101.9469678,97.31115114,95.91346627,93.18023051,91.8529691,90.28931604,87.39546239,84.23350811,82.54633682,79.03021351,77.69066395,74.50902245
42.13088997,-70.41175799,2022-09-28T17:32:21Z,3.457020925,1307.844166,4,NA,Raise_dredge,382,99.37183681,115.2827512,NA,90.36409208,100.8132165,107.1860453,109.7044777,109.6468112,107.7061408,103.3148458,96.23638709,91.96198816,83.00583225,NA,76.58821511,87.17816006,87.15744281,91.8761385,96.75332762,97.62214608,95.01765853,102.1681337,105.1405184,105.3170879,104.9093621,104.5383883,105.5694115,103.8443602,105.0381574,103.2211783,102.094121,103.3798667,101.1740675,96.5771002,95.80000603,92.53801536,91.53889534,89.9326381,88.49538317,87.51867793,84.75850172,80.29706756,78.09103312,74.51517858
42.13071797,-70.41180401,2022-09-28T17:32:30Z,4.216026067,1326.367127,4,NA,Raise_dredge,218,97.66471868,114.4265016,NA,89.954187,99.01508166,104.2260608,109.1550627,108.2673139,108.050377,103.6265601,95.80448592,91.21630501,83.54171556,NA,80.0188878,88.80037273,81.15371077,89.48503515,94.85380193,96.04780232,97.37487216,98.97490667,101.1726353,106.1491337,104.0835263,101.9066772,102.9258608,105.009809,101.9844236,104.744534,102.5613896,102.0356771,101.1894363,97.23847507,96.63125129,92.85809629,90.39057853,88.92428163,88.11136184,85.77157015,84.7445078,81.01159712,78.5092827,74.60260564
42.130508,-70.41185799,2022-09-28T17:32:42Z,3.854438081,1349.035087,4,NA,Raise_dredge,318,96.30209133,114.8243909,NA,91.88546203,100.0005818,107.6380164,109.6316563,108.3276403,106.3503788,103.9694098,96.52949279,90.96385042,83.40998897,NA,81.48278152,86.72736776,89.69534185,90.17284643,97.74815702,94.78081952,96.03175093,100.7025417,106.2617386,105.5113839,104.7943134,104.1720296,103.6963884,103.2618881,103.6966723,102.0772717,100.8216247,101.7433801,101.7919666,97.28130883,96.52020074,92.69825745,90.51023977,91.79340932,87.89112287,86.19841071,83.3533174,80.82636505,78.4358035,74.55843364
42.13025697,-70.41195698,2022-09-28T17:32:56Z,4.042493107,1375.899378,4,NA,Raise_dredge,191,101.3089055,115.2405098,NA,90.15904191,100.9297036,106.7159401,110.0220507,109.4203518,107.1450355,104.2514988,97.92411462,89.93089386,81.83711786,NA,83.0688108,84.79125657,87.26889329,91.80303814,98.32129304,96.10494215,94.91899628,102.7330281,103.9930397,107.120913,105.2968365,101.7942501,103.6835845,103.7365205,106.0757691,103.8851286,101.7151805,100.9741977,101.6696565,98.48963659,96.87149707,96.20184891,90.86362753,89.08380523,87.34947707,83.67413304,83.18059041,78.58418196,77.31058633,74.25547255
42.130062,-70.412033,2022-09-28T17:33:07Z,3.992495351,1396.831594,4,NA,Raise_dredge,127,97.44183479,114.2346696,NA,91.27538065,102.5804741,106.5242016,108.6456082,107.1405911,106.694273,103.5284183,97.35156341,89.23683183,81.9373796,NA,82.56733843,87.31600638,87.93592091,91.40703871,101.4771298,94.28388966,98.18985506,102.6359948,103.0055203,104.5964134,104.3488959,102.3481545,101.7903549,102.6449166,102.6196446,103.7717766,101.1293641,99.96031558,100.7818683,98.09715062,96.13770108,95.43031967,90.70545643,88.84469399,86.5634996,83.3537424,82.28212557,79.05592693,76.97209163,74.14312128
42.12987098,-70.41210903,2022-09-28T17:33:18Z,3.917952437,1417.376709,4,NA,Raise_dredge,127,100.9650497,114.7852642,NA,90.53138823,102.1252058,106.7595822,109.2066156,107.3460594,107.8263653,104.8693227,97.69504106,90.57477803,82.87647782,NA,79.5366112,85.29148659,88.46397081,92.76007948,99.81539382,96.84902772,97.42240526,104.7035255,100.9200948,106.9029005,102.8291462,101.7925459,102.8868287,102.6297802,102.1785611,104.1384832,103.2342759,101.3454789,101.6829301,99.80461867,98.0565608,95.94087484,90.86379089,88.65945838,87.69191102,85.33415933,83.26821514,80.20629202,77.90167375,74.37485846
42.12970401,-70.41220098,2022-09-28T17:33:28Z,3.902730056,1435.20232,4,NA,Raise_dredge,128,99.38122166,115.1587978,NA,90.67125985,103.4811063,106.7752242,109.5256002,107.9724589,108.4890637,104.4047239,96.89520387,91.10423517,82.54480603,NA,79.68034398,82.02115401,89.61412059,90.38781416,102.3634438,95.98164082,95.1392166,103.987734,102.8504905,105.401681,104.8335465,103.8971891,101.7781442,103.6963757,103.8407564,104.2848664,104.0218014,102.6833293,100.7249417,100.3932904,96.81942961,93.55397932,92.20313693,89.84471483,88.37295571,85.53253273,83.88259301,79.93926307,77.43222398,74.09891114
42.12955104,-70.41230801,2022-09-28T17:33:37Z,4.143532951,1451.444219,4,NA,Raise_dredge,191,102.4630817,114.7141866,NA,87.31738456,102.9838594,104.0147332,109.6173686,107.8292653,108.2215373,104.2636681,95.63143202,91.08495085,81.88369349,NA,74.53635974,81.77111921,85.56799356,91.13945387,101.6971479,95.79466537,93.01110543,99.23228583,101.709698,106.8674827,104.013786,102.4932778,103.2669774,102.4823882,103.3715708,104.5008713,103.5874348,101.8655603,100.8216983,99.95882278,96.72340283,91.40973592,91.12008418,89.90982462,89.06278639,84.79979347,82.4530806,78.92185916,76.99327181,74.19024669
42.12939103,-70.41244498,2022-09-28T17:33:47Z,4.101206146,1468.372868,4,NA,Raise_dredge,191,98.23901315,113.9180493,NA,89.84611963,101.7305635,103.1044685,108.1112784,107.8097815,107.5594647,103.6037065,95.94030564,90.15290032,81.59843284,NA,80.46646407,83.31179666,88.05821271,90.27442108,100.5867012,93.77285258,95.437685,99.55146023,98.98838567,105.0242711,101.7459632,102.5490704,103.531437,102.1733785,103.2934747,103.4597507,103.7761602,100.4027386,101.2224835,98.11462527,95.05003886,91.58987358,91.73795606,89.96756901,87.9670794,84.39181773,81.29485662,78.31981615,77.14374116,73.93909326
42.12921099,-70.412621,2022-09-28T17:33:59Z,4.010130798,1487.447624,4,NA,Raise_dredge,191,100.0131917,113.8224919,NA,91.05537545,100.6016625,101.3562988,108.8164491,107.2641896,107.1869416,104.3358982,96.33286688,91.31405908,82.12776404,NA,84.68129244,84.16993266,88.5734205,91.01152923,98.32626415,95.34257199,93.65033591,98.17503223,96.79337325,105.1556569,104.4855107,101.840928,102.7342624,102.0317262,102.6784473,102.7928519,103.5011183,100.3770274,101.5966175,99.53744633,95.68895571,92.69768861,91.37581662,90.2709885,88.776755,85.98194558,83.0610967,79.32491641,77.20210232,73.9987194
42.12906296,-70.41278796,2022-09-28T17:34:09Z,4.17605598,1503.171292,4,NA,Raise_dredge,153,91.48992882,107.2897609,NA,88.10887324,97.1275435,100.9950929,101.6262353,100.0758565,98.62378311,94.10036533,85.55745005,79.36347119,79.13820569,NA,77.99994566,78.70905206,87.07224388,88.88651923,94.40579732,92.12052887,92.39040807,96.54415896,98.01306572,95.44064842,98.25573951,96.38462072,93.41390522,96.76424314,95.09789321,96.69416298,91.33266409,90.98271338,90.92394085,89.36436871,86.71816377,81.88637949,80.82360242,79.25620847,75.58082139,74.08234864,73.91276336,74.08392964,75.15509933,73.73274757
42.12893296,-70.41294898,2022-09-28T17:34:18Z,4.244172519,1517.053281,4,NA,Raise_dredge,61,94.01494592,108.0561394,NA,87.09581113,99.03581755,101.3301948,103.1325367,100.4788807,97.98959832,95.0650181,86.00914304,79.08949165,79.12254649,NA,73.96098959,82.65011176,84.8200237,91.3741603,97.37944586,90.67222108,92.19072022,97.67732971,97.83182987,100.0682758,98.84064006,94.40179942,95.71101087,95.71846669,95.6934891,95.37087262,92.20132201,90.75618554,91.81703429,90.62458295,87.28999101,83.1063482,81.01380752,78.33658817,75.56193478,73.3770817,73.67973944,74.21658524,74.86347148,73.91970051
42.12883003,-70.41309399,2022-09-28T17:34:27Z,3.579141714,1528.093869,4,NA,Raise_dredge,117,95.26951603,107.4549578,NA,87.08572943,98.88715546,101.6527429,101.6927725,99.58784697,96.24196654,96.03060946,86.80728053,79.49535297,79.26584932,NA,78.87184122,80.94525219,84.90997867,85.64074758,95.77739067,95.55202543,92.82020826,99.57032395,95.63322063,98.04508579,97.50817825,94.40446147,93.50934938,95.60338866,95.07513494,92.87243707,89.79428412,91.19891157,91.75718468,92.68842262,88.15170475,84.07961591,81.45987817,79.22426353,76.01438383,73.77905419,74.01643083,74.53493299,75.04752227,73.81385647
42.12876499,-70.41317001,2022-09-28T17:34:37Z,1.862544768,1535.150837,4,NA,Raise_dredge,47,101.4666718,111.1564071,NA,104.5845761,107.0586323,101.7391286,101.790302,99.45467883,98.76369766,95.79484664,86.76543546,79.87748078,79.21092271,NA,92.70955609,91.72766196,104.0454847,106.6812217,92.74942535,93.70112413,93.57161828,97.36283992,98.57357551,97.9601733,96.356434,96.55933925,95.68371063,94.74451379,93.29790101,94.98843917,92.56550106,94.08826065,92.62079003,91.57007442,87.27084329,83.32650121,81.73106639,80.44376702,76.34318033,74.43031652,74.21585667,74.45379613,74.98610963,73.79821299
42.128738,-70.41320798,2022-09-28T17:34:45Z,1.055043411,1538.076019,4,NA,Raise_dredge,117,92.72239613,107.1529427,NA,86.36105148,98.89721847,101.0912944,100.3912577,99.37425718,97.97881252,96.11573295,86.83924733,81.23634121,79.74100396,NA,80.15716637,80.74307407,83.22782592,85.46383478,96.32466495,94.93533222,93.31504443,97.48543099,97.08143455,96.89791819,95.79516616,93.52110417,93.9893765,95.09062667,94.65896072,94.84309668,90.41584546,93.28035181,92.57293052,92.10708997,88.16727441,83.32401438,82.0452326,80.32799115,76.94857556,76.44622335,75.94237468,75.63623648,75.15313681,73.95169047
42.128738,-70.41320798,2022-09-28T17:34:55Z,0,1538.076019,4,NA,Raise_dredge,117,93.44160771,107.8339951,NA,91.42582774,97.67276015,101.726844,102.1905675,100.0374947,98.10369744,96.55922643,88.35998121,82.03551106,79.36892709,NA,80.62277806,86.96208911,88.90067379,86.79302276,96.42241885,89.93879899,91.58413046,99.3982219,96.75462415,98.24783572,97.1498369,96.71353251,96.14135225,95.11651882,94.35472103,94.5003341,91.28472431,93.61579646,92.93984206,92.60624802,88.68076229,84.51762482,83.97803742,81.83495613,79.39770855,76.27138095,74.82335656,74.78522508,75.02279331,73.90746056
42.128738,-70.41320798,2022-09-28T17:35:05Z,0,1538.076019,4,NA,Raise_dredge,117,92.53977848,106.9100782,NA,92.25204514,95.70726376,101.2511485,101.0380064,99.06797035,97.62967166,94.71424268,87.65853914,80.34071303,79.16279675,NA,80.9189092,91.26836878,83.36174387,89.38452106,92.8468077,89.67359859,93.84488782,96.42536832,98.1453093,95.41805525,97.47915914,95.58900937,94.50072083,94.16746862,94.21453974,94.11745449,90.69420271,93.09581531,90.63561076,90.42514585,88.45378078,83.61097915,83.80465412,80.54772881,76.76903627,75.04730244,74.57413881,74.60668185,74.87340482,73.59226084
42.128738,-70.41320798,2022-09-28T17:35:12Z,0,1538.076019,4,NA,Raise_dredge,117,92.46221358,110.4039904,NA,88.46924035,97.80463927,102.1971873,104.1916035,102.1275794,104.0989279,101.5652591,94.25840732,89.78252964,82.56806831,NA,77.73870299,85.04248991,85.10814439,94.23558172,91.72589065,92.76961818,94.23720878,98.70492605,98.13628257,98.34318057,100.4689027,99.18206526,97.04599837,96.02415938,98.60511844,98.53985825,99.27100994,100.0424091,98.79754746,96.45209808,93.69197544,89.8628681,90.27962384,87.99657238,86.61044317,84.70094665,82.96192818,79.72552399,77.81747529,74.19337932
42.128738,-70.41320798,2022-09-28T17:35:19Z,0,1538.076019,4,NA,Raise_dredge,196,91.70336364,109.310173,NA,87.60397075,95.5668158,100.9719333,104.2202872,102.1232711,101.7585277,99.20457316,91.93914299,88.9500835,82.5366852,NA,79.75180601,82.24319923,84.96795785,89.79304798,90.97740523,91.45285276,88.74943674,95.05358948,99.32312403,99.33745549,100.4982278,98.21194018,97.22189359,96.16373953,98.38635401,96.89885385,97.03111441,97.03064377,96.26587197,94.17838158,91.69318325,87.80303216,87.56979215,85.89287602,85.69134085,83.476809,82.82793594,79.8755786,77.42946583,74.28660877
42.12873104,-70.41320798,2022-09-28T17:35:28Z,0.167339496,1538.848264,4,NA,Raise_dredge,117,91.97768582,108.4595015,NA,86.69011701,97.75824665,100.749201,102.5391699,100.63908,100.8730197,99.0803053,90.84317192,86.52902265,81.68564898,NA,82.04422403,83.43641254,79.34207177,90.30465052,95.8336193,90.268749,94.41152667,96.57167649,96.6087673,96.57213041,98.54311273,97.96031242,95.36754523,97.09642286,94.79916971,96.2633784,95.67252618,96.33932458,97.0161149,93.07113066,90.14021785,87.35278974,85.87920668,84.52536316,83.10384038,81.23353781,80.51062199,78.65559491,76.87408048,74.04140975
42.12873104,-70.41320798,2022-09-28T17:35:35Z,0,1538.848264,4,NA,Raise_dredge,241,91.57268198,107.6984064,NA,86.02742313,95.90625248,99.19890584,101.8752346,101.1210779,100.0498447,98.13595324,89.53615722,83.91083939,80.026022,NA,77.20977654,79.89036294,83.98847263,92.77584118,90.78998079,89.03996725,93.43404867,96.09244265,93.10447194,94.5869865,98.6336992,97.1799515,95.75089171,96.26529192,96.94972265,96.04792627,94.12840141,95.44430797,95.98084384,92.56148627,88.71006116,86.19997393,84.62361403,82.82983493,80.74250174,78.49205624,77.54148825,75.9160541,75.7178182,73.8464213
42.12874202,-70.41322298,2022-09-28T17:35:39Z,0.845568002,1537.604341,4,NA,Raise_dredge,191,93.12178172,108.0092066,NA,87.52031591,97.21640877,100.8191519,102.4788685,100.7841827,99.30824968,97.77683604,88.65728822,84.03989333,80.1580767,NA,78.66456398,82.39896701,85.02031841,94.70938008,90.6132514,90.63966566,91.70397485,96.32601179,97.9960901,98.98377015,98.24294803,94.92792423,95.23187952,96.8127398,95.84655397,94.28891903,94.36151961,94.93172794,95.57947848,92.35097063,88.20586094,84.78536187,84.27864543,82.18123325,80.96996755,78.51952038,77.58670999,75.92604895,75.99468247,73.94562643
42.12876901,-70.41340596,2022-09-28T17:35:49Z,2.994001599,1534.376906,4,NA,Raise_dredge,143,92.85372103,107.6496904,NA,84.94272937,97.73320537,100.2362196,101.8628368,99.87445626,99.7614871,97.65381767,88.62102156,82.67817823,80.08848399,NA,73.5471713,82.11945694,81.02241905,93.61009931,93.46039583,91.51991964,93.38971605,95.01147319,97.16483301,97.07817186,98.65506957,94.64860617,95.4667549,93.97680445,95.67670868,96.35873632,92.09299445,95.4685546,95.51526118,92.02668803,88.26635012,85.38854805,83.68815507,81.71266721,79.10715894,77.42468651,76.86555176,76.0598181,75.7517164,73.81960642
42.12874998,-70.41363504,2022-09-28T17:35:58Z,4.110328602,1536.407707,4,NA,Raise_dredge,57,94.72136929,108.941015,NA,85.58836172,99.44555165,101.5856391,102.153587,100.9150574,101.0347274,100.4646397,91.76702673,87.02220767,80.87033992,NA,81.4701654,82.46869024,76.55802182,93.22851455,97.46494563,90.49297059,91.84450689,96.20730544,99.39609892,96.48485585,98.70304078,96.57999183,94.99061313,95.65158719,97.41608574,98.03114189,93.79209153,95.95592805,97.63771475,93.9037006,94.5755038,88.41930176,87.07910896,84.72464454,84.04972963,81.43373192,80.43599655,77.48243074,76.17441463,73.93405992
42.12867396,-70.41382598,2022-09-28T17:36:07Z,3.864281664,1544.954636,4,NA,Raise_dredge,57,93.71238913,108.1238049,NA,88.10936314,100.2862859,98.84749844,101.9925536,100.5872246,100.0630071,98.0777553,91.02323222,87.9584633,81.66623352,NA,80.30758846,81.69242057,85.93347526,95.47256266,98.15654314,87.88499618,91.07784704,92.94269,96.45264589,97.80468907,97.73035613,95.86580118,95.04209741,94.32372177,97.44172068,96.21686648,93.48240221,95.71889669,94.61760792,93.0588937,91.77624254,87.22900884,86.71746227,84.27703034,83.9307335,84.09479538,80.82805589,78.65695036,76.87921944,73.9131228
42.12857396,-70.41406997,2022-09-28T17:36:17Z,4.473723519,1556.424838,4,NA,Raise_dredge,57,96.07400525,107.7344461,NA,86.72087081,99.99315033,101.1241988,100.6564723,100.2168414,98.6641835,96.78459671,89.83588959,84.69455259,80.75819132,NA,78.52970091,81.43235406,84.14367115,89.41325513,98.77937238,91.93342642,90.59454987,98.2829876,97.05296163,96.12429952,96.87796131,94.25232671,94.54210289,94.40941731,96.90720861,94.82815891,92.7296205,93.86996418,94.15410797,91.65298208,88.47297131,86.53192704,84.72588084,83.34560053,80.99970398,79.44574555,79.07671434,77.19412363,76.13614273,74.08008265
42.12847103,-70.41438304,2022-09-28T17:36:28Z,4.996147563,1568.69958,4,NA,Raise_dredge,57,97.21190307,108.3870479,NA,88.37931047,100.5712361,100.9498116,100.3596315,100.7056899,100.9134877,98.59462311,91.84564367,87.23455054,81.61195171,NA,81.02971124,85.20472033,83.62284484,90.02602378,99.90211047,87.94216957,90.02123598,96.44038124,98.47188102,92.95265093,97.1158343,95.73145621,95.60491927,92.5426603,98.01654045,97.68643599,95.0587478,95.1395446,95.52966535,93.25659914,91.89276919,88.15515098,87.15841844,85.51254887,83.89999031,81.29118753,81.72912378,78.59694308,76.76644742,73.98894924
42.12837598,-70.41464204,2022-09-28T17:36:37Z,5.152807594,1580.262269,4,NA,Raise_dredge,58,99.5338608,109.620896,NA,86.32288087,103.2475122,101.7538107,102.197936,101.2817941,101.4765059,99.10332472,93.05352989,88.29264817,82.17637621,NA,72.91816124,83.69028481,82.43914866,90.67316101,102.6407261,92.00487648,90.53291102,99.28744906,97.29012359,97.64655209,97.21068945,97.41195991,95.4731442,96.8182911,97.07607253,98.12104845,95.86027818,95.68931956,96.44274916,92.68210528,92.72250504,89.64537175,87.97323687,86.73332172,84.92013776,82.51358365,82.69719852,79.4030127,77.21874526,74.01294398
42.12831899,-70.41488604,2022-09-28T17:36:46Z,4.561514747,1587.801061,4,NA,Raise_dredge,57,98.03897993,109.0014009,NA,84.2340686,102.0751882,101.6897502,101.6690882,100.6186811,100.868197,98.4777155,92.81802966,88.62481608,82.64957771,NA,77.10678141,77.60695981,81.93390888,87.33567334,101.1610935,94.01271249,90.39200028,97.04371814,99.34456894,95.56342068,97.45661952,97.41807585,95.79057916,94.89910317,96.67239698,97.72763958,95.31143655,94.60825328,95.42376047,91.85833677,93.05953972,89.43642106,87.84759851,86.29296706,84.99713231,82.67230692,83.57063809,80.24020257,77.27527651,73.97493232
42.12824598,-70.41523003,2022-09-28T17:36:59Z,4.416961465,1598.032705,4_3,NA,Off_eff_transit,57,99.09065279,110.4013515,NA,87.27764708,102.8704724,100.5710672,104.6259529,102.8910273,101.9353596,100.3889592,94.01473976,88.0297459,81.05064936,NA,82.67976904,83.19616655,81.46705389,90.91986561,102.3277352,90.16690295,90.41670578,97.81456798,96.2928257,97.37301969,98.3217685,102.2419626,98.85739997,98.79807067,96.22120261,98.69265525,96.52249953,95.71029479,97.71537464,94.07139141,93.93417877,91.03955984,88.80259144,86.91037667,85.33238884,82.36635528,80.84483729,77.8615963,76.17816486,73.94010414
42.12819703,-70.41546598,2022-09-28T17:37:07Z,4.914930847,1605.203389,4_3,NA,Off_eff_transit,57,102.5793855,110.2503678,NA,85.54281068,105.5198388,101.3669033,101.6409241,101.4685868,101.6121046,99.85040808,93.46541893,89.75409129,84.24381136,NA,81.29111437,78.74109518,81.72812653,94.00844171,105.0423995,90.77004225,92.95721781,98.46894895,96.71572759,94.46077083,95.87254796,98.99397495,96.92390589,95.0834381,97.6901754,98.55514053,95.74406444,95.52860894,97.13134966,92.35700892,94.43257459,90.41795047,88.30429135,86.46594818,84.95674506,85.14148918,84.84523318,81.86425335,79.33125291,74.20830809
42.12813199,-70.41577896,2022-09-28T17:37:18Z,4.742035801,1615.069847,4_3,NA,Off_eff_transit,57,100.4404323,110.1638663,NA,84.88549175,103.3495111,99.26934601,104.8810111,100.7522059,102.4345159,99.94422519,93.46858416,88.85909104,83.08837612,NA,78.39102641,81.35123835,80.1056021,92.72484002,102.6222534,91.6479671,91.0040428,92.47092241,97.3440013,100.5798317,100.9143503,98.44873615,95.94196238,95.93653342,96.06329765,98.46902703,97.78949885,96.50936636,97.07427195,92.7610698,94.60238717,90.20667421,87.87418359,87.48889798,85.55637898,83.29260459,82.92449943,80.1336176,78.57725378,74.53905363
42.12817004,-70.416031,2022-09-28T17:37:28Z,4.127758985,1613.33635,4_3,NA,Off_eff_transit,57,101.677216,109.73812,NA,86.55536224,104.483297,101.2125384,102.7644371,99.76037889,101.3676151,98.75918136,92.94189601,88.24423182,81.76980292,NA,79.80073337,79.25846506,84.35518101,92.58659552,104.0192201,90.13373551,92.13358529,96.76459986,98.3498214,96.70441315,100.216971,95.6876725,94.02174797,93.81633719,96.56177456,95.80088367,96.86456128,97.02485643,95.20215857,92.75829154,93.64477082,89.16012137,88.03120328,87.06783878,85.28551422,82.87948155,81.32501682,78.19949866,77.67908883,74.08988088
42.128292,-70.41623703,2022-09-28T17:37:39Z,3.845902769,1602.135674,4_3,NA,Off_eff_transit,57,107.9821029,111.8334459,NA,89.44203898,110.2712628,99.16143494,102.4736895,99.65637677,97.79702058,94.65731963,88.14903496,84.46192454,81.66561691,NA,77.18524371,86.18043444,86.15041628,99.46404493,109.8652581,88.20289623,93.3232632,95.6864581,93.78556752,95.00021035,99.79896311,96.95946447,96.11468151,93.72297171,94.46383572,94.69483078,92.15924631,91.55238386,90.66486877,90.40874334,88.1837668,83.85419397,83.6100109,82.56415936,80.69193603,78.89399632,79.27313274,78.65003467,76.80260474,74.07725453
42.128407,-70.41632102,2022-09-28T17:37:46Z,4.042935971,1590.459374,4_3,NA,Off_eff_transit,57,103.0181245,109.2784403,NA,89.00689844,105.8010657,100.6680178,100.9511198,99.56754261,98.93931649,95.68837792,88.7952875,84.30616858,81.14194406,NA,75.45955196,83.45761343,87.31379843,91.50870951,105.4647243,91.51856448,94.45119231,97.06938048,95.7787117,94.70139481,97.82506143,95.36019101,94.94620085,93.83682272,95.45257388,95.75322399,92.6995119,93.4439631,92.40856215,90.49922974,89.25504554,85.22785875,83.44098616,83.08867818,80.34950862,79.25191222,78.86372557,77.83008538,76.34970217,74.19152416
42.12856701,-70.41635899,2022-09-28T17:37:54Z,4.394529677,1573.333539,4_3,NA,Off_eff_transit,57,101.2805685,108.6599237,NA,85.77369723,104.5763181,99.74457418,99.48589913,99.73412351,100.3722602,96.33036262,89.81824926,85.78251667,80.90083943,NA,79.99796249,81.5697831,81.2839569,92.12802249,103.8888113,94.0946642,92.92014668,97.37354743,93.02736114,93.09702003,96.00455933,94.56066477,95.50808416,93.55864128,95.54157132,98.17662739,93.50348969,93.18684172,92.67957117,91.08887563,90.63491122,86.26679441,84.08418982,84.4650303,82.56113307,80.14263758,79.77605863,77.3266882,76.33245726,74.15615866
42.12872702,-70.41634399,2022-09-28T17:38:03Z,3.85641201,1555.583871,4_3,NA,Off_eff_transit,173,92.63564085,106.9932252,NA,88.86585175,98.93672841,99.6131172,100.2627316,99.05145798,99.78082331,94.67216911,88.72226553,84.50674139,80.47905906,NA,77.3786443,83.32306798,86.99445838,93.15343773,96.36407055,91.55999793,93.9832657,93.11644415,96.62378722,92.67700458,95.98239629,96.81821203,94.51710529,93.69748557,94.57212813,98.15537669,91.57585298,91.84983244,91.01402008,89.80592591,88.53129008,84.49637424,84.09306981,83.15734746,81.25585853,78.66562375,78.7620285,76.61228335,76.09111963,74.00866559
42.12890597,-70.41622899,2022-09-28T17:38:14Z,3.899599018,1534.563828,4_3,NA,Off_eff_transit,60,97.98355384,108.0462705,NA,86.332851,101.360356,99.10110165,102.9316137,98.73640012,99.91829582,95.31054842,89.09370015,83.89795466,80.32654505,NA,77.81540856,84.56210696,79.21429722,87.55888578,100.4003635,93.30959707,92.46698287,93.18144936,96.31967558,91.81484582,99.75347686,99.38218699,93.5024995,92.79197713,95.2290594,98.44554791,91.0799747,91.87536323,91.49596261,91.0393706,88.54346524,85.33419561,84.29580381,83.0370578,80.1034394,79.14280079,77.84309575,76.39727943,75.85827396,74.09123047
42.12908903,-70.41610703,2022-09-28T17:38:24Z,4.41833801,1513.041915,4_3,NA,Off_eff_transit,60,98.45405213,108.7541353,NA,87.48072623,101.9033888,100.5499434,104.1210299,99.11156877,99.86733832,94.63710768,88.64865277,83.34782871,80.24797196,NA,78.16908955,82.17988267,85.17273407,87.14006997,100.8797316,94.37312214,94.62078966,96.18680797,96.33068264,95.79023203,100.5065057,100.3335815,94.19459594,93.72431577,95.0045582,98.1382843,91.7221661,92.30133658,90.03735469,91.09444986,87.87840536,84.45592926,84.36656873,82.5598039,80.29892846,77.68363486,77.02218182,76.0586961,75.97062376,74.14658478
42.12917704,-70.41603897,2022-09-28T17:38:30Z,3.659006085,1502.602333,4_3,NA,Off_eff_transit,287,97.25348485,108.7950247,NA,85.84324742,100.2213484,99.48152764,105.722653,99.46632655,97.98332087,94.0662371,87.85820473,83.10837354,80.18048164,NA,77.59893517,80.56352685,83.27582115,89.76212429,99.05654889,91.84350138,93.08828929,95.6736805,94.97694818,95.75608517,99.92986487,103.7556074,93.31889051,94.66002298,95.76597345,95.71632382,90.96727787,91.16132298,89.86521107,90.08790467,87.48655484,83.80952645,83.57920864,81.53164625,79.39559595,78.53098315,76.65189789,76.05849615,75.82524482,74.09123896
42.12926103,-70.41597703,2022-09-28T17:38:35Z,4.143013421,1492.683752,4_3,NA,Off_eff_transit,287,98.23706766,108.9521815,NA,88.69243184,102.4438323,97.84489585,105.4328908,99.16298279,98.63031264,94.37472825,88.23596839,82.55449679,80.19690693,NA,79.3608534,84.9666813,85.31343172,90.76949246,101.6772283,92.16616674,91.95356209,94.27707877,92.65479612,96.39594689,101.0258779,102.5313682,94.10848261,92.98482523,95.66239383,96.56475233,91.46749424,91.33270994,90.24221431,90.1890125,88.03736389,84.66959032,83.27700261,82.05364883,79.02271473,77.21878071,76.76838915,76.02421452,75.92380502,74.06312773
42.12939103,-70.41589396,2022-09-28T17:38:42Z,4.447043487,1477.487072,4_3,NA,Off_eff_transit,153,103.3576767,116.7706187,NA,92.81579107,107.4525236,113.2747091,109.7678601,107.1681087,105.5972197,101.9861879,95.53092901,93.58104254,86.72616544,NA,81.22632936,82.85222048,92.00555928,98.8023568,102.9414438,104.5251381,106.2125065,105.2116363,111.3844697,106.8337897,103.6241859,103.7146801,103.0568617,100.865327,102.9394439,102.09848,99.3195177,100.6154391,97.28293491,98.75552687,94.68474058,90.84001723,90.96234683,90.46120916,90.25431308,88.45518324,87.15924477,84.57529155,81.55594354,76.09696796
42.12942498,-70.41587099,2022-09-28T17:38:44Z,4.10965421,1473.507722,4_3,NA,Off_eff_transit,164,101.4281955,116.2620997,NA,98.23948574,106.7934156,112.1374928,110.3101906,107.2564628,104.4538021,100.5675827,94.15912231,92.58174209,87.04662097,NA,80.50106043,80.84087623,98.08459831,94.94987285,101.5644942,104.8184096,105.4716414,106.8951531,108.9989448,105.8534717,105.572053,105.1638736,103.2680599,100.9893576,102.8749049,100.9668947,98.10057894,99.51073015,97.06343935,96.64934533,92.27223037,89.74382438,89.77644598,88.53138458,88.85235838,88.04374348,86.09534498,84.55007783,82.46716168,76.53222744
42.12962698,-70.415771,2022-09-28T17:38:55Z,4.232957038,1450.231469,4_3,NA,Off_eff_transit,148,99.30542142,115.0351772,NA,92.26512881,103.1553879,108.9301174,110.1066669,106.6469224,105.881445,102.7145438,97.8763464,97.08753762,89.47415312,NA,78.68237412,80.75122361,91.7375366,92.71307737,100.6936125,98.50035106,99.00407343,102.3064607,107.2596419,105.6147266,105.2217482,105.155563,103.3028439,101.1916229,100.6649582,100.7126041,101.1018769,101.4821583,99.75001623,97.95231583,94.77412856,90.53342095,94.35050215,93.57697915,92.42443575,93.20220828,91.05834701,87.86298618,83.43601239,77.32412755
42.12980703,-70.41569497,2022-09-28T17:39:03Z,5.103296042,1429.632928,4_3,NA,Off_eff_transit,60,96.52437603,108.9134219,NA,87.03112182,102.0901725,100.6842529,103.2614204,100.8802634,99.47067865,96.96863306,91.48208301,87.78845002,82.22546646,NA,79.26516627,83.8345238,82.51784168,88.46198233,101.5759444,90.434061,91.28671611,95.92557891,98.09436883,97.98445026,97.95950037,99.37142131,96.75479672,95.77308539,95.7191349,95.88274538,94.4674929,93.38485994,92.09913488,93.8742574,89.61001131,85.80256184,88.20350504,85.6238977,83.68086245,83.72901385,81.19166245,79.29751277,77.38533472,74.32982204
42.12997098,-70.41567997,2022-09-28T17:39:09Z,5.926377813,1411.424888,4_3,NA,Off_eff_transit,60,95.40055436,108.8729058,NA,89.83715454,100.386685,99.08701452,103.0129072,101.9936243,100.6348876,97.47821483,91.61576334,88.657632,82.36105649,NA,81.31221627,82.80439705,88.04263756,85.62819941,99.65494273,91.23705774,89.73544788,95.01226909,96.01180839,97.19584873,97.75217781,99.44943399,97.52841639,95.58750523,98.15909884,97.447581,95.57570507,93.81596511,93.63365707,93.37205561,90.46438711,85.87113971,88.41032484,85.69080781,85.32646138,84.03096842,81.46785972,79.07324962,78.00040747,74.5244839
42.13037096,-70.41571802,2022-09-28T17:39:23Z,6.197550933,1367.785078,4_3,NA,Off_eff_transit,255,93.18622807,108.5566309,NA,87.41324,98.53006816,99.22837313,102.9970047,101.4895402,100.5809773,98.08879787,94.21505033,89.35973048,83.89987841,NA,81.44380374,81.52094921,84.31113167,88.90431673,96.90097014,91.62188108,92.14861485,95.49979375,95.02989975,97.51690467,98.84570723,98.21348963,95.69656675,97.09365544,97.2080842,97.39769611,94.04294072,95.31736279,95.27725308,91.67666098,92.03573636,87.2465116,91.43111078,88.56506878,85.84857689,84.42438797,83.04243468,81.6040463,78.48821046,74.79757384
42.13057699,-70.41570998,2022-09-28T17:39:32Z,4.955659691,1345.030921,3,NA,Lower_dredge,61,92.48160504,108.3754974,NA,90.50292234,99.26042706,99.84700181,102.4056736,100.8567642,100.2784169,97.40427036,93.72625256,90.52941664,83.46303922,NA,76.69434843,82.82765729,89.46598455,90.45706079,96.81550127,94.01362993,93.68139205,95.09606919,96.11364969,95.94995295,98.01047054,98.53726417,95.57842814,95.27838371,97.15703266,96.50950085,94.32542276,95.41344407,94.58344893,91.23807379,91.13237615,86.88811966,91.00385921,87.85299118,86.3640914,86.30989459,84.30026931,81.04975073,78.20993314,74.53491068
42.13085602,-70.41575599,2022-09-28T17:39:43Z,5.529847413,1314.851766,3,NA,Lower_dredge,105,98.23584804,107.8182138,NA,88.61675101,99.32787656,102.069221,102.1887916,99.10335812,98.2393841,94.46393303,87.97425764,82.53954035,80.11686429,NA,83.16091109,83.53286443,84.69240602,92.14852404,97.32510069,91.83187359,100.4625026,94.71139863,93.05539877,98.73588661,97.24389495,95.77157812,93.53251603,93.23841547,95.76478203,95.32433403,92.89891399,91.17365557,90.81287609,89.22343092,88.76781314,84.22143695,83.55163379,81.34656767,78.84395366,77.50858205,76.67262502,75.92419948,75.82205048,74.04715142
42.13110404,-70.41581701,2022-09-28T17:39:53Z,5.455439423,1288.304096,3,NA,Lower_dredge,105,95.64375731,107.7005434,NA,89.18591722,95.38559018,101.2007665,103.4999691,100.0935338,96.89351833,94.69616622,88.35416183,82.28073999,80.35542552,NA,80.92698766,82.19774303,87.31914779,89.04702592,91.81168733,90.55097998,98.55834105,95.47395169,93.94937582,100.3401812,97.50130252,97.74309739,94.5207757,95.62961431,95.71730313,92.58841535,91.66913877,92.06014672,91.66738808,88.9812111,88.38636869,83.92421474,84.55037444,81.83547615,78.22055739,77.27295674,76.93025361,76.40362442,75.95940427,74.04830986
42.13138601,-70.415886,2022-09-28T17:40:05Z,5.167585263,1258.19458,3,NA,Lower_dredge,235,91.97187409,107.5374212,NA,88.95421338,98.26419595,99.75811826,102.9325614,99.49882865,98.44029599,94.92335719,88.60654519,84.11024502,80.97182911,NA,82.68433237,84.03224046,85.40828992,93.52689673,93.04798201,93.86545977,94.47055345,95.1031633,95.34107388,97.66949023,99.81605463,96.24558128,93.97377592,93.74116773,96.07110173,94.7847601,93.66742547,92.1661856,91.88602617,89.84657215,87.76578109,84.02967577,84.62970795,82.60631589,80.50915757,78.96112111,78.22711048,77.26848957,76.56187023,74.2249728
42.13164099,-70.41592397,2022-09-28T17:40:17Z,4.625821815,1230.725153,3,NA,Lower_dredge,60,97.92342829,108.5130989,NA,87.68377395,102.4172414,100.0557698,102.3317462,101.018399,99.55933596,94.702918,88.26131504,83.54581968,81.06806765,NA,76.79809684,84.87241421,83.64987585,91.36077119,101.0412591,95.27596246,93.16826586,97.3666855,94.15264322,96.54547402,96.42283468,99.14078945,96.08461254,95.59340359,96.953098,97.29655079,92.84171258,92.41847299,91.57731843,89.4085116,88.07947548,83.1354625,84.44817916,82.68915592,79.48688787,78.45426543,78.28254846,77.23644931,76.7872007,74.3514337
42.13189303,-70.41596998,2022-09-28T17:40:29Z,4.586313572,1203.733227,3,NA,Lower_dredge,60,99.36975376,108.2138064,NA,90.7603998,103.3806383,100.2774675,101.9456726,98.83725813,98.09625125,93.55255653,86.08112048,80.54428765,79.56683998,NA,75.77336124,80.60214362,90.16487278,87.78575426,101.7380316,97.96472537,87.84996305,98.20969147,95.35106302,97.19129004,97.15314236,97.17886077,94.23406189,93.87537824,94.08125278,95.05325,92.61591387,91.53296644,90.51231256,88.34520356,86.60502246,82.51480714,81.7823571,78.83294522,76.77925358,75.44162757,74.87270553,75.05723954,75.44070053,73.70418689
42.13212202,-70.41598499,2022-09-28T17:40:41Z,4.134086096,1178.888536,3,NA,Lower_dredge,60,98.60849919,108.9725457,NA,94.04701251,102.0837145,98.59720571,104.4234976,100.0706649,99.62368361,95.70870185,90.51042168,89.52237011,83.30229255,NA,85.44517797,85.54378971,92.62558744,92.09257207,100.7463229,94.25435893,92.76052609,92.26287874,95.64392639,100.6902221,99.03448169,99.01052459,95.48227083,94.06568374,96.10681289,96.67508517,93.14487326,93.90306336,92.47940226,90.64799782,88.98739153,85.58370142,86.46073798,85.05601099,85.06627084,85.44460201,83.51114049,80.32455903,78.76830784,74.8916091
42.13227801,-70.41599303,2022-09-28T17:40:50Z,3.753211167,1161.948737,3,NA,Lower_dredge,60,101.3908876,109.7673972,NA,88.23515791,105.6439801,100.9198041,104.1230521,99.75648886,97.75657244,94.77986083,87.21932897,81.99259684,80.17884435,NA,81.10870959,82.0732405,85.74951442,100.9739101,103.3776336,93.79897705,95.37012798,93.6589445,98.19092547,99.95146113,99.32828658,98.68344653,94.23873249,93.58924366,96.54724405,94.25559093,92.6239103,91.67832052,91.27881265,90.40178108,87.53318045,83.59989865,82.79781871,80.31879246,78.47635723,76.80622157,76.00728286,76.03285055,75.82818151,74.12033113
42.132435,-70.41598499,2022-09-28T17:40:58Z,4.249391346,1144.68195,3,NA,Lower_dredge,60,102.9691673,110.8635901,NA,90.37799923,105.5339165,103.6612186,106.3731085,99.56601881,97.60567735,94.73902166,86.91225822,80.47971034,79.6824086,NA,79.97998541,84.01781873,88.68747891,90.94965296,105.0978705,93.36779835,94.47175879,100.6579551,99.44383508,101.485362,103.682481,97.74981478,93.95687343,94.02379777,96.05980459,93.86021412,91.38957409,92.90597369,90.73353803,90.84247288,87.63248134,83.23199993,82.4999913,80.12250201,76.87843495,74.95467114,75.00362155,75.16116832,75.39048621,74.07084935
42.13258001,-70.41598499,2022-09-28T17:41:05Z,4.482617046,1128.844898,3,NA,Lower_dredge,90,103.8264418,116.8956436,NA,95.82871022,109.9555928,112.8808397,109.4580144,106.0943508,105.8416479,101.7943878,96.58966087,95.37949581,92.56695887,NA,80.58949599,95.18706028,86.13960958,95.88716446,101.800441,109.0290851,109.3583181,107.8546485,106.7064203,105.8577592,104.4843413,103.356039,102.0799496,100.7559475,101.0175954,101.0268526,99.82055963,102.0743802,97.45621925,96.91286253,96.66212888,92.79779596,91.55033481,90.88672865,90.51949663,90.40919551,90.88195514,90.0931873,87.78893467,82.62910736
42.13276299,-70.41595498,2022-09-28T17:41:16Z,3.626030034,1108.433649,3,NA,Lower_dredge,166,101.8886862,115.9296406,NA,95.80572244,106.876184,110.9407841,110.4619466,106.2833582,105.3055098,101.5087742,98.11622546,97.11040452,91.94062349,NA,83.41137486,92.7243022,92.34269361,94.73024377,100.4565311,105.3944944,103.4059908,104.7582984,108.5955203,107.3897227,105.6732761,102.8943766,102.2560329,100.9991879,101.1715608,98.59790323,100.8085373,101.65549,97.54827639,96.36915185,96.16308258,94.11968718,92.96030621,92.83646295,92.94684686,92.11989392,91.87709034,89.76726417,86.88884951,81.03899278
42.13296499,-70.41591601,2022-09-28T17:41:28Z,3.679608916,1085.8183,3,NA,Tow_dredge,60,102.9216044,115.5953393,NA,93.83833198,106.7450973,107.111301,111.943064,106.9824139,104.845135,101.5415599,97.13730137,95.94378485,91.2264199,NA,80.88045027,90.01598538,91.11913299,92.08502032,104.6986738,102.0796905,100.8165581,102.2284082,103.5499944,108.7860037,105.9743545,106.1526686,103.3888952,101.7184124,101.2190482,101.0965298,99.09125118,99.79131891,97.33973281,96.26241431,96.63934993,92.81216076,91.97977926,92.26475707,90.99612444,89.84259516,92.32402706,88.7050457,86.74118632,80.48972341
42.13322802,-70.415886,2022-09-28T17:41:40Z,4.759976031,1056.67878,3,NA,Tow_dredge,216,102.5945977,114.7334069,NA,93.66084961,102.397792,107.3465249,111.1485577,105.9104811,105.045437,101.5065943,96.19660304,94.74098668,89.40088025,NA,80.40247184,91.71383926,88.63115627,88.55726625,93.7059856,101.5546876,101.2928126,102.9840002,103.2087313,108.2064672,105.4658784,104.6092702,102.8963195,100.2041657,99.55940457,101.0094891,98.74771931,100.7348236,96.55291738,96.69473261,96.94917585,92.31090664,90.61918965,91.17166025,91.78504261,89.80041074,87.1244166,86.68301399,85.09511694,79.13818066
42.13345299,-70.41584803,2022-09-28T17:41:50Z,4.90604767,1031.580163,3,NA,Tow_dredge,288,100.5078657,115.0573942,NA,94.90966435,104.2941051,108.1931572,111.3214559,105.5281964,105.2004346,101.2396269,94.92445972,94.56368756,88.9303829,NA,84.23715087,93.88206089,85.88051004,94.00566081,95.17966214,103.2361993,102.8627646,101.5550305,105.0957672,106.6352033,105.5681433,107.2787532,103.0004628,99.23650607,98.67458693,100.9767121,99.81369976,100.4196083,96.49317323,96.8134995,96.06637093,90.91640444,90.15034337,89.23037003,91.01882277,89.03035129,89.00763228,87.02042701,83.53155263,77.21333024
42.133728,-70.41577896,2022-09-28T17:42:02Z,5.044336357,1000.565899,3,NA,Tow_dredge,200,100.2050839,115.3380255,NA,87.05871765,104.429918,106.6567666,112.1391675,106.318867,105.7490569,101.6802365,96.56770258,94.75061173,89.54611476,NA,72.3601192,83.44268637,84.3112752,95.41301202,101.5405941,99.99864414,101.752706,100.0785805,103.2543219,108.7375154,106.6029955,106.3483748,101.3036761,102.0035702,101.2971102,101.7769863,100.6461119,100.3805826,97.98928496,97.3583419,94.75228418,92.67257619,91.11996308,91.43784191,90.85907798,89.72220915,89.18571966,87.43923708,84.48540539,78.15205022
42.13396101,-70.41570302,2022-09-28T17:42:13Z,4.715645331,974.0332141,3,NA,Tow_dredge,188,103.7571084,115.7733094,NA,94.19770762,105.3029099,106.9306695,112.7805177,106.689523,105.3410461,100.9341239,97.24194743,94.50150276,89.53985376,NA,80.06218463,93.19142557,86.45680227,92.60546281,99.4352495,103.6744017,100.2369407,103.6022145,101.998618,109.947668,107.2826964,105.7288699,101.8763656,101.4172063,102.4050092,100.4423703,101.5188086,99.51688129,96.94065303,97.02629761,93.82660239,93.09553094,92.86161664,91.22767634,91.11731378,89.64225689,87.81780285,87.35243679,84.48902451,78.7381527
42.13420903,-70.41561099,2022-09-28T17:42:24Z,5.060284268,945.6343176,3,NA,Tow_dredge,216,101.2682305,115.8866679,NA,96.23058492,105.5179519,107.1019225,112.651084,106.5877433,105.1193521,102.6247602,98.33540402,98.73244626,92.62588823,NA,81.50810323,94.6242161,90.63138123,91.28729291,100.6875688,103.53491,100.1941016,102.2235098,103.8320156,109.8662635,106.3771779,106.4080751,102.0887756,103.2705665,99.1214484,99.24674713,100.4244135,101.1626347,99.06463026,98.48565552,95.02776802,93.88603752,93.31399697,93.472278,91.91786492,94.91737313,94.48831504,90.47486005,87.78681654,80.58065345
42.13441799,-70.41553496,2022-09-28T17:42:34Z,4.683332557,921.7382041,3,NA,Tow_dredge,216,105.1626854,115.8487862,NA,94.30439367,101.8988269,109.1042914,112.6981825,106.6174553,104.6941765,101.5346861,97.22472678,94.35462405,90.4078627,NA,80.04849838,91.351484,90.89229021,93.73151842,99.32831072,96.58548823,100.4764196,102.8462911,107.0710315,110.5487337,104.7510456,106.3146199,103.9311215,100.9607409,99.39185409,100.07435,100.7572299,98.68941139,97.02772591,98.30533053,93.8480827,93.32902267,92.12887218,91.74093191,91.35377448,89.34523329,86.98781395,87.3907682,86.45289987,80.34330686
42.134735,-70.41541301,2022-09-28T17:42:48Z,5.095256247,885.4087167,3,NA,Tow_dredge,177,101.1110207,115.9161313,NA,97.51658708,102.6602703,110.0021178,111.9466212,106.6552769,105.9269957,102.0670805,95.75620885,94.85481292,91.2363094,NA,80.06961983,96.23325639,91.27939368,91.72199642,99.64568829,98.89196576,102.5519535,104.3000941,107.4143559,107.1923265,105.3932858,108.4226617,102.8818369,101.8334292,100.653811,101.5673737,101.4105849,100.3994344,98.09900254,98.53283249,93.99222249,91.64307667,91.18230937,89.96075876,91.12298155,90.53648674,88.00537817,88.94490833,86.51007279,79.880589
42.13495603,-70.41535199,2022-09-28T17:42:58Z,4.88200905,860.4253908,3,NA,Tow_dredge,60,101.8662936,117.0222191,NA,98.20906454,106.9066311,111.1234571,112.4594539,107.7576694,107.0109079,102.5423614,99.51230653,95.41713659,93.02453168,NA,77.06268595,94.71772639,95.57099394,92.91909978,103.8547744,103.5796324,106.7611368,105.2659152,106.8544177,107.5430066,106.9599159,108.4337865,104.3408115,102.5664513,101.5971902,103.4777451,102.0253785,100.8027137,98.10039501,99.14416599,95.17008328,94.62825027,94.96458386,94.62151274,92.3490518,89.83771492,89.03210405,90.36178684,88.79635247,82.08847675
42.13522702,-70.41529097,2022-09-28T17:43:10Z,4.954222927,829.9929487,3,NA,Tow_dredge,171,100.6818644,116.940463,NA,97.90969974,104.471267,110.9798068,112.0318435,108.7960172,107.4124517,104.2652884,99.45147286,97.32518711,94.75724157,NA,80.34378317,95.00037079,94.63736471,90.15930937,101.72634,100.8205083,104.570099,104.8311079,108.2118261,107.6152733,107.6324084,106.4280013,105.3917989,103.2888337,102.9787495,102.8822556,103.2212657,101.6724093,100.778662,99.63889442,97.43134031,95.47602957,94.69460455,93.68719636,91.62056604,92.94567354,92.96400626,92.82365214,89.17887252,83.92294271
42.13552097,-70.41522198,2022-09-28T17:43:23Z,4.966402177,796.9506961,3,NA,Tow_dredge,189,102.9956783,118.1863103,NA,98.891206,106.232204,111.8948732,113.7139313,108.3349287,109.030944,106.0538178,101.9571579,99.76266107,97.1808899,NA,77.19151235,94.87501948,96.64812978,91.48185631,103.4452349,102.6679314,106.5763606,108.6826538,105.4903652,108.3039446,109.6565134,108.7570196,105.3738458,102.0712791,102.4495807,104.2231579,105.0435657,103.3477354,102.972515,101.2548462,98.53105941,97.32797001,97.86108331,96.20905436,95.23847395,94.69716608,95.0216905,95.0858024,92.09718156,85.78523815
42.13570797,-70.41516901,2022-09-28T17:43:31Z,5.168437177,775.8091511,3,NA,Tow_dredge,299,103.2855161,117.903902,NA,97.81292477,103.6792417,111.9259093,113.2349985,108.5772356,108.927205,105.4694754,102.5387004,100.7073302,97.8144284,NA,81.65540911,92.65838087,96.07758102,95.07140743,97.72819398,101.5195229,107.5934833,107.0631473,106.7667465,108.9534822,107.1637759,109.0302885,105.5089354,102.7643641,102.4579762,104.8486574,104.71372,102.5448165,102.8269181,99.45604724,98.5955794,98.22717745,97.97591396,97.00606812,96.66777202,95.76912077,95.25186698,94.78822564,93.5933882,88.73023908
42.13593302,-70.41519198,2022-09-28T17:43:39Z,6.104655598,751.5944068,3,NA,Tow_dredge,168,103.1486559,118.0439694,NA,96.51555836,103.7851722,112.8751235,112.3531382,108.6041705,109.2198122,106.0835339,104.2218157,100.9103574,98.84894155,NA,77.85536899,88.87016187,95.62400594,91.10190963,99.14481776,101.5851719,107.4329842,108.5107974,108.2947695,108.5996696,105.3267323,108.1546686,105.4488803,101.5112586,103.6707642,105.7148028,104.0827635,103.1542806,102.9733332,99.64314569,100.6228913,100.4109146,100.164268,97.03916905,96.25958396,96.34073008,95.79759817,95.16618393,95.56332317,88.95350573
42.13614299,-70.41517597,2022-09-28T17:43:47Z,5.688426057,728.4944251,3,NA,Tow_dredge,92,102.9051346,118.2166561,NA,96.41852516,104.9020904,113.8720785,112.1063684,108.5713987,107.5604249,106.8414558,102.6314048,101.8152797,98.23223401,NA,90.19986314,91.44375634,92.88329759,93.83257946,95.74896979,103.9346033,109.7151413,108.2494499,109.212727,108.8022254,105.0578642,107.3620071,105.3362446,102.6531603,102.8732163,102.4366864,103.6402941,102.1416443,103.4297227,101.5026863,100.8493723,99.2099499,98.00565385,95.65205744,96.06886069,98.07810227,96.73959538,94.9513688,94.53259157,88.38519653
42.13637902,-70.41516901,2022-09-28T17:43:58Z,4.644190778,702.7158237,3,NA,Tow_dredge,144,103.0374117,118.189309,NA,90.11231184,109.360876,111.5540815,111.8622256,108.1786517,109.5388677,108.3439149,103.9843311,102.1912478,99.79070468,NA,81.72292159,86.6865388,86.14070926,92.147744,105.3889144,106.9975307,106.5365149,104.4432071,108.4609311,107.9552487,106.7358193,106.4276681,103.2744584,102.9761354,103.9177873,105.4576166,105.1592114,103.4214586,104.7835889,103.2764508,102.2906171,101.0367263,98.6719359,96.96083725,96.56142007,98.74231347,96.5765992,97.33784546,95.23773154,88.87607076
42.13658103,-70.41515401,2022-09-28T17:44:08Z,4.37786101,680.5382752,3,NA,Tow_dredge,60,103.3840179,119.5403019,NA,91.80239744,108.2670339,113.1579544,113.3433431,109.5376203,111.4553674,110.5418887,105.1139433,103.2596469,100.4632178,NA,80.62670071,87.90876193,88.92669573,92.15619355,105.8433828,104.3222328,109.2279858,107.7733209,108.015109,109.9911514,107.7280449,107.5494658,104.10298,103.6255776,106.1421032,107.9255658,106.4795624,105.2280048,105.9769989,105.4537395,105.8640121,102.1668502,99.17802124,98.87510392,98.91672469,98.99830265,97.36339815,97.75056822,96.27716682,89.6601501
42.13680298,-70.41516096,2022-09-28T17:44:19Z,4.367282048,656.5727309,3,NA,Tow_dredge,252,101.5600497,119.2687702,NA,97.81082212,104.7747082,111.308603,114.010115,109.5843642,110.8923376,111.1725718,105.4344754,104.7832317,100.8823101,NA,79.28887753,96.52701228,91.646586,91.66564771,98.76643584,103.2282537,106.1891919,106.9808126,106.4030911,108.7833245,109.6466365,109.2439092,104.1638019,104.3516862,105.7462589,106.9680939,104.9546943,106.2079728,107.0193371,105.8808692,106.2241972,102.837576,99.95318852,97.66193492,100.0543556,100.3486937,99.60051302,98.3371878,96.33073936,90.55994211
42.13708897,-70.41519198,2022-09-28T17:44:32Z,4.77572686,626.1527415,3,NA,Tow_dredge,216,102.5227473,119.8645621,NA,100.9395448,106.9096271,110.669525,114.4502777,111.7557591,109.5742159,112.9786611,105.1082424,105.0472311,99.55921423,NA,82.08581642,100.1763154,92.64637183,92.54813374,101.9003495,105.0241431,103.6508761,108.1587306,104.478569,110.8478027,108.4281955,109.4170585,105.4367829,105.8433637,108.8339482,104.54349,103.2047941,106.1571559,108.8071338,107.3296682,108.3565574,102.2897708,99.2647167,98.47316096,101.4292791,100.1428836,98.88565279,96.66717837,95.257979,90.15741069
42.13741302,-70.41523699,2022-09-28T17:44:45Z,5.422404595,592.0546597,3,NA,Tow_dredge,395,101.4233971,120.3311544,NA,95.27715243,108.1657039,110.665378,113.6312269,113.1483401,110.9077084,113.8185628,105.8264284,106.1030542,101.2354401,NA,78.60056133,90.49916099,93.37740238,91.69300273,102.8883843,106.4959341,102.0666752,106.0815178,107.7741007,109.4378192,109.4031532,107.460279,108.743617,108.0160923,108.3410165,105.1615143,105.6597233,107.292775,110.8593069,107.64155,107.8486057,101.7864659,99.95931523,101.2240362,102.5891135,100.6239664,100.4415406,98.36444739,97.09648308,91.15348977
42.13766104,-70.415268,2022-09-28T17:44:58Z,4.14604195,566.0626206,3,NA,Tow_dredge,72,101.5164999,120.0693383,NA,98.85505132,106.7845137,111.4846254,114.2382993,113.4789629,110.1768311,111.9170753,104.996468,104.5260971,100.8208314,NA,80.42399057,96.28467918,95.21336494,94.95286856,100.5387852,105.2170882,103.9141964,105.4015472,109.1084353,109.5097602,110.3116279,108.3627221,108.20748,109.1336143,108.7327668,102.1299523,105.2332927,107.3605726,109.2626616,105.6599907,105.3521585,98.85572821,100.4092077,101.1143972,100.7542723,98.49986071,99.72098531,97.96277182,96.69746761,90.60738533
42.13787796,-70.41530597,2022-09-28T17:45:09Z,4.302953157,543.6974157,3,NA,Tow_dredge,216,104.710184,121.2616864,NA,101.0028504,106.1890523,113.0297768,116.4863704,113.8984314,110.5514227,112.8899436,105.9762951,104.8495273,101.1679375,NA,81.76387447,99.72823685,94.84868799,97.52628034,103.222671,101.7383079,105.8701265,107.6428708,110.176438,112.4339797,111.0988974,111.502854,109.3956021,109.6804992,108.1602062,102.2548212,103.8731435,108.5935342,109.6989159,106.947164,107.1364735,99.9882543,101.5309478,101.8736923,100.6133192,99.73843283,99.82885418,98.24516826,97.17309189,90.76981281
42.13816797,-70.41534402,2022-09-28T17:45:22Z,4.850059635,513.7746156,3,NA,Tow_dredge,60,107.6458744,121.3454503,NA,96.80608007,110.989543,114.5255767,114.9765481,113.2215316,112.1423369,112.0985885,106.6560156,105.8002494,101.6033248,NA,80.41262317,95.07060368,91.67001726,95.31442247,110.0807745,103.0776898,106.9374745,108.0858658,112.297971,111.0177724,108.8891964,110.4408526,109.5208956,109.2978723,105.4827845,105.5096065,105.7188646,109.58538,109.3723591,105.6153016,105.9271581,100.1058602,102.9254144,102.1596949,101.8043257,100.8397313,100.3089467,98.41657551,97.64742863,92.31244216
42.13841197,-70.41539004,2022-09-28T17:45:33Z,4.846578547,489.189315,3,NA,Tow_dredge,60,107.6594234,121.9264407,NA,97.69141994,110.4258096,112.9789146,116.0784705,114.3711824,113.2834317,113.6230293,106.8792071,106.7295581,102.8119044,NA,89.50183462,91.70566723,95.44582362,94.84856926,109.4844523,102.6578144,104.7116308,107.9755926,110.2623286,112.1089781,111.0767866,110.5960471,111.489802,109.5027255,106.3846782,103.3499157,106.8342948,111.5567878,111.0600876,106.3005722,107.7811318,98.97598802,103.8169284,102.2433742,102.3902344,102.2031042,101.1880118,100.158984,98.44645569,92.40883894
42.13873702,-70.41542097,2022-09-28T17:45:46Z,5.423965999,456.0942817,3,NA,Tow_dredge,216,106.8218046,123.5528204,NA,98.66445401,108.4194813,116.1871415,117.7796463,116.5126083,115.0781808,113.9795078,108.3404295,107.9737562,103.5867074,NA,77.68048504,97.91578744,90.43617645,97.63650265,103.0380431,106.3911769,107.9724329,111.3535418,113.3519867,114.3155949,111.8200939,112.4935121,114.4408188,111.239418,105.6739009,103.2011942,109.259298,113.3596597,111.8602434,104.1586952,108.4807941,101.4538616,105.2458178,103.1806772,103.7220266,103.8879748,101.6657533,100.7904768,99.22070019,93.95322732
42.13904204,-70.41542801,2022-09-28T17:45:59Z,5.077854887,424.8482324,3,NA,Tow_dredge,288,108.1544137,123.9123191,NA,100.8348157,106.5828013,115.2774398,120.1600444,115.1109381,115.1312397,113.1736174,109.3230913,108.0595193,103.36993,NA,79.16892833,99.05474593,96.01275624,98.53377311,102.0077169,103.5249739,112.0516832,109.4873177,109.4367567,116.6586279,111.072931,116.4954319,112.3020316,110.6742199,105.7647339,103.9849513,111.4126604,112.1073664,110.2886961,103.968716,108.7996865,104.4253239,105.1349565,104.021465,103.7333076,103.6806237,102.3059463,100.3095473,99.36855661,93.69416602
42.13922904,-70.41542097,2022-09-28T17:46:09Z,4.048018508,405.552142,3,NA,Tow_dredge,72,107.1894494,124.05987,NA,96.88013998,111.4782168,114.6353603,118.8604247,117.4406168,116.2437983,112.8758119,109.068134,108.2227007,103.8586818,NA,70.19482631,87.95483115,96.27422613,95.95723813,102.4326553,110.7589644,108.7070142,110.2206814,110.4648493,114.2887144,114.3121808,113.6331342,114.6775713,113.1612138,107.3264913,106.8377218,111.5341001,113.6257102,107.3773732,105.6149879,110.1199171,105.0006128,103.9604085,103.8328874,104.3635362,103.0487022,102.7705779,101.0374724,99.59743429,93.9821581
42.13952601,-70.41542097,2022-09-28T17:46:21Z,5.355044187,375.6036543,3,NA,Tow_dredge,70,109.1323931,123.2901907,NA,95.4096158,113.6722758,115.1264313,117.5372352,114.4349943,115.7033417,112.1032095,108.924821,108.6129066,106.1530359,NA,80.24917924,94.03322109,89.23230643,94.50464949,112.697295,106.436203,109.8505034,108.2653532,112.0919773,113.8274797,110.8074413,113.124838,111.6893269,109.9417523,104.9742151,107.0610946,112.6622481,111.3479969,105.1562564,107.8516048,108.3596583,105.5102803,102.7977686,103.7031651,104.2729516,103.9994059,103.1797027,102.5278232,102.703741,96.72519471
42.13980102,-70.41540496,2022-09-28T17:46:34Z,4.581852768,347.7896629,3,NA,Tow_dredge,238,106.3169025,123.866067,NA,101.648109,109.364958,113.5577202,119.0436334,113.627299,117.8271962,113.8131062,110.1946836,109.316659,105.7523276,NA,79.92150543,100.2642091,95.89943726,98.09122336,107.0848724,104.6007231,105.6098706,109.7480663,109.8278159,114.7951062,113.9753242,113.9954998,111.1929307,107.7783005,105.9066793,111.8641737,115.0562211,111.2184676,102.7321284,112.0967276,107.7663088,105.9975072,105.2219499,104.9853085,104.2922321,105.0926799,104.194402,103.0052507,101.4214916,95.74587555
42.14016303,-70.41543597,2022-09-28T17:46:49Z,5.232814753,314.0239635,3,NA,Tow_dredge,60,110.7591155,125.394326,NA,99.05874186,114.5187865,116.3446205,120.019298,115.3599448,118.3969667,116.1019454,111.5021743,110.2542106,106.6403908,NA,81.25330228,98.18802331,91.2360948,100.1987418,113.7567771,105.4511081,112.1442841,111.2050317,111.308585,116.7869585,113.4126108,114.8833365,112.3332329,108.2688238,110.2242838,114.3828545,114.9299787,110.2465047,110.6058863,113.4672629,108.4757763,105.9705258,106.961977,107.1684772,106.0676628,105.513281,104.7715438,103.7963251,102.3551667,96.96210911
42.14052203,-70.41541301,2022-09-28T17:47:05Z,4.860646066,279.832296,3,NA,Tow_dredge,128,108.033641,126.5395313,NA,98.35802081,112.8794977,117.8102273,120.6410896,117.5769499,120.2064249,117.0956626,112.6922117,111.7182539,108.7735576,NA,81.97696388,94.62548868,95.78994355,102.0388567,110.963347,107.2624009,111.8416611,114.5174993,112.2579754,115.29141,115.8232765,116.4212899,111.6651745,112.1964547,114.1470789,117.8384584,115.5467676,109.1436822,112.9933582,113.0242798,110.5108795,108.7606792,108.1563199,106.5602983,106.8973696,107.0222905,106.920444,105.9569271,104.4414143,99.12396254
42.14079302,-70.41538199,2022-09-28T17:47:17Z,4.904136583,254.4708885,3,NA,Tow_dredge,174,112.6486294,128.1030333,NA,98.31460778,114.4298138,121.0400966,122.2431237,120.2131335,120.8412075,117.3649404,113.2741342,111.5287813,108.1947061,NA,78.13126979,95.9741472,94.41087339,99.04195093,112.983475,108.4838167,110.3317849,116.1008906,118.780617,119.5800893,116.987272,114.2908708,109.8599474,113.2616246,118.7014512,119.6101486,111.6704041,111.8376922,112.4892016,111.8017882,113.3509189,108.9981126,107.9538866,108.4941341,106.6511342,107.0991494,106.4998384,105.421135,103.9821185,97.87486555
42.14109804,-70.41535199,2022-09-28T17:47:31Z,4.726981295,227.6050918,3,NA,Tow_dredge,243,110.3364695,129.3223841,NA,103.0748877,112.4380573,121.0441289,123.2219865,124.1228876,118.9574046,119.3772053,115.3365772,114.3500228,111.341957,NA,84.25469539,102.4281272,94.05240051,104.4025998,106.2245338,110.245995,114.9938803,116.9743466,116.6064225,119.985113,116.8318483,117.9320991,117.9226772,120.0170617,119.8237,114.1310514,115.0357147,113.1983989,115.2457862,115.4246119,112.6258431,110.6069206,111.4038526,109.4719162,109.9361952,109.2656704,109.5078494,108.1186487,107.4578935,101.9509701
42.14139601,-70.41533698,2022-09-28T17:47:44Z,4.963221563,204.2516665,3,NA,Tow_dredge,509,118.9854577,130.2825497,NA,100.1073684,118.1421019,122.3101028,121.3515723,126.0492637,120.7840253,119.2718683,116.3549387,115.0512365,110.7825327,NA,87.65076419,96.05617483,97.50909361,104.848355,117.3712559,108.7789232,112.3771292,119.2447739,118.3818657,118.6041855,113.3993117,116.244897,119.5287356,124.1871919,117.048347,116.1724023,114.9039719,116.7606155,112.1155758,115.901293,114.6793036,112.4423561,110.7379636,111.3989657,110.9076393,109.7718148,110.0798507,107.9552067,106.2562739,101.7796753
42.14164697,-70.41533698,2022-09-28T17:47:55Z,4.936777412,187.6849102,3,NA,Tow_dredge,347,115.5434052,131.2227742,NA,103.4429924,117.3747866,122.0768868,124.9413727,125.8839671,122.4686678,120.97699,117.1683839,115.923849,111.5441655,NA,90.03382292,99.96544058,100.4792517,106.3059023,114.5365173,113.4128737,116.1474538,119.4746262,114.9870579,117.9461904,116.7480631,123.0615629,122.4863558,121.9657536,117.250696,117.7308395,118.6459739,116.4375928,116.5228571,116.1010063,115.9742923,113.4793053,111.5772926,111.8865498,111.9851644,110.8595784,110.4669596,108.797298,107.011731,102.2096271
42.14193304,-70.41532097,2022-09-28T17:48:08Z,4.765783457,171.2928056,3,NA,Tow_dredge,139,115.8514394,132.4619842,NA,106.1122572,117.3119746,124.6260473,126.4725135,127.2520778,122.7920094,121.2807317,117.0463249,116.6371699,112.5852131,NA,92.99403858,104.8999373,99.00811146,103.5081278,114.3367565,113.885351,118.8939404,121.2784199,118.9428252,122.598334,120.0121751,122.086682,124.2625222,122.5435982,119.2775821,114.9613818,120.6642554,116.2660986,117.2651548,116.1502371,116.0002598,112.4534472,111.7204413,112.601221,112.6200712,111.8000574,111.0327648,109.6706452,108.1979037,103.5444177
42.14212398,-70.41529097,2022-09-28T17:48:17Z,4.621824942,161.5252448,3,NA,Tow_dredge,509,117.5572632,132.6809051,NA,108.4160877,117.885637,124.2788808,126.9200892,127.5225581,123.6686298,121.1662336,116.8879141,115.452232,111.0298886,NA,94.03098024,107.2878445,101.2570571,106.3107858,115.5728075,113.2424814,120.000504,119.5274493,118.9290679,120.2849848,121.5776194,123.8285693,123.3719889,124.3204938,118.8915379,118.1669587,119.9582014,118.3330602,117.7710812,115.2214414,115.760146,113.645152,111.1454471,111.0297081,111.483561,110.6428258,109.7432253,107.7946057,106.862732,102.5578819
42.14239497,-70.41527596,2022-09-28T17:48:31Z,4.19201592,153.845769,3,NA,Tow_dredge,391,114.6334841,134.2804087,NA,102.4366003,118.9130754,126.7413702,128.458477,128.6966375,125.3371564,122.9756334,118.523129,117.6265815,112.1016135,NA,93.8203464,96.59209882,100.2335165,107.3497717,113.6976677,116.9016816,123.0560343,121.0326927,121.5609743,121.3600982,123.9695331,124.9831155,126.3836142,123.2351134,119.7881412,119.6553548,121.0568981,120.8576097,118.7762545,118.2289551,117.5169826,114.5739106,112.9376503,113.5863545,113.70588,112.9159656,111.7181335,108.7750943,107.9232637,103.9491759
42.14264299,-70.41529097,2022-09-28T17:48:42Z,4.883852773,153.9530843,3,NA,Tow_dredge,142,116.2886838,133.770873,NA,105.5960105,118.081778,123.7064093,127.9227485,129.3861676,124.8213,122.2521696,117.8107957,116.9305887,110.3272594,NA,94.2506453,101.1891627,103.1098276,109.5771942,113.2964185,115.2969658,117.7829709,118.5486037,120.1350134,119.8241183,122.006841,125.6236778,126.4509852,125.11553,120.0762176,120.1496551,120.7785107,119.0493687,118.5131889,116.4099883,117.2593042,114.0218534,112.4156791,112.4845121,112.8334627,112.2054448,111.30507,107.6202382,105.6260422,101.299364
42.14295203,-70.41527596,2022-09-28T17:48:56Z,4.779691131,158.4015533,3,NA,Tow_dredge,107,119.5460043,132.8765105,NA,102.2564851,117.5150129,126.3782428,126.0573849,127.8484652,123.8865645,120.6613882,115.6586337,114.6404026,108.4440705,NA,91.00649964,91.58831248,101.4955046,107.1233102,114.2047327,113.9691887,123.7727808,119.9155149,119.9067826,118.8742143,119.208365,123.8542838,124.998029,122.0316987,121.2576387,118.0091593,121.2368241,116.8605984,117.5965833,114.2779424,115.0747924,111.7777264,110.7959146,109.8819282,110.218027,110.2778475,108.9951149,106.1076489,103.4276572,98.48896341
42.14325001,-70.41527596,2022-09-28T17:49:10Z,4.605648671,170.2806317,3,NA,Tow_dredge,457,113.7348057,131.979472,NA,105.5549095,116.3756438,124.8939152,123.264831,128.0201411,123.9840061,119.0315378,114.138547,111.9370326,106.0246096,NA,87.24243639,102.3382118,102.6174598,109.2553682,113.5350871,110.939219,118.9367007,119.7523721,121.3307797,117.538334,117.8287987,119.7626899,122.8338928,124.8801696,121.2784855,119.5923763,118.7032448,119.2961163,114.1047896,114.5679152,114.0911104,110.7097154,109.2196988,107.6360595,107.8844802,107.1283128,106.3494927,103.9121764,100.7115153,95.61193161
42.14345897,-70.415268,2022-09-28T17:49:20Z,4.523431862,181.2693158,3,NA,Tow_dredge,127,111.9544487,131.2622865,NA,105.6190858,115.5819313,122.7084141,122.105699,127.8038829,123.6995018,118.5660131,113.4253392,111.3177156,105.5462545,NA,93.15266428,104.9835843,94.62037999,107.9862173,110.24188,112.8543869,116.9467619,117.542357,119.0458823,119.7709216,115.0749729,115.484947,121.8452072,124.368642,122.4727916,119.8485327,118.0211281,118.7169024,114.4828206,114.2835341,112.3026557,109.439968,109.0233039,107.1845649,107.124533,106.7440084,105.6373155,103.4432959,100.2015702,95.17112642
42.143738,-70.41526004,2022-09-28T17:49:34Z,4.31371771,199.3962547,3,NA,Tow_dredge,142,112.1816584,130.3011505,NA,103.2944343,112.7660116,120.9145485,122.8299642,127.2227535,121.1121442,117.0007782,112.0966765,110.0087666,103.6999093,NA,87.44590313,102.5879178,94.23312293,101.086309,108.7118442,110.0811124,113.7768446,115.128426,118.2612059,120.4373798,117.4982258,113.9895499,115.4649948,123.6559775,124.1548934,118.4847265,115.5402916,113.5846035,114.3269847,110.9264061,110.2803739,108.2679268,107.2758992,106.1846778,106.2339998,105.1843456,104.0128884,101.5641576,98.3828655,93.45400025
42.14401603,-70.41527596,2022-09-28T17:49:47Z,4.632027123,221.5595205,3,NA,Tow_dredge,171,111.5522509,129.6545799,NA,100.4253322,113.5540821,121.458687,123.9593959,123.1220546,123.9595492,115.9982486,110.2606747,107.3037984,100.555528,NA,78.4819766,91.6173383,99.78052747,100.8067452,102.4998859,112.9414366,113.8226321,114.8887687,119.2931479,119.7454133,118.7608406,118.9964455,113.9172482,115.6562552,121.5772064,122.4198864,117.1093439,113.5956329,112.4069738,110.849875,110.0975759,106.8618851,104.9965226,104.1561875,104.0895237,102.1291553,100.7117473,98.25483803,95.51943457,90.45177652
42.14430202,-70.415283,2022-09-28T17:49:59Z,5.157908747,245.8941244,3,NA,Tow_dredge,194,114.4438348,129.6340543,NA,97.2210719,110.2175917,119.3319078,126.4905066,120.2907133,123.4048207,115.5997857,109.2560793,106.8315454,100.7803257,NA,84.27069193,95.27076403,92.14989225,101.3574371,104.0313756,108.2064576,114.7158048,114.2118926,114.7344241,123.9004574,120.4955219,119.4510051,116.7015639,112.3026801,116.3487779,120.6329553,119.5591036,111.1337237,113.9273162,108.7657636,106.104293,104.4115487,104.8070018,104.214971,102.4075773,102.5029491,101.1423403,98.6461615,95.61490005,90.01419112
42.14455398,-70.41530597,2022-09-28T17:50:11Z,4.553779356,269.3465281,3,NA,Tow_dredge,217,110.8979231,127.4670934,NA,93.15689601,111.4936139,119.6985782,123.143182,118.4704492,121.0322343,114.51042,110.2054569,108.7203595,99.73822597,NA,85.07469533,90.43981026,88.06433138,99.70977058,108.1262152,108.2436214,116.1619103,111.0412488,115.9397866,119.9325296,117.5921463,117.0170229,115.4690833,111.3516024,113.3110296,117.3155903,117.163125,113.2008559,109.4942281,111.5595998,107.0159388,104.5227977,105.8226782,105.8313475,105.1435093,101.8310468,104.2406416,97.7267901,94.31364679,88.97721122
42.14484399,-70.41534402,2022-09-28T17:50:23Z,5.254226078,297.7918554,3,NA,Tow_dredge,214,110.1026441,126.9059427,NA,94.45452609,109.4183468,118.2865039,122.80895,118.428943,121.1238334,111.3998349,108.617508,103.6737379,96.91512329,NA,85.32094047,91.45090741,90.21967947,95.37182252,108.1080317,102.8634853,113.8641338,113.2991159,113.3602028,118.9128951,118.6783301,115.9463079,116.012221,112.4731526,110.8097242,116.162634,117.8897825,114.263397,105.4439075,108.6492906,104.7329247,106.289764,102.7656771,100.5208165,99.94972438,99.46336465,96.60714861,94.71341602,91.90485122,86.06365883
42.145119,-70.41533698,2022-09-28T17:50:36Z,4.578414139,323.8472834,3,NA,Tow_dredge,135,106.1405717,125.5601392,NA,95.7184582,109.5885387,118.7863809,120.3615233,117.7682033,119.3882635,111.0107399,106.4008998,102.8027026,96.17265019,NA,83.48377758,94.05094817,89.8525208,95.99561024,105.6411932,107.0182554,109.6465084,115.7535554,114.5920282,115.3025141,116.0047652,115.431018,114.5249461,113.732568,108.9495148,113.0307633,115.5644506,114.8791611,107.7309436,105.2505378,105.2372233,102.9832994,101.0167754,100.4714274,99.26915734,97.41853517,97.07264136,94.44228636,90.32053948,84.54460497
42.14540902,-70.41533698,2022-09-28T17:50:48Z,5.229719888,352.3585996,3,NA,Tow_dredge,333,105.813107,124.6788674,NA,96.14866578,108.7909359,116.2255272,120.3433418,118.2971597,117.0567406,111.1228786,104.3154421,101.061806,94.3219799,NA,81.68904766,88.72259482,95.08798156,95.74661372,105.2528946,105.8461703,110.2234709,110.0859543,113.2643361,115.3150956,115.3149169,116.0447707,115.0415475,114.5518859,108.5216127,110.5143079,112.6499607,113.2455113,109.5323514,101.3580073,104.156893,100.3340415,99.80268316,98.23205499,97.93180424,95.83224558,94.35876138,92.30823542,89.13750732,82.6444822
42.14567598,-70.41532902,2022-09-28T17:51:00Z,4.815071924,378.8788318,3,NA,Tow_dredge,392,106.0182641,123.9867513,NA,92.62013276,108.4684023,117.0170179,118.5094704,117.9005432,116.1556251,111.7486884,104.4744764,100.2187363,93.07242952,NA,77.96927692,91.37275183,85.95225496,94.29051375,105.5932337,104.9616035,113.7017239,107.1158353,113.3679096,111.2495105,114.3119831,114.8608598,116.1467259,112.1276039,106.1982389,105.1485686,111.50961,113.7719999,110.247441,101.5630463,104.6810322,100.1236401,100.5781949,97.99744377,96.58919863,95.92701154,93.10120908,91.05071028,87.97093996,81.08417811
42.14595401,-70.41532902,2022-09-28T17:51:12Z,5.013512931,407.1998694,3,NA,Tow_dredge,392,109.3551812,123.4285344,NA,98.21073465,108.0311109,114.7062884,117.1837612,118.7638827,115.7184603,111.4010026,105.5029328,100.6052369,94.89256967,NA,81.26552991,95.29336419,94.92227647,96.66433388,104.1217192,105.1953168,111.0102568,109.8165801,108.6625069,113.5416095,110.8397608,112.4425058,116.0993512,114.7628756,106.5849877,103.3847878,109.7207891,114.1085059,109.8324249,101.9096401,104.2049669,99.70962893,102.6435615,98.90510419,96.89679551,95.54648088,94.79273146,93.17027613,89.08702441,83.00077222
42.14626699,-70.41534402,2022-09-28T17:51:25Z,5.212894989,439.8988624,3,NA,Tow_dredge,107,107.0426102,122.6238018,NA,97.01005011,109.9101955,114.9686384,115.70792,118.1805972,113.3988114,110.889724,104.7337258,99.58554383,92.73185145,NA,80.88222723,94.94265195,92.50460199,98.35496829,107.7842051,104.923308,111.5008882,108.0680723,110.3573894,111.1143831,110.3227074,111.3112905,115.1481591,114.064228,108.7860921,101.3045793,105.5689942,112.2830518,109.4000421,101.0874679,103.5781184,98.64228084,101.6233838,98.97324571,96.55435457,93.96156927,93.17426458,90.44102957,87.92271471,81.73417784
42.14666697,-70.41532097,2022-09-28T17:51:40Z,5.77530344,481.0692787,3,NA,Tow_dredge,234,104.7136151,122.0157841,NA,93.05474205,105.5381432,111.6137781,117.770217,117.3059602,111.8405506,109.8638374,101.9045943,97.42600879,89.48120314,NA,78.86061809,89.0636016,90.55989891,91.10792097,103.6708881,100.4991781,105.0814404,106.6742761,108.2141275,113.3419987,113.4549087,112.0684738,111.9788262,114.4698065,110.0071669,102.6775724,105.4126509,109.977191,108.3504753,102.1608594,100.8162665,97.29288881,97.86065092,96.05595019,94.7265464,91.60142631,90.46573073,87.26771439,84.42184708,78.89501508
42.146973,-70.41531402,2022-09-28T17:51:52Z,5.51919881,513.1845129,3,NA,Tow_dredge,215,104.6050655,121.5960998,NA,99.24746189,104.3263579,112.3942144,114.2937443,118.5418111,111.9460451,108.7392788,101.4242583,97.37676002,89.10787566,NA,78.41507481,98.13056365,92.64220531,94.16673666,95.55562619,103.196291,105.5234149,105.5463399,110.0865816,112.5565944,107.6012026,104.9200129,114.0475811,114.458799,112.5926266,106.1223701,106.4668377,108.5281849,107.5593922,100.2534744,98.57034615,97.13596001,97.26004344,95.30042184,94.68961346,92.00502104,89.70901734,87.10684255,83.53422948,78.75016359
42.14723996,-70.41533698,2022-09-28T17:52:05Z,4.452621035,542.0180184,3,NA,Tow_dredge,229,106.3188197,121.3290324,NA,95.40383014,107.6817408,110.5479857,117.0600638,116.3267285,111.3412312,109.6150741,101.1351465,95.82548418,87.01744012,NA,79.95353151,91.4968867,92.92248708,95.42726512,105.0522844,103.6440707,103.9046628,103.8708394,108.09507,112.7150632,112.8089392,111.1518613,109.4522443,112.3410722,112.2948858,107.0013818,105.7952225,106.8188548,108.3094473,102.2402017,98.45870012,97.86611417,96.28763188,94.17551775,93.93500584,89.3923376,86.81481666,84.76202823,81.75482998,77.32776528
42.14744196,-70.41534402,2022-09-28T17:52:14Z,4.858313367,563.6770659,3,NA,Tow_dredge,289,106.4939129,121.9834202,NA,93.2514301,105.9343366,112.2630864,116.6044925,117.752768,112.9290246,110.3025803,99.55249973,94.12437946,86.00822802,NA,80.77265289,88.61905487,91.02808117,92.26318022,103.3707991,101.9861332,109.7237818,103.7301691,107.0708835,112.0228341,109.874599,113.0337456,108.3952734,112.1773341,115.5851569,110.5324423,104.9815599,107.139943,108.9081899,103.7375733,97.63308002,96.01154751,94.8284697,92.98725902,91.77848293,88.68115188,85.32352542,83.8594872,80.5781974,76.17315327
42.14776198,-70.41535903,2022-09-28T17:52:28Z,4.949293952,598.1866279,3,NA,Tow_dredge,145,106.1231082,121.1215194,NA,91.97911152,107.2301226,114.5913,114.0267443,115.2933087,114.2400785,109.1153044,100.0784018,95.58911316,86.30919711,NA,73.3824238,90.11089396,87.23977685,94.02749354,98.05771642,106.4270379,105.2457341,110.8033546,111.2724407,109.6285198,109.2468438,108.8569986,108.2180314,109.1155552,112.7967506,112.4635625,105.9992486,106.9301716,106.3073221,104.1811921,101.0212641,96.54618509,94.40779066,94.63654173,93.50295327,89.33513793,87.18828713,84.31320688,80.67078411,76.10751677
42.148067,-70.41535903,2022-09-28T17:52:42Z,4.71446056,630.9144695,3,NA,Tow_dredge,178,102.9225586,120.4302832,NA,93.28843593,105.2825091,113.6599814,114.2409895,114.2281133,113.4358784,108.1989937,101.7470499,95.59113373,87.09392869,NA,76.36717681,92.03111538,86.92551603,89.14412576,95.32007196,104.701598,104.3937867,109.6922669,110.4770456,111.378969,108.2196254,107.908541,106.3593036,108.6161499,111.7253593,111.4059748,106.4929594,105.7710744,104.5413064,103.9688803,101.0248011,98.78158314,96.22657549,95.05725019,93.16841144,89.95030007,87.48652819,85.37174249,80.93816419,76.38928765
42.148384,-70.41538199,2022-09-28T17:52:55Z,5.284122934,665.4676079,3,NA,Tow_dredge,170,104.8288496,119.8805697,NA,91.81284422,103.5825656,113.0692372,113.5665913,112.8648003,113.7185442,108.0833146,101.3935891,99.46043541,86.84069222,NA,81.90206104,87.72688412,88.86822782,90.10144439,98.54346506,101.6561809,105.7433632,107.6074479,110.3166512,111.1472952,106.4710623,107.2200822,107.0957005,105.454614,110.296379,111.4811869,107.9350466,105.1353353,105.0221627,102.5733357,101.5979723,97.91148846,96.1044671,95.46937688,98.34258307,90.6880788,89.20416038,85.19877326,80.588184,75.75127753
42.14863596,-70.41540496,2022-09-28T17:53:06Z,4.967757841,693.0662183,3,NA,Tow_dredge,218,102.5764871,119.4408902,NA,88.30736795,106.5978051,111.5491428,114.1413078,112.1750118,113.0298134,106.9889682,100.0573865,95.98638935,86.66158542,NA,74.57388499,85.68079761,84.45086205,91.82977414,105.2229725,100.3635014,104.9680773,106.3742768,108.3299536,110.4601186,108.0163974,109.2934457,106.9424682,106.0343652,108.774888,110.5028052,107.7849976,104.5603393,104.4410868,101.6808014,98.72834436,96.75257601,95.21377408,93.17408121,92.95334374,90.59123704,89.28822498,84.91208121,80.5310925,76.09783453
42.14894501,-70.41539004,2022-09-28T17:53:21Z,4.461154138,726.2313537,3,NA,Tow_dredge,60,101.7354209,118.9714391,NA,94.81485066,106.6722208,109.1835663,112.6264446,112.2031312,113.9262182,106.8942118,99.08455404,95.02296392,86.14332655,NA,79.11772885,93.5238585,88.43623207,88.4141865,104.2352533,102.8474951,102.8150194,103.7722456,106.0103925,107.6889321,108.700399,107.0078306,108.349196,106.7420818,107.0304144,110.9061486,109.5764726,105.1914185,104.7414658,101.4030278,97.24600283,95.83926591,93.12385378,93.44400258,92.00221385,89.8764475,87.93364096,84.11481264,80.5221562,76.10354302
42.14921197,-70.41533698,2022-09-28T17:53:35Z,4.17075473,754.325895,3,NA,Tow_dredge,392,102.8317754,118.8977318,NA,94.52144103,103.4037138,111.159817,112.6686194,112.8188195,112.4149474,107.4361553,99.54349247,93.90289033,85.64446077,NA,82.9568202,92.01860507,90.18318436,90.22271198,102.364196,95.5731269,106.159466,103.6201718,108.2149116,108.2984591,107.9305014,107.4185803,109.6333009,107.0040865,106.9288726,108.0373773,108.86181,105.2882687,104.6782744,102.3667696,99.44636624,96.6109886,93.41042147,93.47668069,91.24456617,88.53712715,86.13276435,83.51533366,80.16887194,75.8189508
42.14951296,-70.41533698,2022-09-28T17:53:49Z,4.652171936,787.0554561,3,NA,Tow_dredge,377,100.4922447,119.0727694,NA,91.49890791,101.8967116,111.7493472,113.3390903,113.2989577,112.0439447,106.0053105,99.42975484,94.23424251,85.25423489,NA,78.83815369,86.0022907,89.71896251,90.16027557,96.97231183,99.75837327,105.731261,108.0454953,106.8501559,108.1206045,107.1449945,109.9579542,110.7277184,106.953452,106.6198739,108.1758019,108.1095357,104.7263318,103.4317641,100.9781023,97.23888482,95.61218075,94.36640185,93.79401886,91.72878545,89.047849,85.55113546,83.15515013,79.60214137,75.7127875
42.14978403,-70.41535199,2022-09-28T17:54:02Z,4.515808289,816.7993685,3,NA,Tow_dredge,138,101.5183227,119.1476099,NA,93.02522965,100.117298,112.7001582,112.9993332,112.8697162,112.5423656,106.1773628,98.25537229,93.35683718,84.1226801,NA,75.82386724,89.49397472,90.32877913,93.28849474,97.16284123,94.68066613,105.4083975,110.3825997,106.259841,108.431424,106.5007162,109.3010496,108.4915979,108.9713059,106.440648,108.4650329,108.9134192,104.980257,103.5037934,101.8043802,95.92460437,94.83942417,92.50235332,92.70673631,91.30870201,87.02242402,84.92307386,81.80186971,78.67937114,75.20933766
42.15008503,-70.41532097,2022-09-28T17:54:15Z,5.024800629,849.190491,3,NA,Tow_dredge,142,101.3408359,118.927033,NA,89.97352425,104.8553009,111.6387038,112.4013001,113.5304771,111.809398,106.2744673,99.20482306,92.20501844,84.2603065,NA,76.41197984,84.203099,88.36916,91.21096889,103.361883,98.79582666,105.8717019,104.6780908,108.9110498,108.3075056,105.9158342,108.2646519,109.6731723,108.7130192,107.6599915,105.753906,108.5214065,106.326806,103.4065128,102.1372064,96.1698019,96.36088414,94.22355765,91.32351544,89.29473914,87.43314514,84.11025281,81.57334049,79.6346074,74.92963545
42.150368,-70.41533698,2022-09-28T17:54:27Z,5.10707943,880.3206442,3,NA,Tow_dredge,190,101.0275761,118.2536576,NA,88.86580299,104.6628648,106.6418417,112.8375288,113.062198,111.9109724,105.398094,97.75681278,92.77847736,84.78387382,NA,78.75095653,84.34359096,86.26632122,90.75961314,101.6216518,101.3171627,100.6918404,102.5999244,102.1025727,110.3857932,104.794866,107.2219134,108.5439203,108.3438316,107.9654711,106.9388032,108.3754496,105.6893942,101.6608379,102.2189449,95.22671418,94.19094926,92.12328463,92.33161661,90.19388294,87.38945788,84.80262585,82.46621065,79.44004014,75.62567212
42.150684,-70.41527596,2022-09-28T17:54:39Z,5.75629569,914.0999806,3,NA,Tow_dredge,71,100.5674898,118.4254344,NA,90.05413507,104.9565612,109.3528058,111.6027569,113.4327043,112.3446558,105.0608603,98.14639601,92.72646968,83.95506309,NA,78.77348068,83.38253621,88.56879221,95.52667179,97.83493105,103.3573482,105.1876978,104.66455,103.7773225,108.4663211,106.7360643,104.349602,108.8136342,108.8683363,108.2783928,106.1930757,109.3748909,106.3713724,101.9789452,100.8573922,96.14283823,94.75890615,92.2243752,92.70783384,89.78156756,88.15580699,84.28974304,81.54157678,78.6412988,75.16597019
42.15103503,-70.41519902,2022-09-28T17:54:52Z,5.919596994,951.6619232,3,NA,Tow_dredge,71,100.3244882,117.5109085,NA,88.81098342,103.9010304,107.4583177,111.9665877,112.8374198,110.1175316,103.6122446,97.02166033,93.18714985,86.26151422,NA,77.56856845,86.91534037,83.26043917,91.75419144,98.28933637,102.1248015,100.6272231,103.4329739,103.4437082,106.8266408,107.531964,107.1989128,107.5400114,109.2352026,107.1254049,104.9890858,106.5940191,104.0745716,100.8053972,98.9556406,94.87590936,93.29887665,90.99294157,92.15542716,90.05505288,87.8134225,86.68331391,84.29319739,80.5118018,76.1884922
42.15136,-70.41514596,2022-09-28T17:55:05Z,5.448668783,986.7640937,3,NA,Tow_dredge,206,97.54248504,116.2245584,NA,89.11916436,102.2048367,107.2744622,110.3786891,111.1289431,109.3340526,102.2522996,96.56715825,93.16713949,86.02097694,NA,81.35391992,84.13977281,86.23703371,95.36102787,98.79603211,97.48119857,102.6437557,102.1579391,102.6883827,106.9261748,105.6929689,103.568613,104.6801168,106.1653394,107.7050969,105.0926353,104.4992006,104.0313111,98.9643111,97.06726733,95.83034613,93.15645055,90.48180387,91.30549079,89.73101996,88.37363702,86.49295136,84.15003461,79.9640263,76.11102771
42.15164599,-70.41509198,2022-09-28T17:55:17Z,5.207295452,1017.655817,3,NA,Tow_dredge,153,94.41029664,111.2636508,NA,88.18658667,97.15993896,102.3298474,105.0055281,105.8124891,103.7421933,101.1827534,94.59556804,89.94343848,85.26195918,NA,80.36586022,79.83042225,86.56765127,89.95979767,95.37439791,88.82019335,96.06110988,96.38918287,99.3990682,99.92172747,99.88931805,100.8254495,102.9825086,99.67985951,99.52629765,99.75794718,97.51948113,99.32704728,96.7022536,96.92624408,95.46920905,91.48011411,88.5908781,88.76269491,86.24936789,84.59142905,84.43405385,82.97861535,79.75949105,76.30735923
42.15188202,-70.41503901,2022-09-28T17:55:28Z,4.706906741,1043.125395,3,NA,Raise_dredge,58,99.04752235,112.6946459,NA,85.16315453,103.1233124,101.5228049,107.0363415,106.1990813,106.0900848,101.162374,95.06284004,91.44405824,85.70262697,NA,80.22263006,81.53710125,79.06378922,93.33117766,102.2397391,92.10982677,96.29232135,95.17255384,98.22889104,100.4095141,104.3140147,100.9859873,102.1037318,100.5985966,101.4514205,102.873977,99.54202838,100.8863174,97.51666407,96.47270352,94.74939993,92.31585051,88.93150807,88.58545848,87.41411714,86.4182041,86.0721876,83.64500705,80.02553483,75.98759272
42.15210297,-70.41496298,2022-09-28T17:55:40Z,4.11183458,1066.783764,3,NA,Raise_dredge,57,96.38632411,112.5734883,NA,87.94336161,101.4588347,102.4770502,107.6900733,105.4537131,105.6575697,101.0735133,95.04569538,91.62665712,86.33409102,NA,80.43332228,82.21979195,85.38539889,92.50768786,100.6752463,87.23035525,95.38925031,96.82455712,99.73904842,103.4989164,103.1101685,102.0148071,101.4822657,99.80418447,100.5987545,101.243544,100.9231319,100.4565569,97.06084061,96.3851147,95.27805957,91.87137683,89.70484839,88.59010277,87.35392487,86.59946865,86.56639947,84.31431844,80.77124168,76.07089813
42.15228997,-70.41487103,2022-09-28T17:55:53Z,3.313014781,1086.642972,3,NA,Raise_dredge,60,94.59885024,112.5135453,NA,89.69452178,101.0516442,102.3319403,107.7212868,105.4994119,105.2609064,101.5964301,94.72077397,91.80715827,86.16944768,NA,79.38094181,83.54483818,87.91808091,89.32834925,100.1595296,91.78683637,93.5865403,98.94872998,98.43479172,102.3901581,103.8144494,102.4960795,102.196018,99.64984599,99.85448377,101.3800092,99.88268758,100.0461481,98.68042757,95.88326583,95.03417854,91.4238326,89.22218679,88.70026672,88.01844729,86.79387749,86.06874605,84.13529093,80.68022568,75.78114182
42.15247001,-70.41481001,2022-09-28T17:56:06Z,3.089950443,1106.047359,3,NA,Raise_dredge,57,98.54912534,112.712761,NA,88.78024444,103.0783531,101.9415465,107.8102613,105.3381886,105.4393632,101.8732174,95.23815066,91.33273983,85.54968644,NA,79.86669646,83.91260134,86.14869126,94.06590702,102.2343671,90.16134273,93.98249784,96.99369732,99.10125576,100.0928075,105.3992891,101.907375,101.90767,98.82576372,100.4286005,101.3501329,100.2297013,100.3342346,98.71282757,96.30895247,95.66239156,91.66860324,90.55809198,88.66255489,87.75703043,86.15743116,85.43745535,83.57617611,79.69989976,75.76793034
42.15262198,-70.41473399,2022-09-28T17:56:18Z,2.922737912,1122.289226,3,NA,Raise_dredge,230,99.22530604,113.1462704,NA,85.65028619,103.9556365,102.9446657,108.9699305,104.6829775,105.0096251,102.2010449,94.91369262,91.19773685,85.26596332,NA,78.11429249,80.26108263,82.92991585,93.00379366,103.2014053,92.93771357,94.21634553,97.65261394,100.5058438,101.7451802,106.2037545,103.4666579,101.4227034,98.66738687,99.11839572,99.80807388,100.1965578,100.6678246,99.06006986,96.06900522,96.53320208,91.84593205,89.9463376,87.65430282,87.73393795,85.59183179,85.58361645,83.25577111,79.48059536,75.543829
42.15277101,-70.41461899,2022-09-28T17:56:29Z,3.377476002,1138.016256,3,NA,Raise_dredge,57,99.56959727,112.8109202,NA,87.9601282,103.9798143,103.1907122,107.1588819,104.9437918,105.9620798,102.5076353,94.51168575,89.70390479,83.86832208,NA,77.04608211,83.67969685,85.33019555,91.97463485,103.3270709,92.81809997,96.95095522,98.91116112,99.09036375,101.8371246,103.6250424,101.3607052,102.3095619,98.14475465,98.84956613,101.3167787,101.8924882,100.1958894,99.57778074,95.91640577,96.84427204,91.20920436,89.92912329,87.16929919,86.53222113,84.18581575,83.4618605,81.47560644,78.58684538,74.91359366
42.15294996,-70.41451296,2022-09-28T17:56:42Z,3.253355558,1157.20418,3,NA,Raise_dredge,60,99.52349189,112.8497386,NA,89.65764526,104.5008589,103.2762583,107.4577807,104.5901108,105.5627379,102.456902,95.03909585,89.18844066,83.84452526,NA,79.20022973,81.82312658,88.38125862,92.55347532,103.9221633,92.34621689,94.96312362,98.78331473,100.241093,99.48502688,104.9275078,101.9614752,101.6183953,98.70655139,98.3471775,101.6314104,100.614715,99.96415242,99.88735147,94.86604808,96.80970909,91.59909957,90.2594188,88.35170302,85.85759593,83.94982848,82.9222134,81.52340414,78.30754537,75.13382963
42.15316001,-70.41441296,2022-09-28T17:56:55Z,3.707694424,1179.952389,3,NA,Raise_dredge,60,95.79154728,112.7487195,NA,88.19061167,101.951914,103.2565632,107.6105803,105.505525,105.3991742,102.3076109,96.0170774,89.87497118,83.26790802,NA,82.53785388,83.53583517,84.05098731,92.64384478,100.832541,92.36332159,94.92598348,98.84824898,100.1651074,101.7502555,101.9191679,104.3400079,103.1549255,99.27269473,98.05584575,100.8349403,100.7807602,100.2439666,99.71919057,95.04845437,96.47441103,92.25082647,92.04251207,88.55609947,86.76285306,84.67962713,83.08197451,80.82268375,77.93668014,74.65139969
42.15336202,-70.41432202,2022-09-28T17:57:07Z,3.84020978,1201.926,3,NA,Raise_dredge,229,97.4257201,113.0280998,NA,90.16966899,101.2029869,104.0958074,107.588065,105.5655007,106.1559812,103.1949458,96.3608995,89.29143539,82.62576075,NA,77.20462175,82.48867138,89.08452635,92.13210309,100.0310679,91.72019164,94.19791232,100.2914009,100.9188331,101.2344478,103.0864647,103.7556634,102.1559328,100.6209935,99.0606724,101.442179,102.9201476,98.88677759,100.1455507,95.70691009,98.32928339,92.74623121,92.05687308,89.23365461,86.23891664,84.29471233,82.04156672,80.079616,77.43728977,74.11191427
42.15355698,-70.41418497,2022-09-28T17:57:21Z,3.397995038,1223.024735,3,NA,Raise_dredge,124,94.14611181,112.5457475,NA,90.07155326,100.5025025,102.9857865,106.9913666,106.0463256,105.1991164,102.6776508,96.46126025,90.03266982,82.40605642,NA,81.04874813,83.3608427,88.27683338,94.42187897,98.4741747,91.52602613,93.75095022,99.58592721,99.25566453,101.3734354,100.3799732,104.0458039,101.9367382,101.7142884,99.90253485,100.7681655,100.9217866,99.44826882,99.92116904,95.05552435,97.40536636,93.36172444,91.64967716,89.01204723,87.41274811,84.64379892,82.17663127,79.9401209,76.93347735,74.15557867
42.15371297,-70.41407802,2022-09-28T17:57:33Z,3.155355885,1240.001568,3,NA,Raise_dredge,57,98.26615495,112.6215504,NA,88.41896662,102.6050213,102.9808512,106.1637513,105.5975384,105.4393055,104.0834143,96.72221099,89.72461555,81.99875343,NA,80.08941214,78.53933975,87.17121096,94.80933897,101.450252,90.88884614,95.476584,98.69414793,99.50981157,99.68966514,98.86156429,103.8624932,101.6333475,101.5419841,98.72670603,101.0341906,100.8715608,100.0336471,101.6160216,96.76107446,98.03086066,93.86217325,91.58442766,89.17844789,87.00381754,84.66573181,81.58753018,79.05434153,77.16522952,74.14113983
42.15391204,-70.41396302,2022-09-28T17:57:47Z,3.347166662,1261.811688,3,NA,Raise_dredge,57,98.09471302,112.4366447,NA,89.21774127,102.1804024,102.0933486,105.6744097,105.0211609,106.1587504,103.832603,98.03532774,89.61386877,83.08657695,NA,78.81950073,82.13588031,87.74840152,93.0521168,100.5515586,94.97981765,95.93591651,95.40355028,99.44498367,98.68983193,101.0598586,102.246756,100.8510647,100.377172,99.39773455,101.4141713,102.6757175,99.50698723,100.5666834,98.10832509,97.99779164,96.13270605,91.42509853,89.38582513,86.82115852,84.55301223,81.72195996,80.30174693,78.46120897,74.18029592
42.15407599,-70.41385699,2022-09-28T17:58:00Z,3.026415931,1279.818989,3,NA,Raise_dredge,57,94.95924133,112.4006179,NA,88.26631938,101.1118963,102.2795275,106.6578401,104.6345019,105.7904746,103.7091584,96.9201179,91.25590179,83.28351487,NA,81.73769644,82.23787919,85.49306507,91.95451925,99.66834929,93.19038029,92.15075213,96.62880414,100.2777342,100.5375678,102.9582078,101.8305465,99.89138555,100.4164399,99.19651748,101.0163658,101.7075466,100.2044626,100.5563048,96.96360377,98.54617668,93.65126156,91.80298837,90.36572184,88.50717303,86.10196463,83.39757824,81.01537049,77.621587,74.5964258
42.15422804,-70.41370402,2022-09-28T17:58:11Z,3.731353094,1296.539484,3,NA,Raise_dredge,57,96.14649058,112.5405848,NA,87.11241121,101.8709377,101.3161182,106.4305245,105.2429638,105.5341075,104.3142028,99.06262954,92.00460279,83.2302276,NA,82.05127015,78.80460073,84.4407531,92.64166554,100.5667021,93.33201826,95.33742451,97.11707433,96.96636171,102.8810513,100.799562,100.9775974,100.956273,99.91329809,100.4831912,100.8856598,101.0888806,100.2732532,100.7516369,98.13652648,99.34646741,96.40684288,93.56604121,91.50325337,89.05420037,87.24783835,84.00796744,80.84295126,77.77359522,74.63546341
42.15433499,-70.41352096,2022-09-28T17:58:24Z,2.876074501,1308.392543,3,NA,Raise_dredge,221,93.88094598,112.0789482,NA,88.72915372,101.054522,101.5077393,105.7850997,104.9045763,105.0980738,103.7456185,98.5907646,91.29002081,83.5901929,NA,80.1128178,80.09371952,87.33590547,93.24265716,98.97180185,94.38780307,94.58780334,96.57094687,98.28287334,102.1145158,99.42087034,101.0940077,99.18897761,100.4676357,100.6077713,100.2424175,100.9125381,99.74636048,100.8182373,96.4010538,98.60360178,95.95410734,92.80374629,91.40709434,88.19277217,86.16891868,84.35167888,81.73152206,77.30005626,74.12928071
42.15444898,-70.41333002,2022-09-28T17:58:36Z,3.277237792,1321.211283,3,NA,Raise_dredge,228,96.73988569,113.2144324,NA,88.70028261,98.89653513,101.4039831,107.649123,106.3842969,107.1949145,103.9168563,98.33634599,91.82270204,82.87665622,NA,73.85302822,81.94887125,87.48529949,93.58578566,96.46175648,90.19209601,93.4979207,95.88794514,98.86445124,101.5898434,103.9720797,102.7462052,100.5342172,102.8085667,101.1703479,101.8239442,103.7135374,101.3623096,100.7471843,97.08763147,98.83729621,95.13916811,93.50497665,91.17638326,89.31372331,85.82114187,84.55784574,80.60737241,77.33936107,73.93341069
42.15453297,-70.41315501,2022-09-28T17:58:48Z,2.786974534,1330.849608,3,NA,Raise_dredge,228,98.29393539,113.3938795,NA,91.22731201,99.62777403,102.0954894,108.1484803,106.4818801,106.6632173,104.4865901,97.6682688,91.16770261,83.32875235,NA,85.3554179,83.49392913,88.80709631,90.98929242,98.43981714,89.73481094,96.10683315,95.91464543,99.14737339,101.5257678,105.6142018,101.6595739,100.9574886,101.789333,102.2833035,102.5721557,102.1413989,100.7645422,101.2805913,98.55192628,98.75226241,94.56699404,92.7847181,90.35272154,87.66912848,86.65811199,84.15926621,81.21665065,77.41671673,74.42765917
42.15472802,-70.41291797,2022-09-28T17:59:02Z,4.05779143,1353.156823,3,NA,Raise_dredge,227,95.17932284,112.7625919,NA,86.73097818,98.93911914,101.6564066,107.1368652,106.5521896,106.2114852,103.2235679,96.70105596,90.97158641,83.32290683,NA,79.22535802,81.69392064,83.79697073,89.76173272,97.86066829,88.89711936,95.4641123,95.46690909,98.80997587,101.4291781,103.4748979,101.9223987,99.42155369,102.3056136,102.8894218,102.1904039,101.7260792,100.1527245,99.97098467,97.21957746,97.63536664,92.98582973,92.56085308,89.47607283,88.0964197,85.49979982,83.99321655,81.06593426,77.80913289,74.26928023
42.15489197,-70.41268202,2022-09-28T17:59:14Z,4.323078627,1372.272176,3,NA,Raise_dredge,60,91.40719028,112.2497348,NA,88.60213835,98.36002817,101.4901536,105.7159478,105.9683152,105.7986512,104.0629912,96.45518254,90.95391231,83.18527063,NA,82.45699562,85.81961739,82.22212612,90.43990614,96.80589067,89.802441,95.13606347,94.95547453,98.86515798,100.3886096,101.8521971,100.4279287,100.9817991,101.5910726,100.9898991,100.8895667,101.2037219,100.9830087,101.4654834,98.52405697,96.38839745,92.46647656,92.15733233,90.05613477,88.49326876,85.13535953,83.27456616,80.93528474,77.59885694,74.25906916
42.15501401,-70.41245998,2022-09-28T17:59:26Z,3.695020071,1386.918752,3,NA,Raise_dredge,202,92.71653212,112.0415906,NA,88.13449668,98.9967964,101.4676062,105.4509564,105.0786029,105.882471,104.0968041,95.87900681,91.72874433,84.06873354,NA,81.05470438,85.58052509,82.09142993,92.00414253,96.61948661,92.45409532,89.74427087,95.68870856,99.71826974,101.1353349,100.3457348,100.5179079,100.2137326,99.84338173,100.8098996,101.4001221,101.6489855,100.1389919,101.0391836,98.61550684,97.56744457,92.3061359,90.89759702,89.73800945,88.86789075,86.18728846,84.81084659,82.2776867,77.67916025,74.41524564
42.15503697,-70.41225404,2022-09-28T17:59:36Z,3.340730931,1390.718603,3,NA,Raise_dredge,60,93.12407928,112.2870193,NA,88.93648726,99.43556213,99.95087146,106.2845831,106.310696,105.2109912,103.8638892,97.02508959,92.21397217,83.63433654,NA,81.99662668,86.29817223,82.96730859,91.72814814,97.82021962,90.93003437,91.27539351,94.5595151,97.55028438,101.1307384,102.203422,101.113916,102.2930387,101.1204444,101.0939701,100.8609842,100.7263692,99.63023979,101.0791835,98.32767768,96.73839022,92.98031235,93.06366958,90.12813259,89.71028483,86.32705737,84.77442857,81.62453701,77.66020308,74.34488883
42.15510604,-70.41194902,2022-09-28T17:59:50Z,3.654387451,1400.589465,3,NA,Raise_dredge,196,94.49984508,112.6643139,NA,92.05402912,97.56197158,101.8119064,105.7221686,107.389615,104.970847,104.8220218,96.65766567,92.25370253,83.77424803,NA,88.83805327,82.34299442,88.24754372,93.84468425,90.97268617,93.07401336,94.404178,96.57087423,98.9652373,100.0516926,101.653274,101.0006443,102.6511459,101.7664898,103.3023074,99.96120441,99.97258662,100.6307307,102.5400964,98.62883127,97.0864961,92.41412151,92.73007864,90.0581935,89.58562039,86.63086256,84.92609186,82.01034959,77.27972047,74.17382473
42.15519698,-70.41169002,2022-09-28T18:00:02Z,3.830990981,1412.864222,3,NA,Raise_dredge,418,97.3894586,112.3521955,NA,86.15198016,98.91211591,101.4725053,105.9825384,106.9068141,104.6616593,104.0433104,96.70653097,91.44806383,83.42970134,NA,78.57637988,79.9959752,83.80803332,93.63513962,96.06813843,91.5553439,92.4341285,93.23748757,100.076331,101.9081753,100.3395901,101.2451414,103.4201837,101.3940912,101.2353103,99.69076186,99.80962136,100.1573184,101.8652813,97.55630606,96.34374379,92.03917166,93.28605334,89.79562123,88.58467034,85.89701176,84.54974458,81.30847229,77.64340966,74.31295218
42.15519003,-70.41143001,2022-09-28T18:00:13Z,3.794220768,1414.661896,3,NA,Raise_dredge,476,97.0799404,112.8784386,NA,90.14022931,97.0370319,100.8691294,106.290944,107.9849542,105.1620998,104.9224038,96.72669936,91.40812244,83.18311812,NA,85.53737622,85.09824027,85.4589223,90.85959569,94.97217915,88.41252966,92.13189064,94.97429416,98.71466044,101.153115,101.1048955,102.2091965,103.6505589,104.3253226,101.0132945,101.0790904,100.504357,99.43164427,102.5765327,99.57030708,95.91718032,92.63995619,92.7990927,89.8435297,88.88487605,85.88127145,83.46448279,80.92951371,77.60742026,74.25058822
42.15518198,-70.41114,2022-09-28T18:00:26Z,3.581104577,1417.016647,3,NA,Raise_dredge,60,90.94681761,107.33173,NA,85.62708693,98.45082032,99.87008839,102.0425027,99.35812256,97.67078236,97.24958937,89.42408976,83.40148709,80.96067777,NA,82.62751712,77.83693281,80.84405973,90.85673783,96.77964372,90.07640532,91.56194022,91.20582974,98.42137364,97.99520828,96.9827561,96.73036874,96.44591994,94.36744016,91.7050834,93.1765877,91.70933815,93.59569693,94.48519267,91.7026122,90.08410323,86.28467219,84.73760866,81.84815835,79.5914173,79.28659973,76.33250984,77.37149076,76.43453756,74.17690654
42.15513202,-70.410881,2022-09-28T18:00:39Z,3.302367868,1414.773264,3,NA,Raise_dredge,146,89.1421505,107.859132,NA,87.51430252,97.19861802,101.1594446,102.077996,101.5588476,97.83311702,96.50600914,89.59387567,82.35590342,80.1999125,NA,78.19857502,83.88424538,84.04092095,91.68592408,93.27291442,92.16802453,92.0337625,96.71870987,98.30282618,98.6027529,96.49473555,96.45987876,96.0486077,94.09586816,98.87856216,92.73965531,92.52221469,93.81142716,93.43860955,90.8456092,90.21505932,86.5491076,84.68136842,82.17760224,79.26515948,76.99358872,75.74563678,76.2266324,75.84426652,73.86658463
42.15510202,-70.41081998,2022-09-28T18:00:48Z,1.305050516,1412.298735,3,NA,Raise_dredge,47,99.80164511,109.8423063,NA,101.9229485,104.5586902,100.822613,102.5920846,99.66271634,98.05195248,96.74419958,90.37166141,85.48843993,81.80520442,NA,87.46204856,87.468921,101.6000137,103.0585521,98.05129065,92.92102734,94.19009994,96.27515569,97.17642764,99.23432082,97.96339296,95.46990363,96.0586296,93.34022171,94.8568341,93.61610669,93.09857426,93.10705552,93.41941865,91.42074253,90.57148134,86.3699499,85.76814694,84.44715632,82.34219127,80.56575607,78.35527993,79.09002829,76.37630452,74.31796458
42.15507503,-70.41077396,2022-09-28T18:00:56Z,1.17664153,1409.969164,3,NA,Raise_dredge,196,94.1193628,108.6087898,NA,86.20356934,98.6406258,100.8708212,104.0891407,101.3171211,97.69093673,97.67347858,91.06075583,84.59249669,81.25557595,NA,80.77246898,80.53885805,82.66079136,87.36243304,97.41502954,90.9801246,91.7598088,95.79130595,98.40507414,102.0003165,97.23499467,96.53130141,94.87607167,94.4331276,98.86167988,92.81459994,93.43990329,92.44605637,94.22447972,93.03906495,90.77062591,87.28022878,86.8118168,84.18523812,81.511402,79.45183921,77.64460155,78.0188855,76.36312357,74.29271817
42.155071,-70.41077396,2022-09-28T18:01:04Z,0.109005092,1409.528184,3,NA,Raise_dredge,59,92.54350765,108.0960747,NA,89.34319138,98.77329061,100.9368998,103.8084683,99.22791956,96.99027509,96.68210549,90.32464623,85.65230569,80.93786018,NA,84.33298278,84.13939897,85.17271912,87.66746103,96.94656738,93.01947589,91.99336278,95.97659675,98.36673039,101.7469624,96.51660611,96.62692298,94.69341581,94.75226526,93.86962996,93.04001587,90.97454912,92.3938987,93.35757539,91.38655685,90.4747207,86.06793108,85.40497399,85.1335089,82.82020077,79.73397379,79.13732003,77.74796758,75.9753976,73.97590571
42.155071,-70.410767,2022-09-28T18:01:15Z,0.101498705,1409.623639,3,NA,Raise_dredge,212,95.88026174,108.6645394,NA,91.10448923,98.88334801,101.5253698,104.1679698,99.50250788,98.75769439,97.70855768,91.46310531,85.05085502,80.85906785,NA,76.12827137,86.68522168,88.93446368,89.16202814,96.31481826,94.19603325,93.75331462,96.65064794,98.57962221,101.8927289,97.95361648,96.43906824,95.9474244,93.20949401,94.6099123,95.26588217,92.79188658,93.51875301,93.9759297,92.07149722,92.53058474,87.93512095,86.6504516,85.00452956,82.45594745,79.21676414,77.81189094,77.38576285,76.15686773,74.12016748
42.15506698,-70.41075904,2022-09-28T18:01:23Z,0.193130479,1409.29327,3,NA,Raise_dredge,71,100.8978718,110.0014735,NA,95.47361606,104.0649829,101.0255244,104.9525156,100.0557382,98.72195788,98.79057298,91.76180587,84.46024212,81.08007183,NA,76.30628875,92.2200028,92.59277435,89.54976235,97.51333007,102.7773109,94.22817474,98.12100641,95.47556508,102.6289509,98.02249552,98.20716755,96.67040103,94.23328019,94.52259782,94.25466328,92.97083153,94.4796195,95.52555972,93.91701308,91.86364698,88.73830436,86.75747032,84.44771059,81.76277741,78.00526849,78.19762392,77.86602582,76.15485745,74.11624426
42.15506396,-70.41075904,2022-09-28T18:01:38Z,0.043565972,1408.962862,3,NA,Raise_dredge,196,98.32366635,113.3485564,NA,91.81854664,100.6341431,106.0270538,108.1542563,104.3655702,104.6688021,104.4815745,98.3050878,91.25459009,83.61910497,NA,88.5976217,85.02653387,86.7927677,94.56895201,97.15723231,95.4555732,103.5825286,99.59866278,99.09849289,106.0240265,102.2462812,99.33074711,101.0866032,98.92465455,98.24472122,100.587113,99.36725915,99.64217664,100.2786168,100.5669562,97.78689105,95.31804365,93.51879385,90.48354735,88.81944469,85.4667366,83.44085257,81.40924142,77.91284949,74.75991789
42.15508299,-70.41072803,2022-09-28T18:01:50Z,0.538141815,1411.47374,3,NA,Raise_dredge,97,98.19657585,115.8112723,NA,92.51718361,102.7188998,108.4303953,109.5099648,108.3138194,108.9095386,106.483656,99.68915462,92.6082256,86.24630219,NA,90.0033356,85.81213993,86.05636232,90.87444812,100.7962265,97.37735452,104.0155331,102.1785336,104.4632098,105.7688018,105.015164,102.9775256,102.0005043,104.7050284,103.5076571,105.1182821,103.1101261,103.95055,103.9320963,100.527864,99.28344319,96.22013539,95.70018694,91.47888954,89.99148746,87.15337627,84.85587019,84.71580726,79.64465874,75.18471895
42.15505198,-70.41072099,2022-09-28T18:01:58Z,0.85056724,1408.180283,3,NA,Raise_dredge,410,93.91581869,114.6422723,NA,91.34271453,99.76844491,103.9378289,108.7669029,108.8870486,107.5411068,105.5120247,98.03283688,92.64081142,84.79681755,NA,86.14835939,88.32553599,84.31820442,87.15320006,98.63523633,92.19645087,96.81419199,98.25272436,101.2294416,102.8985979,103.8103382,105.0166438,104.3423372,104.2005093,103.7855754,102.3304212,102.3153255,103.5458176,103.4813699,98.84376702,97.50178413,93.8340021,93.81607533,91.85271351,90.66003179,86.19805699,84.08348587,82.85882418,78.99610499,74.66390191
42.15493798,-70.41082802,2022-09-28T18:02:07Z,3.339436923,1394.233631,3_2,NA,Off_eff_transit,65,97.35543953,112.6127719,NA,89.54686415,102.7993756,102.6151162,107.0638684,104.59081,105.5587901,103.1553783,97.03882679,91.65769109,84.01677777,NA,78.16466356,80.88436201,88.5296876,88.89320233,102.1306716,92.88649318,95.80164426,96.54777705,99.97424624,102.7387959,101.9643975,102.1361689,99.20565849,100.538854,99.60463818,101.2013122,100.5369759,100.5926953,100.4523463,97.5165871,95.95134624,93.26381866,92.69008789,90.32946464,89.54159507,85.5424156,83.15225353,81.50858211,79.08042404,74.72906529
42.15490303,-70.41104897,2022-09-28T18:02:16Z,4.026839674,1387.515962,3_2,NA,Off_eff_transit,60,95.36362194,112.6008204,NA,92.8097775,100.307265,103.2619093,106.475541,104.8754899,105.7214927,104.0398982,97.95517329,91.55949559,83.68625358,NA,89.39799038,86.34246238,87.84206319,89.09443885,98.95371739,93.1434381,93.68423924,97.33652264,101.2844834,102.9899343,99.64283627,101.8470727,99.24886426,100.6757288,100.266881,102.388148,99.73755231,100.2504396,100.7252432,98.72739429,97.83418783,94.12735858,93.8722056,90.86037286,89.0972479,85.94903352,83.54576057,81.10899181,78.7430634,74.73053975
42.15488099,-70.41134602,2022-09-28T18:02:27Z,4.353578575,1381.574199,3_2,NA,Off_eff_transit,65,99.26098434,112.7845589,NA,90.16796831,104.6743147,101.7638096,106.9838893,104.0904887,105.5611061,104.1560027,97.25321072,91.04891874,83.63512071,NA,71.6358226,88.14320614,85.71417702,92.82130085,104.1284089,91.90496136,91.84305207,95.48165672,99.97744079,102.8145329,101.6477865,102.0952436,99.2960674,99.00432438,99.63450353,101.9513575,100.9668613,98.93102888,100.540094,99.25750049,97.9829251,93.31637653,92.90839732,90.83901294,87.99690406,86.03762994,83.82209346,80.93627619,78.78464136,74.95517824
42.15481896,-70.41175104,2022-09-28T18:02:39Z,5.528612914,1370.619328,3_2,NA,Off_eff_transit,65,101.0404431,112.8001137,NA,95.03582003,105.0418101,103.0034995,106.8769962,103.6638489,104.4209574,104.7134509,96.66481849,91.17786511,83.94485653,NA,78.14942188,93.64246848,89.08369133,91.10366765,104.5810115,92.84397403,92.03954793,98.62238712,100.4483426,103.4626023,102.0735891,100.1720485,98.79313815,99.85694077,97.78021092,100.5823127,98.60912736,99.53326864,102.1770551,98.64532607,97.61541107,92.70223448,92.412439,90.14429468,88.55251809,85.89288017,83.15105901,81.7407562,78.37989016,74.74951261
42.15471301,-70.412277,2022-09-28T18:02:54Z,5.828763953,1354.737479,3_2,NA,Off_eff_transit,60,100.0405329,114.3057406,NA,102.5489056,107.3123115,108.9905894,107.4137328,103.4112665,102.7597823,102.6986934,93.84829255,86.31079254,81.77320695,NA,92.76733359,97.73619403,100.0669185,101.5902595,104.5922768,100.2712718,101.1606786,106.8190251,102.58254,105.279245,100.5367758,100.0387675,98.8037283,98.94996546,98.12235369,98.42659999,97.74752501,97.75605055,98.87611364,97.80712863,96.86625642,90.81295909,88.91498339,86.44309697,83.13449667,81.51312998,79.03943792,78.52506241,77.07407455,74.50865239
42.15465903,-70.41261303,2022-09-28T18:03:02Z,6.894434017,1346.800548,3_2,NA,Off_eff_transit,212,96.39157592,111.7301383,NA,88.45826211,102.8694545,103.9569222,106.6218781,101.2710056,103.2481742,102.8587998,95.3403786,87.26778875,82.5459633,NA,79.57214804,83.36253268,85.95120987,97.10404294,100.7248196,93.82392598,96.13409494,99.82849565,100.4736203,104.3224858,99.97241611,99.51721689,97.13205659,96.43541452,95.83466307,98.60514347,99.42333409,97.08973402,99.92661332,97.70036256,95.55454307,91.13505981,91.37423076,88.74588047,83.6994674,81.75846869,81.72467668,79.82756409,77.43357019,74.50743812
42.15461,-70.413025,2022-09-28T18:03:13Z,6.084787924,1339.730905,3_2,NA,Off_eff_transit,204,95.3332863,111.832107,NA,89.32112287,102.1944221,103.0716432,107.1709655,102.5593304,103.1169404,103.0890122,94.49776627,88.679864,82.23243075,NA,76.03406545,84.97242,86.99783708,97.65639311,98.84029705,94.89743449,93.23012275,98.15256616,100.6615801,104.2250087,102.1763487,99.62404575,98.15849026,97.93842346,97.21197638,98.71296191,98.63716725,97.60067404,99.66808106,98.63759739,95.7912448,91.40610151,89.83594403,86.73646951,85.400029,84.0233921,81.41752903,79.01926433,77.72950592,74.49183303
42.15457496,-70.41332197,2022-09-28T18:03:22Z,5.359812393,1335.197727,3_2,NA,Off_eff_transit,131,96.2391427,111.4974965,NA,90.05784938,102.2210242,104.4504923,105.6408182,102.6709576,102.1295455,102.9184336,95.43896238,89.46320453,82.32104351,NA,75.99537118,85.76847298,87.7539318,98.71976827,97.30711334,95.85501422,95.61158409,101.2012083,100.4287686,102.4755844,100.1909735,99.30338456,98.73463671,97.38415328,97.4420764,97.99733262,97.11037575,96.88618225,100.0876386,98.03231965,94.80126871,91.56446668,91.06437351,88.96101168,87.00075449,83.63132212,81.81021294,79.44056307,77.47959751,74.27567492
42.15456398,-70.41365096,2022-09-28T18:03:34Z,4.402389932,1333.788373,3_2,NA,Off_eff_transit,65,105.9701915,115.1624565,NA,90.35839381,108.2011994,105.8173095,107.5934638,107.8245385,107.6784188,105.6179416,98.7443667,92.93940443,84.87800757,NA,75.73734746,88.63397327,85.03006215,93.23947937,107.9677583,91.30387678,96.28185095,98.18401901,104.3680009,102.7910795,103.5996471,101.9131491,103.737294,103.2377634,102.0078198,104.0675801,102.3549271,102.0088061,103.2078854,99.58848198,98.08293848,94.20299996,95.0898733,92.11850683,90.30681145,87.74894303,84.75523096,82.48377064,79.77437535,75.4859207
42.15460204,-70.41395598,2022-09-28T18:03:46Z,4.134858621,1338.327934,3_2,NA,Off_eff_transit,65,105.3226689,114.8032826,NA,93.71065374,107.9542307,104.0833866,107.4065615,106.2475189,108.0420762,106.0156538,99.24644374,93.37483597,85.7367571,NA,77.2036789,92.61817232,86.72218216,94.32533073,107.4676477,95.92200726,96.07507861,96.38542204,102.356495,102.3120633,103.0035903,102.561975,102.8877379,100.6305721,100.4686372,103.2096902,103.1281316,103.4675009,102.957062,101.2881834,98.28992812,94.86919079,95.42291892,92.67851761,90.94851994,88.00147575,84.76917866,83.27895853,80.67772683,76.53612791
42.15461302,-70.41441296,2022-09-28T18:04:02Z,4.584081433,1340.907458,3_2,NA,Off_eff_transit,65,105.5322201,114.684255,NA,92.05396783,108.0270443,105.0114971,107.9361852,105.9237354,106.7014117,105.8130345,99.16746735,93.85068061,84.99982185,NA,76.92116412,90.46927263,86.44818315,94.53796895,107.7244823,91.55180428,92.17820242,98.88820505,103.4857561,104.0526295,103.2874146,101.8843685,103.1281958,99.33483933,99.99453309,102.0479333,102.1476144,101.5736629,102.7931008,100.5593276,98.88423539,94.15881932,95.47644886,93.2657622,91.48543908,87.77679244,86.23076164,83.14412258,79.0185001,74.79779515
42.154625,-70.41487103,2022-09-28T18:04:16Z,5.251954449,1344.662375,3_2,NA,Off_eff_transit,65,103.5610651,115.2077904,NA,93.03025596,106.8078182,105.3083987,110.1280137,107.4602934,105.7496311,105.5651007,97.68584263,92.5568376,85.39915125,NA,78.795685,91.09711485,88.10255905,96.40162804,106.0186756,95.5632354,95.7983825,101.7845977,101.780412,107.1440391,103.6165226,104.5004352,103.254897,103.1337976,101.4571567,101.2999875,100.4583199,101.1320579,103.092327,99.75703748,97.9098516,93.50580016,93.47208444,91.47114029,89.54836161,87.00147384,86.01100103,82.98652159,80.22664721,76.27404926
42.15462098,-70.415253,2022-09-28T18:04:28Z,5.106681718,1347.053163,3_2,NA,Off_eff_transit,65,105.2446439,114.8657676,NA,94.38999165,107.7738941,104.5701017,108.2958515,107.5788792,106.1984416,105.7752817,99.028692,94.19876954,85.37338322,NA,77.74330481,91.36866881,91.19899851,90.82406837,107.4868819,94.18527442,92.85211895,99.49662562,102.5062485,103.4676119,102.9256345,104.1008506,104.1034818,102.8312054,100.9160494,102.0017004,101.1316525,101.0856891,102.8406562,100.0732399,99.24241608,93.51208986,95.1965358,93.87799198,91.47836067,88.69836632,86.83924257,83.57515143,79.28027885,75.0664492
42.15463598,-70.41561903,2022-09-28T18:04:37Z,6.534068668,1352.108955,3_2,NA,Off_eff_transit,65,102.445209,115.2899883,NA,94.96884256,105.6781887,106.966889,108.9087222,108.1421924,106.8863873,105.8841717,99.35451287,95.72021231,87.57245159,NA,82.18037074,92.03087119,91.39331857,95.913319,104.8820968,93.5967844,98.10565501,103.5100789,103.1877025,105.4109138,104.1596837,102.2943097,104.8964301,103.5064866,100.7545597,102.5823222,101.5379395,102.1622401,103.2343644,99.77340597,99.14471094,93.56418789,96.13865831,93.49589689,92.57996586,90.01728496,89.62544657,85.89095666,81.58327848,75.97442178
42.15468996,-70.41607702,2022-09-28T18:04:49Z,6.199291853,1363.222345,3_2,NA,Off_eff_transit,65,99.75955165,115.8060345,NA,92.38170811,105.0049961,107.1924915,108.2154658,107.9883863,108.8734168,108.2951953,102.0256559,96.48895327,87.08442884,NA,74.77562551,90.24073963,88.08527517,95.82862788,103.5622037,97.09436897,97.99285006,99.83016051,105.6198837,102.8821053,104.2370499,103.0875103,103.8139896,102.7468444,103.0186949,103.6352425,104.438975,104.1937928,105.5926641,101.8588355,102.0262341,97.20866748,98.56250346,95.44340396,93.8037019,90.95981826,89.07023465,85.74264479,80.03309679,75.44805088
42.15470497,-70.41644298,2022-09-28T18:05:00Z,5.345041967,1369.733118,3_2,NA,Off_eff_transit,111,96.96236522,115.9491507,NA,91.50595706,104.2957125,105.9219145,108.8569044,108.2918063,109.5070944,108.4135274,102.3349637,97.27142855,87.45457865,NA,80.35279515,89.50598854,86.16510362,96.25905151,101.2061889,99.75967316,100.3374862,96.14637895,103.8337906,105.5216786,102.4408227,103.7396369,103.4638906,103.168818,103.8979544,105.2707708,103.9085169,104.9161935,105.7502305,100.8524102,102.9324269,96.34287747,99.29509064,96.34459615,94.55172222,91.83810051,89.80483514,85.90477078,81.18071309,75.5359607
42.15469399,-70.41687003,2022-09-28T18:05:12Z,5.712221243,1375.034023,3_2,NA,Off_eff_transit,145,103.3349672,116.5470653,NA,91.13873916,104.2501382,109.0924184,110.1067761,108.2808524,109.3264643,108.3139967,101.5217137,96.401602,87.55484723,NA,76.62503614,87.82336856,88.11580705,93.69928278,101.1340726,100.5232038,96.22965487,101.6283231,107.9515013,105.7461364,105.240819,104.9848914,104.2124294,104.0335409,101.936588,103.8183953,104.1692201,105.4933394,105.6894113,101.7984067,101.9405435,96.06918614,98.5145621,94.84006349,93.90123243,90.74721445,88.59512387,85.87393022,81.68897636,75.46980835
42.154121,-70.41677096,2022-09-28T18:05:35Z,5.434874982,1311.102161,3_2,NA,Off_eff_transit,144,100.3870481,117.0291384,NA,91.48004757,104.0783008,109.325847,110.0725459,108.8487102,110.1660565,109.1972589,102.9144023,97.90103206,88.48692968,NA,76.59772185,88.41082529,88.24008933,100.0039274,99.09152992,98.724089,95.95162641,103.1769281,107.8463606,106.2299776,104.3027745,105.1555899,103.8608022,104.262512,104.0998066,105.2902101,104.8163726,105.9962036,106.5352405,103.2522839,102.2905687,97.99873344,99.27582296,96.80458068,95.13910996,92.90481695,89.77814083,87.29569593,81.24226625,75.58752549
42.15476196,-70.41879301,2022-09-28T18:06:02Z,13.065841,1422.076094,3_2,NA,Off_eff_transit,196,103.961741,117.1487146,NA,94.83510791,100.8945012,107.7802674,112.0252478,109.4431808,110.342172,108.2542403,102.0943957,95.89146347,88.68893532,NA,83.39384694,90.97731807,91.96902534,96.64278681,96.16182237,95.48852957,97.65760939,97.51087524,106.8586752,109.4146469,105.686418,105.4388534,103.0458247,104.4269903,106.030187,106.8559597,104.6592539,104.8397605,104.1914113,104.2159747,101.5379525,99.1245683,97.08533634,94.64108108,93.4654836,89.97004566,88.2522248,87.08904971,82.73051521,76.05654086
42.15490303,-70.41886903,2022-09-28T18:06:11Z,3.652386209,1438.895378,3_2,NA,Off_eff_transit,144,101.1205717,117.4672628,NA,94.38906668,100.286296,110.0064109,111.7111736,109.7171405,109.9698696,109.1251135,102.4845129,95.24672621,86.00702997,NA,83.40080192,91.94187846,89.8437572,95.85873831,94.47795059,96.04621391,98.02158601,105.0551869,107.9084464,107.9869498,104.9540903,107.3315878,104.9195571,105.393091,104.4767719,104.9775536,105.2602401,105.3495526,106.275922,103.9746189,101.5714972,100.0771968,96.9053298,94.21002873,92.44131592,89.83000088,88.00102192,83.96230003,80.6163861,75.37632155
42.155071,-70.41873903,2022-09-28T18:06:20Z,4.656019028,1453.492738,3_2,NA,Off_eff_transit,64,100.9123946,117.4672565,NA,92.34838502,105.7621278,106.5960983,111.378905,110.1981511,110.9477175,108.8844348,103.0407703,98.92855049,91.05080565,NA,84.08506719,89.11789197,88.09510077,94.26631815,104.2189561,99.34516794,98.1105706,101.6819915,103.885562,108.1232954,105.2276648,105.9253384,104.4653261,107.2918216,103.6373295,106.175363,106.9959321,105.1670915,105.2648615,104.0506073,102.6298133,99.79419309,98.49779812,95.47501472,95.47685895,94.06692861,92.38922559,89.36751764,85.38717921,78.0312191
42.15522397,-70.418518,2022-09-28T18:06:30Z,4.850584295,1464.557648,3_2,NA,Off_eff_transit,195,98.85818128,116.6739877,NA,93.30643733,101.6692942,107.1450032,110.4875789,108.3711152,110.6472079,108.3955842,103.6771946,97.62607528,91.07537715,NA,76.64742749,90.93171533,89.32289425,94.39691664,98.89224247,96.21797561,97.4114981,102.138876,104.7634521,107.8306876,104.2155934,103.9446692,104.5218351,103.3663651,102.7160392,103.9236796,106.5361712,106.6602141,105.2542986,102.8983854,102.0660668,100.0182761,98.48945505,97.93444773,94.48870264,92.4410385,90.87672166,89.30656499,85.73212333,77.34377018
42.155258,-70.41820502,2022-09-28T18:06:40Z,5.074356507,1461.234246,3_2,NA,Off_eff_transit,144,97.04845426,115.474501,NA,92.07386689,103.4221741,106.9558722,108.4986173,107.1256203,108.0989038,108.4860713,101.9636731,97.34937423,89.16862449,NA,84.28421957,87.93893426,88.58390108,93.89327806,99.85959848,99.93736309,98.20339792,102.0024397,104.3364363,104.1457289,103.1035017,103.8671574,103.5483151,102.330738,100.7367683,102.500696,103.0531277,104.2431439,104.7908292,104.3802455,101.1443697,98.46787982,97.37695399,95.08300625,94.20278239,91.86324151,91.01748487,87.60041225,83.02654094,76.94890055
42.15516698,-70.41779296,2022-09-28T18:06:52Z,5.747683857,1442.928218,3_2,NA,Off_eff_transit,195,102.0896278,116.6247824,NA,94.48340119,104.3132285,107.3932766,111.5526768,106.7351537,109.7069023,108.4000805,101.7106439,98.17911023,88.89258129,NA,85.46615759,88.95432325,92.22600635,93.81290963,103.1019473,96.19609409,98.99772685,103.23957,104.1238927,109.1813247,104.7798741,104.7853951,101.788492,102.5773504,101.44753,105.3360614,104.6465352,104.7937263,104.8144907,103.7359566,101.8317731,97.40137917,97.39718196,95.84148077,94.01793119,94.03617891,91.81858744,86.87848714,83.76583324,76.95131895
42.15502197,-70.41760303,2022-09-28T18:07:00Z,5.467045833,1423.583832,3_2,NA,Off_eff_transit,265,100.2273848,116.9740486,NA,94.98073605,105.8089664,107.2237303,111.7817727,106.5113711,109.8171185,108.8809604,103.2627519,100.962127,92.54730052,NA,80.08405203,90.46163553,92.86496248,97.83119399,104.3710314,96.69251683,96.31613602,100.6976037,105.6518788,108.6395591,106.0676593,105.7030869,101.7376719,102.3424048,101.0436614,104.5269914,106.0728591,104.3188876,104.5541883,104.8503039,102.5997849,98.64496073,98.03781381,98.75786847,97.63713868,95.71289673,94.69781523,90.94747727,86.91539998,77.95480766
42.15483103,-70.41760303,2022-09-28T18:07:09Z,4.590776339,1402.986909,3_2,NA,Off_eff_transit,246,99.16040587,116.6174545,NA,95.11127817,103.3568042,107.7125755,111.8324371,106.3551422,108.5011788,108.3422655,103.4044531,102.076089,93.28073028,NA,82.76529257,91.41474992,92.22779165,95.63734316,100.8785745,97.60182486,99.00123508,103.7029497,104.4171654,107.0937332,107.6106023,106.3942663,101.9825616,100.7160731,101.9382203,103.3306854,104.613484,103.0861955,104.3105988,102.8687132,103.4103619,98.05273451,99.77677616,97.79193122,98.58176373,96.4271692,96.55378416,91.92658728,87.04814101,78.02059931
42.15465199,-70.41778601,2022-09-28T18:07:18Z,5.400650325,1387.384945,3_2,NA,Off_eff_transit,195,100.6377768,116.5349346,NA,94.33568526,103.2365599,107.6185823,111.8131374,105.3604588,109.222561,108.3486432,101.8493171,101.1422241,93.48815816,NA,84.80229661,92.5275563,87.93782217,94.80158533,101.6838304,95.20144688,95.4678235,100.474991,106.3460859,109.522809,105.9258167,103.633071,101.03173,100.5997856,100.0846756,104.1158125,102.8054753,105.8808371,104.2972304,102.9707229,103.3551895,97.41927305,97.61738669,96.03267165,97.20806622,96.17357917,95.57159973,91.85607154,87.7905301,79.91884076
42.15446097,-70.41786203,2022-09-28T18:07:27Z,4.788409094,1368.475771,3_2,NA,Off_eff_transit,134,100.3498668,116.4518825,NA,92.0568855,103.1601187,107.7813417,109.5594942,104.5244224,109.2044224,110.4196805,104.0426402,103.0464561,92.47373134,NA,83.40397485,86.64194195,89.66277341,93.91457793,101.7137816,95.31596586,98.92366408,104.156347,104.1752373,106.3032105,104.3746788,103.0712693,99.36636356,99.36904126,100.4346276,103.8811468,103.7366495,105.4628855,105.129279,104.7591349,106.7807092,99.31382724,100.5462367,97.39406463,99.61361765,98.66740899,95.63572458,90.79200051,86.92601101,78.73801799
42.15422401,-70.41791501,2022-09-28T18:07:36Z,5.774966853,1344.245179,3_2,NA,Off_eff_transit,823,103.9936288,116.0976394,NA,93.45330013,102.2048868,106.0988241,109.8221442,104.0631502,110.8967926,108.8660959,100.8534604,100.7027057,93.43734766,NA,79.8931763,90.99588743,89.34232193,95.97781402,99.08940061,96.5756027,99.95356656,100.9826551,102.6231512,105.0455736,102.3878539,106.693318,101.4768269,97.80199081,97.33054192,107.571781,103.6171681,106.3109183,104.8818457,104.6310432,102.3552417,95.5668228,96.73417107,95.85923647,96.79324482,96.82570864,93.34999794,91.16437253,89.17676927,78.5638787
42.15390399,-70.4179,2022-09-28T18:07:48Z,5.774175566,1309.712489,2a,NA,Lower_dredge,191,103.5749829,116.3853338,NA,90.09550555,103.1074294,107.5055561,111.515712,106.0856473,108.5105873,108.4984509,103.4765817,98.9149777,94.87473867,NA,81.9679528,85.10886671,87.32920585,95.65551569,101.0559843,96.04469685,97.84877373,100.7845556,105.8243278,109.567409,104.8697316,103.1298396,101.3958523,100.9045399,101.6129003,101.991395,101.485636,106.1353612,103.3017411,101.8359337,105.3300612,100.0305447,98.45300101,97.15416744,96.12497635,93.48690836,91.64354819,92.47844984,90.61792759,81.76068844
42.15369796,-70.41792297,2022-09-28T18:07:58Z,4.47342892,1288.255647,2a,NA,Lower_dredge,194,97.82650167,116.2809727,NA,92.87681077,103.3003056,107.1015732,111.3654921,106.5291547,108.6163635,107.853946,102.2807138,101.9053873,93.01959838,NA,80.34798137,86.66573041,91.35787564,95.07343363,101.9590202,93.91788283,100.8470004,99.13175041,104.9084737,107.13341,106.9907327,105.4718209,102.6411355,102.0333962,100.2644215,104.5112688,104.1951491,102.5975379,105.1962704,102.1677732,100.588523,99.55867334,95.69120907,96.19679013,98.32356022,97.31423921,95.21377359,91.35764844,87.38137097,79.5477083
42.153431,-70.41792297,2022-09-28T18:08:11Z,4.443596,1259.832289,2a,NA,Lower_dredge,65,103.4368889,116.2693785,NA,97.87149398,109.2021077,106.567873,109.1083586,106.2473076,108.5946433,106.9957055,102.9443445,101.1430743,94.9976441,NA,93.29304949,95.39409805,87.22969326,98.41428029,108.4076336,98.43285865,98.78086401,101.7084638,103.6171977,105.3817525,102.6211794,104.5675111,103.4967858,100.0698425,99.82757221,102.0444507,104.7532039,104.2269582,103.3695016,102.2423221,100.6394412,98.25713333,98.54802009,97.66856049,96.99726776,96.42094456,95.58219006,93.61553522,88.97022633,78.60843503
42.15321399,-70.41793797,2022-09-28T18:08:22Z,4.27452871,1237.128476,2a,NA,Lower_dredge,194,102.5442306,116.9894742,NA,95.54763904,108.0210819,109.4432047,111.5226147,106.966076,108.9545297,106.7217013,103.0680052,97.87493491,89.61686132,NA,81.15986653,93.84149143,90.14854314,101.029351,106.598016,97.02447408,101.1227428,102.7119602,107.5085371,108.7682536,104.6278674,105.7588005,104.3368513,100.7549898,100.2878941,104.5433043,103.5133122,104.4221796,102.709656,100.3420296,102.4368552,98.36494586,99.13257647,97.17280763,95.04371132,92.76831015,90.18946781,87.40411167,84.61194963,78.82521048
42.15300403,-70.41794602,2022-09-28T18:08:33Z,4.131911131,1215.056762,2a,NA,Lower_dredge,60,99.30097372,116.6347087,NA,94.18638425,106.0315256,109.4471386,110.2205711,105.7515469,109.8888026,106.757434,103.038527,102.7786797,95.04084489,NA,87.28793783,91.14486226,88.94795684,99.31344821,104.5251684,95.07227351,102.8079215,103.6284799,106.6179437,106.6812501,104.6660912,104.6768866,101.1031244,101.8116358,99.79053888,103.40681,105.7752509,105.7700024,103.4125048,101.5226031,100.5139964,98.65379912,97.83216134,98.27716265,98.59615315,98.55239062,96.58771566,93.03705655,90.26671458,80.66179055
42.15271804,-70.41798399,2022-09-28T18:08:46Z,4.783357266,1185.750414,2a,NA,Lower_dredge,191,105.840592,116.4716109,NA,94.81569771,104.2776413,106.9055427,112.9191159,106.1054978,106.9003737,106.746256,102.0629103,100.9936502,95.05519947,NA,88.31843957,89.20476665,91.81629348,95.8184847,102.9338431,95.19570932,100.0739516,99.75109519,104.6872683,111.2081982,106.3515909,103.1391194,102.4835553,101.0036442,100.2012182,100.8400747,102.2706516,103.0059414,103.9427573,101.3402624,99.47880989,96.72045438,97.38431649,97.71231138,98.32940004,95.10053304,94.02738211,93.38043327,89.51338196,81.16603615
42.15251201,-70.41800704,2022-09-28T18:08:56Z,4.473535385,1164.611704,2a,NA,Lower_dredge,189,109.4827053,117.2649328,NA,95.13084093,106.2504445,106.842262,113.6452258,105.9750773,107.7335432,108.3619156,103.9531628,100.6882224,95.25356415,NA,84.47430888,93.80606639,87.60901735,96.91057312,105.3035013,95.25368257,96.53190259,99.71729379,105.3733415,112.2830817,104.505915,105.3273555,103.2105197,100.8373669,98.13764162,100.4206672,103.5510282,104.0946029,102.738594,101.680542,105.4489884,99.81797334,99.48350739,98.04899853,96.56881895,95.33410837,95.75628463,93.69285798,89.79024106,77.72164496
42.15233599,-70.41802196,2022-09-28T18:09:07Z,3.469419842,1146.481816,2a,NA,Lower_dredge,21,100.1296161,118.3232009,NA,98.48807388,108.0158922,109.3671974,111.9521101,108.045469,110.9658107,109.7509034,106.0272178,102.6280597,93.9263883,NA,93.73704183,94.84636711,92.1573489,94.6706855,104.9728279,104.6195068,103.5854123,105.7941136,104.0894666,108.8798203,106.4936025,105.4262353,103.0593215,103.3025875,103.4518545,105.9703496,106.1885587,106.4135763,106.4349879,102.0155803,105.3800994,100.8385066,101.6558849,101.2351465,99.45948887,97.3151807,96.12368139,92.29197859,88.34350392,79.62227834
42.15217204,-70.41806001,2022-09-28T18:09:19Z,2.999832457,1130.288606,2a,NA,Lower_dredge,64,99.68613493,117.2714924,NA,95.62098148,105.8167996,109.8048802,111.9346295,107.8149363,109.8045097,107.7117833,102.3338665,98.09410104,91.09000387,NA,82.11669318,94.51537602,88.17683881,95.0101752,104.5414794,98.1573002,102.4344367,104.4283669,107.0215045,107.9828179,106.5241419,106.8446498,103.6410329,102.8704436,102.5457715,104.9487227,104.4571109,105.6157847,104.188996,101.7252332,102.5360343,98.93039838,97.24160845,96.02037475,94.74019339,92.29675335,92.4850165,88.37163513,87.01587248,79.77441557
42.15205402,-70.41811399,2022-09-28T18:09:27Z,3.370782629,1119.406441,2a,NA,Tow_dredge,64,102.3916381,117.3563643,NA,91.90013374,107.2259348,109.3081414,111.5778553,107.7788387,109.5727804,108.6122343,104.1266689,99.89649777,92.05285755,NA,83.54845795,89.50132647,86.34434024,96.5691182,106.2318852,97.96745328,102.2011931,106.0319619,104.5588434,107.9319701,106.7403489,105.3761326,104.2380044,102.1039721,102.3543426,103.9508868,105.2989501,105.0404436,104.9179721,103.9164016,102.298581,100.6794059,99.40443462,97.36424927,95.47367985,95.19293515,94.67144731,90.42280929,86.40458969,78.13388516
42.15183299,-70.41815196,2022-09-28T18:09:38Z,4.383127414,1097.405684,2a,NA,Tow_dredge,64,102.9969896,116.6801298,NA,95.72814852,108.6627064,107.7233786,110.4950922,107.8918223,109.2866284,107.0101101,101.3125532,97.51884191,90.89657044,NA,86.81429776,94.17622881,88.08475919,94.03993556,108.1165417,97.88894102,99.7951899,104.833044,102.8403972,106.6894892,105.7229571,104.4815316,104.3178844,101.8951649,102.7980738,104.6736096,104.4228526,104.4453269,103.4694486,101.9833733,100.869605,98.23645233,95.64218796,95.05127112,94.81209865,91.955091,90.21560666,87.9309078,87.21559786,79.11706593
42.15162302,-70.41818197,2022-09-28T18:09:48Z,4.568918763,1076.440088,2a,NA,Tow_dredge,270,100.7149455,118.099805,NA,93.41421641,105.8172092,109.63092,114.0428511,109.4749983,109.8947173,106.8873904,102.1228755,98.4344268,91.41672866,NA,83.88132761,91.0945502,88.22091638,95.97760517,102.0916999,102.5580685,101.446734,105.9693329,105.8397979,110.6203221,109.918788,106.0398898,105.8646837,103.8624208,104.0973802,106.0138081,104.2435517,104.9275559,102.9855331,101.8383365,101.3607983,98.50466289,97.19104864,95.99819758,94.92606535,93.21088772,92.47956224,89.73503346,85.79072465,78.16375776
42.15130996,-70.41820502,2022-09-28T18:10:02Z,4.845932103,1044.722602,2a,NA,Tow_dredge,64,102.5162759,117.9056775,NA,94.88891531,108.3133146,109.7587412,112.9728206,108.5239805,109.390885,108.0850865,103.3535426,99.1054432,91.33560491,NA,79.49325035,89.46974034,93.23946542,93.95733914,106.7284706,102.6120112,104.1391199,105.3056017,105.407249,109.5722431,108.3691588,105.9070641,105.1551556,102.9303862,102.7365549,104.1561529,104.9221966,104.7442012,103.3308205,103.1335322,103.4706777,100.3159567,97.09308703,97.61156432,95.86367212,94.30948171,91.99491147,89.22093405,86.14388551,80.52182429
42.15103101,-70.41822103,2022-09-28T18:10:15Z,4.647373073,1016.49165,2a,NA,Tow_dredge,64,101.8608494,118.0210066,NA,93.1905368,107.2381354,110.0325975,113.4598076,109.2235445,109.1026226,107.4541567,103.5039871,100.5739453,92.87258023,NA,81.73011695,89.2318769,90.40569553,97.49970229,105.5637545,100.5363666,105.4622138,104.4397893,105.7730396,111.2000374,106.6860931,106.3707954,106.4720684,102.9749849,102.8799204,103.832276,104.187622,104.9047904,102.5533053,103.3862646,101.9955551,100.3886894,97.21590088,97.92684828,96.62039251,96.02119332,94.50236693,90.68375243,87.28448925,83.65385472
42.15076103,-70.41821298,2022-09-28T18:10:28Z,4.49496229,988.5748338,2a,NA,Tow_dredge,193,102.0838928,117.6192649,NA,93.29749886,106.5173743,109.7206665,113.0848636,109.0751407,108.4047679,107.2378453,103.1139979,99.42049706,91.67183074,NA,84.87164867,88.13091817,90.71677801,93.02147307,105.4014777,99.11518761,105.2755009,105.0436151,104.4924424,110.0433064,106.1145309,107.8948704,105.2082354,104.3402042,103.1127645,103.9621652,103.4632579,103.4555989,102.4831609,103.4909146,101.1010696,99.35511826,97.58238385,97.87609071,95.66368307,94.76732965,93.15783001,89.8270073,86.16064791,79.79942571
42.15057001,-70.41819798,2022-09-28T18:10:37Z,4.600476211,968.5957562,2a,NA,Tow_dredge,225,100.9152025,117.4912899,NA,95.06130797,106.8330278,110.160487,112.6411995,108.7399459,109.1249446,106.0976462,102.0991553,98.65479789,91.61430095,NA,80.94940382,92.18180816,91.55381895,92.74649438,104.8832386,101.9207509,105.8580002,103.1936661,106.4710776,108.5911422,108.6806367,105.7527253,104.1215044,104.5481762,103.1146262,105.1966491,104.5541361,103.0376481,100.2747864,102.9852842,100.0764795,98.62949112,97.23321869,95.6024818,95.12712455,93.4492213,92.71246057,89.65988141,86.28565083,80.01569243
42.15028804,-70.41816697,2022-09-28T18:10:49Z,5.10143297,938.9113937,2a,NA,Tow_dredge,213,101.6801427,117.4277078,NA,96.49733391,106.3728952,109.8949813,111.9268431,110.3434435,108.2683665,106.6814113,102.6565476,99.65805204,93.18499843,NA,82.27588177,94.06032381,92.4258878,95.44677034,105.1946526,98.32682587,105.434097,104.9699986,104.9497228,108.7731718,106.4727069,105.5705953,106.5264567,105.1681707,104.8311006,104.2123028,103.5354546,102.5934577,100.9705139,103.5466543,100.5845141,98.77857202,97.58618281,97.11885852,95.67718474,95.13077355,93.59456485,91.28028864,87.67727645,81.86014285
42.15002401,-70.41813704,2022-09-28T18:11:01Z,4.777845578,911.1910989,2a,NA,Tow_dredge,214,104.0237573,117.9711417,NA,98.2994346,106.8898373,110.0994698,113.5760947,109.2121397,108.8254652,106.8459127,102.8241043,100.4255407,93.93953577,NA,82.61069322,92.90446609,96.65175603,97.38953319,105.8626501,96.82132373,105.0645001,106.1645886,104.6048379,109.7780914,107.073255,109.1296169,105.0999298,105.1958219,102.5452603,104.465154,104.7010188,102.7476376,102.1462156,103.6984708,99.31765299,98.90343688,98.0573528,96.98847663,96.39498559,95.73262441,94.662694,91.95573978,88.58135466,82.71845558
42.14971497,-70.41810603,2022-09-28T18:11:14Z,5.158239863,879.0274317,2a,NA,Tow_dredge,214,101.3865474,117.5178887,NA,98.76767922,103.4372978,110.1103575,112.9691193,108.7854852,108.7895909,107.2530029,101.9382205,100.5091273,94.83810186,NA,86.30612571,94.37928309,96.39608758,95.51372617,100.2296787,99.01123537,102.3862282,106.0630811,106.5183468,109.3088952,106.1331578,108.5596692,105.4847512,103.7709383,102.1535552,104.1504438,104.9132028,102.7125746,102.1293443,104.2767375,100.0110803,97.31522144,96.90701384,97.26743097,97.35504783,95.34961108,93.76138403,91.80738688,90.76952068,85.27074087
42.14941397,-70.41805297,2022-09-28T18:11:27Z,5.052805032,847.0483431,2a,NA,Tow_dredge,166,102.1999705,117.8924481,NA,97.80256945,103.1693898,112.0938174,112.5798186,108.7893123,108.505324,107.4182496,103.8143815,101.5164269,97.48406901,NA,88.04444416,94.30397454,94.30996106,93.24700654,101.0192641,97.77351923,107.6293502,105.8893709,108.1429207,107.3183193,108.2060396,107.8557872,105.1787197,103.9730334,102.4936159,104.5739502,104.3178503,101.8148266,102.0513914,104.0728743,101.3366639,99.43820288,99.25727657,98.35896459,98.3930963,96.77677548,93.99813883,95.09586272,92.64021146,87.2700405
42.14913201,-70.41797603,2022-09-28T18:11:39Z,5.187386168,816.2188451,2a,NA,Tow_dredge,107,103.4965387,118.0346487,NA,98.37011079,107.9961963,111.4323918,111.9143734,109.1151335,108.8116296,108.033786,103.9311938,101.224638,96.18194842,NA,85.14280594,93.5154517,96.3320177,90.22952328,106.718964,101.7632348,107.6350083,102.3311039,108.058922,107.4163781,105.9173692,107.8655954,105.1306454,105.1489127,102.1091743,104.6831365,105.0713152,101.6187998,103.8403843,104.0407986,101.467518,99.98201698,98.55372706,98.80686492,98.98632413,95.40622766,92.71124171,93.72598488,91.98296209,83.31261064
42.14881903,-70.41790796,2022-09-28T18:11:52Z,5.27689929,782.7545586,2a,NA,Tow_dredge,297,101.6810354,117.8889095,NA,97.4679144,107.7871192,109.7469715,112.9085256,107.8424821,109.2047453,108.6024988,104.4787033,100.3702008,95.79824005,NA,76.16154428,95.61214851,92.78696472,94.92687165,105.6908828,102.9868775,104.1165254,100.3794214,107.6061379,107.4355386,108.6626482,108.225982,104.308217,102.66587,101.877135,105.5261998,104.7141254,102.5437978,105.551459,103.5979839,101.361811,100.6092169,98.94712077,99.39163675,97.89407205,94.27683083,93.12822616,93.10871342,91.33313395,85.96840141
42.14850596,-70.41785398,2022-09-28T18:12:05Z,5.25351145,749.9874752,2a,NA,Tow_dredge,214,99.37536751,117.3217168,NA,96.38812878,105.0396406,108.6392161,110.9889545,109.2450309,109.6711878,108.9926842,105.0247702,100.9718818,96.40344537,NA,78.31488797,94.12655439,92.30255213,93.05224146,103.174299,99.60168373,100.6585458,105.0900866,104.6505201,107.4964715,105.1853212,105.6089754,105.089267,104.4982843,103.7274835,105.4995559,105.957424,102.5062209,105.6449514,103.6707183,102.8620506,100.7269672,99.69889273,100.2740396,97.83239093,95.34362423,94.79237585,93.36159899,92.57663903,85.91266645
42.14820103,-70.41778601,2022-09-28T18:12:19Z,4.776997228,717.6661067,2a,NA,Tow_dredge,107,99.67201381,117.6019406,NA,91.95499318,103.9676079,111.0200428,111.5011551,109.1354229,109.2431373,108.1853822,105.0562897,100.6968309,97.62971071,NA,82.54358787,89.33068081,87.25715285,94.64226769,98.85247916,101.5660902,105.8275585,105.1185745,107.4597884,107.403623,106.6654993,106.0084187,104.9355282,104.2986083,103.7812925,106.3781883,103.1456206,102.9974207,104.6608608,103.177041,101.9913004,101.4608684,100.0514737,98.98583305,96.99286439,96.34926119,93.84228651,94.30554742,94.02774009,87.56593371
42.14784597,-70.41773203,2022-09-28T18:12:34Z,5.15446681,681.3200137,2a,NA,Tow_dredge,120,101.5945142,117.9929948,NA,94.69171684,106.3576995,111.0168925,112.1329789,109.1233042,109.4531763,108.913349,105.0925952,99.67405196,96.62718486,NA,80.52595643,92.53951608,90.16271711,94.21727221,103.027482,103.1193275,105.5758163,107.6901869,104.9866227,109.1090885,106.7368165,105.4148193,102.7898957,104.2583025,105.5692812,106.56766,102.4002672,104.0518513,105.2472401,102.7603253,104.066608,101.7667699,100.7296535,97.36756788,95.15301417,95.46636792,93.94540452,94.53643984,91.41574474,85.7060743
42.147491,-70.41766397,2022-09-28T18:12:49Z,5.172214318,644.7693239,2a,NA,Tow_dredge,183,103.79167,119.0357658,NA,94.11573268,105.4801503,111.5106284,114.3079663,111.5294714,108.6161548,109.33668,104.6778729,101.7280655,98.25278123,NA,76.81100142,86.87445704,93.10657864,96.25136697,101.7576201,102.0716601,108.8615338,105.6328617,104.4833641,111.4117356,108.1307172,108.2093667,106.0439647,105.9932237,107.9414733,104.6773785,101.6656738,104.5758164,105.6201666,103.8403737,104.0047827,102.3070354,98.98869059,96.46356454,97.39588572,97.11902188,96.27943865,96.11402038,93.09777941,87.48227465
42.14720199,-70.41760999,2022-09-28T18:13:01Z,5.261239365,615.3747383,2a,NA,Tow_dredge,282,102.4165628,119.6653337,NA,91.28953487,108.2108616,111.6605027,113.1962414,113.3269139,109.0973966,111.1798475,106.022074,103.9972883,100.0766739,NA,79.37434229,88.12092592,87.85586181,95.21568816,104.4078569,105.4801253,108.9648835,105.2663077,105.3346779,109.5067529,107.7269592,107.7984212,107.7181222,109.2339142,108.5833391,103.4141618,103.2441641,105.8182181,107.556552,105.6202882,105.7710545,102.8417377,99.2646526,100.9105389,100.8003575,98.42340554,97.8702496,97.2323716,95.87014312,90.11561892
42.146973,-70.41754201,2022-09-28T18:13:11Z,5.073660464,591.1568914,2a,NA,Tow_dredge,105,101.1787215,118.7977095,NA,97.66247346,104.9863984,109.9375209,112.7615092,111.7274212,108.1375955,111.7120289,105.3436221,103.8521935,100.9754885,NA,72.51197826,95.78253229,93.08203573,95.84709622,102.9178377,99.08584123,105.8009266,104.5583933,105.0486863,109.5008898,107.5958354,106.2564742,106.5394358,108.1393235,105.8680322,102.0716561,100.9868439,105.6185237,108.2650203,106.0372799,106.138547,102.0013318,99.13008689,100.0808355,100.6439845,98.31433344,97.70614209,98.09650918,96.67831889,91.50138137
42.14669002,-70.41744201,2022-09-28T18:13:22Z,5.754559193,560.7057185,2a,NA,Tow_dredge,105,102.6837906,119.6354588,NA,97.71328601,107.1196711,111.1334987,112.8914752,112.9036215,109.2606402,113.0227455,105.4151057,102.5665614,96.64345107,NA,78.41351133,96.89736432,89.74172041,96.16839024,104.9220121,102.1273393,107.9793416,105.3351113,105.1675592,108.3870847,109.3719756,105.9204665,108.5515832,109.2679772,105.912666,100.0020574,102.2789393,107.5922115,109.6537228,107.5919914,107.0586133,101.9124433,100.0679268,99.5924439,99.31693174,97.54907304,95.82687627,94.86229378,90.74325022,85.64198895
42.14646497,-70.41741201,2022-09-28T18:13:31Z,5.437247864,539.0430784,2a,NA,Tow_dredge,60,102.8053362,120.6493313,NA,101.2377466,107.4393332,112.4843094,113.9776764,113.681914,110.1800078,113.7247606,106.6989851,104.8556702,101.6212509,NA,81.02394174,100.5041994,92.87805074,97.71162618,106.2838272,98.48216383,108.3373787,107.810815,106.8652663,110.0434407,109.0186157,108.3961305,109.9354053,109.9457198,105.5831346,99.25095624,102.5996383,108.8997718,111.0259225,107.4329573,107.3033235,101.61259,102.3153161,101.825228,101.1895495,99.01904132,99.75893584,98.704581,97.40138316,92.06073736
42.146198,-70.41738099,2022-09-28T18:13:42Z,5.271171562,513.9833338,2a,NA,Tow_dredge,196,103.348266,120.555439,NA,103.2515245,108.039952,111.1280004,114.0199178,113.6602228,111.4172691,113.197018,107.1298318,104.4509192,100.1680792,NA,81.06494214,102.6452629,94.19438386,96.72981948,106.2674003,102.2090077,108.0412096,105.1749887,105.1901331,110.4309793,108.4355015,108.5829405,109.2070864,110.2961177,106.223923,102.9283971,104.0724167,109.7044372,110.6253423,105.9936732,107.2872819,101.9285491,103.3112348,101.6477867,101.0053762,98.71484728,98.9341619,97.91747311,95.25709563,89.28735777
42.145981,-70.41738904,2022-09-28T18:13:52Z,4.697379776,495.731704,2a,NA,Tow_dredge,362,101.62645,120.7702414,NA,101.0556434,106.5891718,111.6737807,113.5461782,114.2791475,111.5226006,113.6075725,108.1221851,105.6489832,103.2866693,NA,82.18261466,100.3202619,92.6030832,98.28416663,104.1308545,101.1299178,104.2852981,108.7104076,106.6169236,108.3659155,109.4351878,108.4396783,111.5088384,110.0965958,103.8154124,101.9715537,104.8957678,109.7942288,110.8451901,106.7490926,107.8316963,102.7705671,104.6876245,102.1858971,101.5812675,100.3360584,100.6156245,100.0988391,99.25169195,94.2596951
42.14577497,-70.41741201,2022-09-28T18:14:01Z,4.970480799,479.7141358,2a,NA,Tow_dredge,512,103.8226595,120.7046467,NA,94.55791797,107.413478,110.7820005,112.8130019,114.1282503,113.1732373,113.4594151,108.4922136,105.2049597,101.8354983,NA,80.61424214,93.35320555,87.60959739,97.64067825,105.7684636,100.6342655,107.0689896,104.2153601,106.274896,106.6746564,108.0795895,109.0500387,110.494401,110.6137425,104.9804165,102.4226526,107.7071911,111.1791808,111.1607037,104.6399103,107.9270643,103.2405969,104.9496702,102.6292939,101.5045192,99.84469766,99.71375441,98.79941011,97.79904177,92.17700446
42.14555704,-70.41743497,2022-09-28T18:14:11Z,4.730093479,463.332144,2a,NA,Tow_dredge,70,104.9363352,122.260746,NA,97.54799929,109.8478009,112.9039941,115.2690332,114.7860993,114.9841476,114.4939464,108.9687483,106.9677781,103.5887569,NA,84.61180497,94.44350598,94.17432328,98.44580021,108.273493,103.4961974,109.5394664,107.739967,106.6083128,111.8685787,109.0260278,110.118293,111.9230082,110.6903326,104.4866319,104.819427,108.8562678,113.1784134,112.267842,106.3017958,108.4632848,102.5845872,105.8808089,103.423784,102.4801836,102.1528551,101.9395135,100.7479452,99.31834814,93.84287255
42.14535101,-70.41741896,2022-09-28T18:14:20Z,4.961800682,446.2929545,2a,NA,Tow_dredge,70,105.5534284,122.2549195,NA,100.0669841,110.5666413,111.7067399,116.120879,113.9267306,114.5780322,114.3739761,109.878316,107.9019488,105.1024302,NA,80.87672978,98.92975403,93.45810243,98.10569456,109.2975996,103.5034577,108.9075171,105.0974768,105.802497,112.0280419,108.9966991,112.3160988,111.9895714,108.0961989,103.8682475,105.5684649,108.5330018,112.5422967,111.7560724,106.5187582,108.9808193,103.9668601,106.1592315,104.9152488,103.5731472,103.3044983,102.434828,102.2814281,100.8516011,95.18667193
42.14504197,-70.41741896,2022-09-28T18:14:33Z,5.144024977,423.2597044,2a,NA,Tow_dredge,70,107.0654507,122.7773416,NA,99.756031,112.1775541,112.7973515,116.2600785,114.1962847,116.2729085,113.9783788,109.9384392,107.526904,102.0105616,NA,83.20099751,98.88972671,91.76270635,95.07993814,111.2150456,104.7127683,109.5295156,108.0894299,105.5976976,110.8050579,110.6801825,112.6800397,111.322749,109.9249357,104.6105861,106.9959653,112.0351041,113.3057409,110.8628524,105.1479477,109.7883563,104.5045157,105.7613134,105.1451569,104.1317859,102.8055247,100.649048,99.69300454,97.13802968,91.44972093
42.14476001,-70.41742701,2022-09-28T18:14:45Z,5.085518808,404.1679697,2a,NA,Tow_dredge,241,104.5578201,123.5611977,NA,101.4403437,109.1450944,113.3101654,117.0361038,115.657393,117.5279182,114.38718,111.1600337,109.0627271,105.4268443,NA,82.18905185,100.3096224,94.81180172,95.40066427,107.9064349,102.2821073,105.9445441,106.8539659,111.0219404,111.1903027,113.8243155,111.2257395,112.3822156,111.9535514,105.8018197,110.0548215,113.0665207,114.1845331,110.6917825,107.023011,110.2921491,106.1193475,106.5752651,106.4590305,105.7447468,104.0502849,102.4646736,102.94202,100.6356149,95.59256978
42.14450796,-70.41743497,2022-09-28T18:14:56Z,4.959578541,388.4995301,2a,NA,Tow_dredge,245,107.2145453,123.4824048,NA,98.14714931,112.1078333,112.92527,116.7974345,114.8641292,117.8014283,113.2975708,111.5174069,109.4648981,105.1684238,NA,81.1871464,97.17397258,90.71464789,99.42990365,110.9047441,104.849066,104.4783239,109.9277541,108.4341072,110.280392,114.0809716,110.6356738,111.5788075,111.4293512,103.7424877,111.4653665,113.4841622,113.794303,107.7236827,108.0460687,109.5761548,107.1853869,106.3529739,106.6591035,105.7492038,104.4554919,103.6048597,102.9999805,99.97374444,94.74357522
42.144199,-70.41745802,2022-09-28T18:15:09Z,5.150555446,372.2192185,2a,NA,Tow_dredge,70,114.3982,125.1076283,NA,99.3646353,117.3523811,115.5406221,119.1855584,116.0351671,117.9000974,113.3292619,111.5405372,109.4880899,105.7360456,NA,81.8514306,98.15209307,92.90343606,98.89750559,116.6331761,108.7620025,105.3075015,113.8210513,109.1989283,113.0955526,114.4967464,115.3581351,112.9821474,112.3666451,104.7980125,111.5673462,114.1092193,113.3357175,108.4531301,109.6398482,107.2562738,106.7851734,107.1124001,106.3794708,105.6992716,104.7639025,103.3814108,102.8869337,101.3890661,96.28814756
42.14389399,-70.41747998,2022-09-28T18:15:22Z,5.084173877,358.6030998,2a,NA,Tow_dredge,70,109.804028,124.6078958,NA,99.93191826,113.6680765,114.7887767,117.6033565,116.4955445,118.5225033,114.497589,112.5742263,110.4012065,105.9483905,NA,82.08617819,97.18914283,96.48147363,99.67148227,112.7585541,105.4030804,109.2960745,110.6996523,109.9431051,111.9857977,111.933963,114.1799511,114.0824706,111.6513229,106.43049,112.6056685,114.7072895,113.688429,107.6512157,111.8039386,108.5710202,107.0609173,108.510686,107.7157055,106.3901622,106.0939001,104.0559599,103.4597291,101.2759173,95.73430061
42.14361202,-70.41747998,2022-09-28T18:15:34Z,5.084560088,346.9373,2a,NA,Tow_dredge,202,104.3370076,124.5367267,NA,102.2403789,108.283964,115.0831606,118.7886693,116.7864344,118.7423895,113.4673519,110.9139984,108.8863688,104.8135064,NA,83.96385899,101.4621767,93.97747771,99.73214315,105.6371865,103.2913788,109.1104707,110.0782135,111.4315499,112.9929224,114.2111007,114.6790357,114.6324252,111.3115032,107.1027679,114.0674558,115.3391718,111.8054562,106.0447275,111.6742489,105.4327584,106.5390411,106.4678741,105.3164739,105.137933,103.9874213,102.9428968,102.3956073,99.96800613,94.78067127
42.14329099,-70.41747998,2022-09-28T18:15:48Z,4.96191487,336.7239531,2a,NA,Tow_dredge,198,106.2279932,125.1025831,NA,99.86198223,108.036319,114.0070112,119.8688018,116.1363939,119.7227649,114.2700879,112.1632299,110.7860901,106.2057911,NA,82.38912342,99.12600165,91.2604613,99.24924189,104.9538926,103.7883911,108.8493197,111.3933685,105.6870088,115.489051,113.8467623,115.7268818,113.3351039,111.2654754,107.8851466,115.2318605,116.1221974,112.9030629,107.1120189,112.0118405,107.5553773,107.2924447,108.4297295,106.1585921,107.0045054,105.7120418,105.1074016,103.9938819,100.8711727,96.47164116
42.14304398,-70.41746498,2022-09-28T18:15:59Z,4.863997877,330.0723674,2a,NA,Tow_dredge,197,109.5489294,125.7196241,NA,100.8385493,109.2246572,115.7593355,120.6759377,116.4984414,120.1523064,115.0837445,111.8566407,109.8177541,105.6937063,NA,84.64055985,99.74060753,93.83548451,97.01657137,105.4222738,106.4114627,108.4762571,113.5536867,109.0080832,116.316028,114.6385308,116.5251318,114.2974151,109.8901974,109.0323433,115.0770332,116.8409989,113.629256,108.6545815,112.8741412,107.4192328,106.5569063,108.2935982,106.0827802,105.8397165,105.1478846,103.945237,103.4682939,100.4628897,95.74104958
42.142731,-70.41744201,2022-09-28T18:16:13Z,4.84464949,324.4788769,2a,NA,Tow_dredge,35,110.0140034,119.1067399,NA,114.719444,106.1396304,109.0245041,112.4632588,108.7020074,108.7058019,106.9726938,102.3430928,95.134638,85.4925111,NA,83.26229909,112.7876121,110.2624679,97.46383957,103.2866077,101.5292688,103.7451779,106.244769,101.484781,106.9520048,107.9660169,108.07251,105.4882208,104.5431625,100.1345788,103.6752717,105.6071135,101.6297077,100.708629,104.3376961,100.3671922,97.93059947,98.91254713,94.99316663,92.96262968,89.23602345,86.48350091,83.43780766,79.95222883,75.3916378
42.14243696,-70.41742701,2022-09-28T18:16:26Z,4.897847403,323.1090646,2a,NA,Tow_dredge,280,107.2217638,122.7036699,NA,91.77755472,109.5737297,110.7569177,117.3011284,114.1223384,117.0811426,112.7545255,109.5810642,107.1770258,101.6206721,NA,80.58810401,89.79681343,86.40447239,94.19614732,108.9235988,99.9893396,107.3779158,104.657189,105.4582315,107.7837555,114.628008,112.715425,112.2593634,106.4737346,106.6013782,112.29755,114.0526241,109.3781818,106.571816,110.5353592,104.7754161,104.1937421,106.1929602,103.6021602,103.6739042,102.0947752,101.0392009,99.75282773,95.93084473,90.63867985
42.1423,-70.417397,2022-09-28T18:16:33Z,4.289285697,321.7409354,2a,NA,Raise_dredge,230,107.9636518,123.2489305,NA,95.90186011,109.7700583,110.7458598,118.5129321,114.9857228,116.9782417,113.2102176,109.5964713,107.376739,102.0766684,NA,82.33121086,85.4839187,95.27316232,96.5816362,109.071657,99.79421633,106.9239531,103.1530682,106.8859614,109.7155219,114.7565479,115.0161883,112.7697975,109.0024892,106.6732206,112.1919067,113.5632387,110.2480168,105.5765982,111.5312653,104.9184794,104.1417572,105.7873719,104.3562412,103.6122364,102.43923,101.5080333,100.3130968,96.26227981,90.62486197
42.14214703,-70.41738904,2022-09-28T18:16:43Z,3.312539186,323.1295079,2a,NA,Raise_dredge,289,106.4910307,124.712123,NA,94.28735621,107.5524695,112.5500886,119.6893417,115.2123743,119.4892233,114.8400985,112.1231748,108.7632947,102.9216921,NA,82.25530883,85.04152669,93.41703226,101.9478904,104.9801663,99.90297005,102.7366025,109.7410845,108.2542487,111.6399382,116.0068295,115.8698508,112.6297113,110.1253407,106.6208288,114.6652072,116.2281759,112.472202,107.0884033,112.9817086,107.4004194,106.1329025,108.908811,106.4560462,105.0456861,103.6601838,103.0176308,101.1773437,96.90791987,91.97384431
42.14200202,-70.41740396,2022-09-28T18:16:53Z,3.146950228,327.0473921,2a,NA,Raise_dredge,250,108.3423551,124.824938,NA,95.4627229,105.4875043,113.2687393,120.4562027,117.2097379,118.45686,113.9898576,110.5402645,108.2492556,102.4689357,NA,83.19502927,86.2874068,94.59961267,98.5765568,103.1560305,98.74570892,104.6599641,110.3639355,108.708747,113.862132,117.3008265,115.188905,115.6337274,110.2655103,107.3055996,112.9997673,115.0918356,112.5150896,106.7008913,111.9167903,106.8428855,105.7936444,106.4608084,104.9159298,104.1847069,103.4333138,102.6873322,100.665107,96.72886301,91.11448276
42.14186498,-70.417397,2022-09-28T18:17:01Z,3.709341534,329.7742539,2a,NA,Raise_dredge,310,108.2392316,124.4956375,NA,95.7356693,107.5029678,113.7973285,119.8669756,115.6857315,118.5252907,113.889794,110.918655,108.8126029,102.7792192,NA,86.56308121,91.93179052,92.38692822,100.1782772,105.4397757,100.3586278,107.8666004,110.9301324,107.3771105,113.0459635,116.1689767,115.4935041,113.3637416,109.8841103,107.4812987,112.6708282,115.417829,112.5274408,107.970368,111.1702583,107.1013461,107.1009521,106.1337921,104.9419422,104.744802,104.3407377,102.8083067,100.8791812,97.18769691,91.72184677
42.14165099,-70.41740396,2022-09-28T18:17:14Z,3.562936748,336.7501295,2a,NA,Raise_dredge,270,110.1421271,124.221498,NA,97.89865379,107.6099404,113.5040847,119.9544836,114.9485406,118.1845413,113.1687242,110.2815132,108.1519436,101.8795847,NA,85.88205912,93.74548106,95.32460106,104.3428654,103.5362313,98.98657929,104.0575389,111.451586,107.7041792,111.7953149,117.2957276,114.7983078,112.7676496,109.6854123,104.8227959,111.4173198,114.7088036,113.50318,106.7939814,109.7987009,108.0728457,106.2222507,105.531336,104.6325735,104.3622587,103.3947214,102.0917374,99.91047608,96.47932185,90.69645224
42.14147899,-70.41740396,2022-09-28T18:17:24Z,3.721861198,343.0253836,2a,NA,Raise_dredge,278,107.4877457,123.8921657,NA,98.91717429,109.0483257,112.606213,119.1977899,114.5539133,118.1815816,113.1593501,110.6649873,108.3087031,101.4326017,NA,82.73572694,89.89956438,98.21404959,98.35651394,106.666958,104.3221956,103.6309357,109.045293,108.9703617,111.6429057,115.7632966,114.890745,111.959856,109.8697994,104.9528409,111.4584336,114.9942834,113.0573245,107.5201284,109.4848478,107.9009584,106.6128935,105.6041383,105.3604333,104.4863868,103.5834392,102.2600175,99.53721211,95.9273344,90.015766
42.14132301,-70.41740396,2022-09-28T18:17:34Z,3.375208778,349.5226058,2a,NA,Raise_dredge,60,112.6213664,124.5088381,NA,105.2006279,115.4663817,113.5018019,118.9415663,116.9058451,117.7148441,113.0255835,109.4010957,107.1333175,99.8191279,NA,92.11001035,97.08753424,104.21249,101.930351,115.0669768,101.8577471,102.4086161,110.4207706,109.8398251,113.5310099,113.2614215,115.3949067,114.9872506,110.8071323,107.3809538,111.6039688,113.9685969,112.9403552,107.9795596,108.4996107,108.2683493,105.9735024,103.9571847,103.5559195,103.4347362,102.484109,100.7591005,97.80506917,94.49427274,88.72026929
42.14118596,-70.41742701,2022-09-28T18:17:43Z,3.320621898,357.5151835,2a,NA,Raise_dredge,250,109.3257218,124.0558189,NA,98.53835439,106.0409972,112.163757,119.7366477,116.5165791,117.8019888,112.4310475,109.7890356,107.5612692,100.9991648,NA,87.84405603,95.83270008,94.31833986,100.4390911,102.8355735,99.9620769,105.5467058,108.2040385,107.9646119,112.2442766,116.6387582,114.945968,112.2900992,113.7921165,105.9666485,110.989538,114.2724021,113.2180014,106.8935274,108.0572384,107.9371443,106.360288,104.2160064,104.0831476,103.9708317,102.5434226,101.4986181,99.02848196,95.66311085,89.57778896
42.14105998,-70.41744201,2022-09-28T18:17:51Z,3.420813216,364.8311158,2a,NA,Raise_dredge,180,111.4315653,123.4753831,NA,97.71210459,109.8157722,112.363934,119.0661202,114.8013417,117.0122004,112.8095007,109.5514989,106.9691937,99.90210894,NA,83.24245101,95.48613558,93.33863205,103.3705306,108.2115644,98.96059508,104.4661818,105.5839793,110.3424158,114.5248178,114.8220893,113.4148521,112.2444065,109.8235834,105.8438672,108.9120526,113.699792,112.7954167,107.4364258,108.3947969,108.2246992,106.1005114,104.3958028,103.4103326,103.4721707,101.9525308,100.7348415,97.92642616,94.55722673,88.55984822
42.14092302,-70.41744998,2022-09-28T18:18:00Z,3.295997589,372.6333238,2a,NA,Raise_dredge,60,108.8751171,122.8467267,NA,93.33330123,111.539817,111.1566444,116.1967522,114.8765633,117.2463143,113.5386947,109.8963423,107.8802441,100.5014998,NA,85.35267717,84.7657657,91.79498833,101.3556682,110.7994842,99.38466357,101.8204145,107.1699716,108.0064938,108.3955013,112.8911462,111.842908,112.021623,110.3140218,106.0839258,108.5089338,113.7423029,113.4786895,108.759119,107.3426001,109.8450971,105.8670775,105.1729897,104.1702199,104.9634034,102.164943,101.3225282,98.5860541,95.03386604,89.11632951
42.14078103,-70.41744998,2022-09-28T18:18:10Z,3.072482974,380.6246319,2a,NA,Raise_dredge,60,109.1773575,123.2492797,NA,96.00438516,112.0400906,111.9848958,116.9264113,116.2714331,116.72399,113.8483078,109.8996914,107.1577214,100.6430228,NA,86.71405813,83.15421385,95.1971033,101.3122729,111.2767154,100.8836139,107.3323273,107.9622135,106.1579766,112.7479886,111.4671012,112.1564017,114.4856336,110.2953751,105.5433625,107.312861,113.2360775,113.1342661,109.6819842,106.3488253,110.2729719,105.5621529,105.4202782,104.295592,103.5066088,102.2182853,101.1008876,98.64025975,95.36494979,89.26608054
42.14064399,-70.41746498,2022-09-28T18:18:19Z,3.305691306,389.8043017,2a,NA,Raise_dredge,44,107.2085987,122.5635919,NA,109.3139563,108.9043718,111.4308004,116.2301247,115.1881802,115.8927209,113.5881204,108.8632698,106.6440027,100.4962375,NA,86.11854457,86.96179297,109.2676337,105.0433135,105.234233,100.9300112,103.3663366,109.2250483,105.270457,110.1745386,111.7524565,112.2000882,111.5228104,111.6360076,106.2824731,107.5908817,112.2838092,112.0891918,110.1826714,104.5355082,109.8113832,103.8861507,104.8367029,103.433341,102.9150505,102.0169121,100.292778,98.4996816,95.04809126,89.70365381
42.14045296,-70.417511,2022-09-28T18:18:31Z,3.499232221,404.8731607,2a,NA,Raise_dredge,60,110.9975588,123.0864343,NA,106.5049903,114.7501027,113.8354169,116.0254302,115.7308179,115.1012501,113.6482869,108.48459,105.8731928,100.0194841,NA,92.90090707,82.64685986,106.2926195,108.7794636,113.3348331,98.76653131,105.644092,108.2701586,111.3995432,108.7665983,112.5724321,111.5941653,113.7284879,110.5025133,104.1411401,105.2776517,110.304258,112.6178436,110.7862232,102.9829191,109.6344831,103.3551591,105.0397062,102.298792,102.0991822,101.2335074,99.62151226,97.90182967,94.89328576,88.98118757
42.14025096,-70.41755701,2022-09-28T18:18:43Z,3.694105631,421.2509223,2a,NA,Raise_dredge,179,107.4482475,121.9295535,NA,102.6671046,111.2118652,108.3167342,116.3475785,114.1971387,115.1841645,113.6923381,107.4309378,103.3638076,97.47979306,NA,86.57662322,86.93247196,102.4383821,108.1872646,107.6064998,99.38532623,100.6361034,105.0182478,103.8980378,112.2037348,111.7185658,110.6681984,110.3362849,110.706042,105.6995081,104.9408973,111.0715118,112.3235542,111.4473771,104.3660872,108.2691074,101.8230051,104.4373145,100.9170253,99.50344548,98.68638788,97.31312094,95.39915427,92.33418912,86.22162599
42.14006002,-70.41754201,2022-09-28T18:18:54Z,3.762457039,433.6117274,2a,NA,Raise_dredge,60,113.7067035,122.1942244,NA,101.5057434,116.0122481,110.7033881,115.0181784,113.8732542,114.0231711,113.473149,107.4767817,104.0436277,97.43302559,NA,93.73880414,86.60147639,100.5390613,104.4803008,115.6381505,96.89635428,106.7644113,104.4019477,106.2894462,108.3860714,110.1308767,111.6296207,111.5164027,108.5047018,104.956039,104.8002443,108.9048065,111.6022991,111.0554906,104.3649011,108.3033359,102.0665376,103.9741939,101.7232925,99.91090538,100.0146468,97.43646656,95.43119003,92.1584914,86.03357505
42.13983899,-70.41756397,2022-09-28T18:19:08Z,3.425549742,451.1079321,2a,NA,Raise_dredge,60,110.7613095,122.2627965,NA,98.62224791,114.0909657,112.5424972,115.6431766,113.9914102,114.2814321,114.212525,107.4869135,104.3535045,97.40003691,NA,91.70767402,85.53073092,97.35799136,101.9149952,113.5167743,102.1019079,108.3933722,106.0822491,108.4464573,107.9259477,110.8645098,112.6162227,110.6964594,110.176143,104.6477397,103.0765304,107.8167011,112.7232842,112.0703094,105.4184589,108.3179972,102.3805537,103.9931435,101.362553,100.2886996,99.95514094,98.23761337,95.57132777,91.88115513,85.39647926
42.13963296,-70.41759498,2022-09-28T18:19:20Z,3.738255789,468.6079436,2a,NA,Raise_dredge,60,114.6233683,122.4464602,NA,95.64851945,117.4988204,113.0991453,115.2444652,112.8112018,112.1286773,113.1475102,107.5573302,104.6763268,96.84784974,NA,85.74894387,91.33345694,92.87001807,103.6849576,117.2164191,100.8033969,106.4968864,109.3417179,108.6665313,109.4867002,111.9972387,109.410026,109.5304717,108.287128,105.2990941,103.4754616,107.2868624,109.4177678,110.1298929,105.3276737,108.4062388,103.5024523,102.8856425,101.8033923,102.012734,98.93120051,97.51105866,95.17001574,90.75399884,85.57749867
42.13945401,-70.41763304,2022-09-28T18:19:31Z,3.563736367,484.8154902,2a,NA,Raise_dredge,287,102.9388559,120.8945484,NA,97.87593837,107.7358679,111.3941596,114.7565376,112.8757738,113.1567068,113.8018576,107.3335133,103.8786979,98.06355275,NA,95.92091153,82.51692313,93.10508741,102.7857465,102.591026,103.4676516,104.6461062,105.6556984,108.5690003,105.6747933,111.3325739,111.0084464,108.2846701,109.2343613,106.303532,103.358368,107.4129279,111.1417849,111.2058186,107.3867539,107.2588534,103.0999177,102.9949927,101.3901503,100.127636,98.68201708,98.29062842,96.08402058,92.78017936,86.5026712
42.13929702,-70.41766397,2022-09-28T18:19:40Z,3.814582536,499.1320253,2a,NA,Raise_dredge,49,101.8519735,120.5141965,NA,95.80829522,108.239418,110.8551545,114.1300816,112.8686105,112.3970626,113.4496683,107.0733266,104.6395978,97.65715631,NA,93.82188668,85.74481867,90.09799566,105.0909021,100.4342243,103.6788798,105.2272462,106.1454717,106.7462896,108.983252,110.2052413,108.7424843,108.5998396,108.9714295,106.2559384,103.8555816,106.3740409,110.2519865,110.7468169,107.3376701,106.8447197,103.4773292,101.9667201,101.1305778,101.0245407,99.84343987,98.32378251,95.66446598,92.48411913,85.72599896
42.13918696,-70.41767897,2022-09-28T18:19:48Z,2.992111569,508.9262792,2a,NA,Raise_dredge,49,105.2094072,120.4633405,NA,99.87929146,111.5351909,110.0885246,113.1513318,113.7093639,111.6344042,112.8032629,106.8046243,104.1440719,98.04666081,NA,84.00162668,85.43015117,99.60254297,108.5812394,107.4862322,101.5276241,103.4760074,106.3044977,105.6929481,109.325338,107.456396,108.1502736,109.7865945,109.9339722,106.1524264,103.2345946,106.1783312,109.198835,109.9767256,107.0351227,106.0957385,103.1119365,102.2788492,100.2286104,100.4232982,99.44775624,97.87915629,96.11479647,92.71455223,86.24989496
42.13903802,-70.41774703,2022-09-28T18:19:58Z,3.402865504,524.9184412,2a,NA,Raise_dredge,422,103.627456,121.1304155,NA,93.33746135,109.0406666,112.3444191,113.9341714,115.6049534,111.3176281,113.0951802,107.0353034,105.3577102,98.66262597,NA,89.5269148,85.64726774,89.50676672,105.4912885,102.9352617,103.9988943,106.9724976,108.5433757,107.0124571,110.0049802,109.4100223,107.7813396,112.9402104,109.722365,108.6264991,104.437011,106.9442582,107.6482881,110.6158353,107.8220393,104.4947905,103.3373853,102.2278861,100.885104,101.3206682,100.9401856,99.22551754,96.72649848,93.4619847,86.27768631
42.13889703,-70.41783102,2022-09-28T18:20:08Z,3.335243921,541.1854187,2a,NA,Raise_dredge,98,111.1271007,121.9032112,NA,93.70589464,110.7188231,116.833861,114.2293304,114.8548585,110.8180134,112.165992,106.6733119,105.2549126,100.4199652,NA,86.8044962,84.55546475,91.99433205,100.7914007,109.3483278,102.9961602,113.4457687,111.1480622,111.1735071,109.1933573,110.9687506,107.5411878,110.1137195,110.0496701,110.0873098,105.3660593,105.4324252,107.1086891,110.1312461,105.9734353,103.4297655,103.3777626,101.3041408,100.4993814,102.0438962,100.0508333,98.69629626,97.99401306,96.11163016,87.99131363
42.13871003,-70.41795298,2022-09-28T18:20:21Z,3.457538523,563.3972368,2a,NA,Raise_dredge,88,104.8603294,120.6069294,NA,94.42580976,109.4248148,112.2420478,113.8064132,114.232069,111.6399695,112.4795169,105.4107742,103.6910807,97.41287655,NA,85.41575959,82.03155481,93.54685161,98.85651672,101.4755032,108.1865056,108.0960836,107.3840265,106.840705,109.9565512,108.6308099,108.3425465,108.4944322,110.3696324,109.3139966,106.9914982,107.2460443,106.3164243,110.3733544,106.9219101,102.7389118,101.2344298,100.9691444,99.52898656,99.75959873,99.68666771,96.65464499,95.27773651,92.51985466,85.4922774
42.13853502,-70.41806797,2022-09-28T18:20:33Z,3.51046729,584.2909277,2a,NA,Raise_dredge,294,105.2077353,120.3001291,NA,96.32316644,109.6501941,110.2770394,115.1704249,113.2491342,110.7594067,110.6706087,104.7277005,105.5212406,104.3050855,NA,86.78768785,91.09432649,94.02221488,96.47978473,105.7216578,107.0308413,101.8903732,104.5059685,107.987229,109.1330824,109.4292366,112.0220092,109.9195158,107.3345483,107.7093171,107.1402431,104.8020315,105.6973315,108.3953683,104.7058424,102.5614366,99.37544177,100.716704,99.65961127,100.5688944,100.8682901,100.8071717,101.163398,100.4571747,94.41673804
42.138432,-70.418144,2022-09-28T18:20:41Z,3.176503681,597.0484971,2a,NA,Raise_dredge,238,102.4947571,120.1703615,NA,95.57461184,105.7389928,109.7220351,114.859595,113.0293515,112.1088023,111.2227646,107.0439653,105.5401994,102.1521833,NA,85.11848483,89.03342806,93.9518267,97.49649533,101.3964982,102.5712663,101.3346078,107.2064831,104.4159215,109.1316437,111.421161,109.3236047,107.7937878,108.3116031,108.6284834,108.4921976,105.2516694,107.6591523,108.7187627,105.1543025,104.0312026,102.1426566,102.5743611,102.084573,102.0185562,100.5401063,99.32991555,99.53310471,97.55059053,92.4158104
42.13827903,-70.41826604,2022-09-28T18:20:51Z,3.845935301,616.4875397,2a,NA,Raise_dredge,98,109.6794449,121.1499995,NA,93.74278611,109.8119582,113.7427815,114.3165284,114.0350097,112.6352949,111.5699015,107.8160873,105.3349535,103.6361512,NA,77.74594736,86.58766692,92.67672716,94.21985994,108.4413337,103.6690025,111.731666,107.1439823,105.5560373,109.5854157,109.8520181,109.1716118,109.0220092,108.2947368,110.2472747,109.5036579,106.5523876,106.9058886,108.9911951,105.9553174,103.9568489,103.1936701,103.5311821,102.3219574,101.6325789,100.3078327,99.4745614,100.9621697,99.07049385,94.05999981
42.13808097,-70.41842697,2022-09-28T18:21:04Z,3.84890398,641.835646,2a,NA,Raise_dredge,88,104.4249083,121.6597731,NA,93.9083447,112.0624653,112.2751823,114.6583188,113.6991589,111.7391984,112.8458551,110.4533044,109.6570617,107.8654167,NA,83.30812136,87.91192742,92.11372311,106.2765725,105.2032984,109.305346,105.9781643,106.273351,109.3876292,110.0174433,110.7279,108.6718834,109.4589367,108.3060374,108.9425383,108.3681869,105.3443796,106.6596799,109.9257474,105.6400221,107.6057225,105.9403072,106.7578759,103.8620686,105.1728059,105.3530012,104.0140719,104.7951873,103.5716667,99.16173437
42.13795097,-70.41854097,2022-09-28T18:21:13Z,3.72830472,658.9173136,2a,NA,Raise_dredge,86,109.5977616,120.8148911,NA,96.8981765,115.2570296,114.1939496,110.6588843,107.8042979,108.7958547,112.2698716,109.7458961,107.7150348,104.5786033,NA,82.78147303,91.82983681,95.02700412,107.8720652,105.8952277,113.7177345,109.3356756,106.0727951,111.3469057,109.3150555,102.0192444,101.7765209,102.2093642,104.2046439,102.3937727,99.33870878,99.37976846,107.673685,108.5980348,104.2012871,108.4465743,103.8975114,106.8867283,103.2129709,103.911884,102.4835114,102.2424322,101.6977514,100.5950635,93.88572575
42.13782499,-70.41866301,2022-09-28T18:21:22Z,3.729429572,676.0701034,2a,NA,Raise_dredge,98,110.7122177,121.3418784,NA,95.40330066,108.0883548,116.555775,112.5503804,108.56103,110.5754447,113.4861249,110.1246913,109.9290457,107.0922994,NA,84.71198155,89.19225913,93.69917942,103.5625695,101.0761029,104.6042635,113.8960956,106.4516906,112.1227461,110.1579353,105.7378775,105.8793918,105.6502586,103.775636,100.4967948,101.2184355,103.917043,108.8244351,109.4926134,102.7605698,110.6183679,103.8910256,106.9230951,104.6504493,105.9190785,104.7771111,104.6631765,104.7406951,102.2684194,96.57625364
42.13776397,-70.41873199,2022-09-28T18:21:28Z,2.871576601,684.8851131,2a,NA,Raise_dredge,98,110.9983732,121.2422493,NA,96.84565158,110.0605034,116.2120482,111.1978847,107.6362619,110.8945618,113.9923138,110.374156,109.4376877,106.6646498,NA,78.65825478,87.80000241,96.19186911,104.3838322,102.2167932,107.5817571,113.9471378,107.2178862,110.6885507,109.0816986,104.7341115,103.2377656,104.2132322,103.759474,98.96416478,100.6881852,102.6399937,109.6750355,110.1602714,103.9471622,110.8696472,103.6666075,107.0729129,105.4117061,105.1341779,104.8184039,103.9642024,103.9422538,102.0903028,97.34426058
42.13771099,-70.41879301,2022-09-28T18:21:34Z,2.512717951,692.5973818,2a,NA,Raise_dredge,98,107.4911234,121.1708274,NA,96.68818346,112.47272,114.9120987,113.2867395,109.0724066,109.8406753,113.393505,109.2529261,108.952443,106.6526754,NA,79.54940602,91.06568807,95.18038038,108.6408797,100.8661983,109.6084354,110.2366362,110.9466531,109.0274311,110.1384307,108.6819805,105.572846,105.5762959,104.7937223,101.6143317,100.545521,103.3193843,108.0334937,109.5088181,104.4394454,110.0582117,104.5548067,104.2936229,104.5906988,104.8397352,104.0008758,103.6109907,104.2148155,101.6811252,97.11562073
42.13767202,-70.41885403,2022-09-28T18:21:45Z,1.174721019,699.0987628,2a,NA,Raise_dredge,98,113.8820446,122.642431,NA,96.96687863,112.9858036,118.4389735,112.8021148,107.9700726,110.898872,113.2313883,110.9646368,111.4818705,109.1741911,NA,84.88221074,92.92755652,94.31970153,109.9165818,102.3329467,109.2254776,116.1795531,110.6992193,112.1928951,109.607879,108.7594676,103.823613,105.4143757,102.5059004,100.0289201,103.0912219,105.2898881,108.3767152,109.2698118,103.0585232,110.2406502,104.3756583,106.8081714,106.9486923,106.5323273,106.3645502,107.190536,107.0245899,103.9337366,98.77471033
42.13767202,-70.41886099,2022-09-28T18:21:58Z,0.085907127,699.4563833,2a,NA,Raise_dredge,49,109.8767194,121.3123323,NA,97.70698829,114.0649466,113.2169614,112.1763164,110.4174521,110.8324931,113.5262546,111.3394781,109.4558813,105.5781495,NA,73.65896904,87.51627997,97.25114495,111.8700012,104.72612,108.5410949,109.5946061,107.0760868,108.3029849,109.7051128,105.298168,105.7692424,106.7430653,107.069114,100.7653099,102.1609232,105.4784953,108.4120947,107.5283294,103.778798,111.6063639,106.7871528,107.197206,105.5581343,105.4277731,104.5147622,103.9877922,103.3663653,100.2470148,95.83368362
42.13767202,-70.41886099,2022-09-28T18:22:11Z,0,699.4563833,2a,NA,Raise_dredge,49,111.1600527,120.6356106,NA,105.340384,114.4749906,113.7516929,112.0311072,108.9556472,108.7786543,110.9304037,109.1828101,107.6674382,104.3005793,NA,81.69197305,104.9274483,94.7047581,113.0241506,107.6981991,103.164137,111.8719458,105.1777067,107.0244658,107.8108478,108.2312445,105.1422315,106.566989,103.4313565,100.5025941,102.7615676,103.2968508,105.4697399,106.3825689,101.232593,108.2693327,103.1211871,106.603093,102.1982525,103.2398451,103.5916647,101.6119554,102.0539111,98.98067776,94.71881057
42.13767202,-70.41886099,2022-09-28T18:22:24Z,0,699.4563833,2a,NA,Raise_dredge,97,108.6654302,120.9106981,NA,94.22944898,106.6888035,115.1117389,114.2424948,111.4273977,111.8095841,112.3697042,108.9421286,105.7250247,101.7242125,NA,80.29468362,87.30013786,93.01918184,103.2660154,97.81764633,102.8757739,112.8074483,105.0258977,110.0768144,110.9347922,107.780644,109.1173626,106.9388462,105.0111544,107.6185242,107.6045346,106.6358971,106.8122501,108.8931998,105.8282511,107.5436143,104.5569833,105.3547582,101.9063858,101.5446352,100.8274334,100.4131755,99.56622723,96.22267643,92.13198321
42.13767998,-70.41886903,2022-09-28T18:22:36Z,0.179333953,699.1827517,2a,NA,Raise_dredge,56,106.5047936,119.6625431,NA,94.85791919,110.9458714,114.0810928,112.3315966,110.738524,108.5178274,109.8552788,106.8806954,104.2044755,99.71075707,NA,83.31646216,92.25462115,90.66436723,109.8808055,100.5179227,101.9793795,108.5582794,107.7076251,110.9754931,108.8252989,107.1941805,106.2688418,105.3358693,105.8352479,106.6315783,104.3369455,102.5912868,104.1128207,107.50987,103.4733036,102.5793008,103.1001747,101.7804439,101.2302945,99.97076627,99.76194279,98.40750861,97.30496521,94.94217929,89.33877472
42.137684,-70.41892201,2022-09-28T18:22:39Z,2.848496863,701.5741949,2a,NA,Raise_dredge,97,109.4269236,119.0065587,NA,93.58539285,109.3273937,114.6647003,111.1948443,109.9296536,107.0758241,107.8369438,106.2347292,103.611095,99.03014299,NA,78.27455848,89.37758931,91.30166862,106.7783271,100.3556992,104.3415541,112.6727415,105.1190854,108.7613911,107.2785373,107.0851065,104.332941,103.7422554,104.7840155,106.4965806,103.3128788,101.791237,101.5996457,104.5111912,102.5569749,101.612646,101.4857876,101.1476686,101.7370284,99.55334193,98.16637799,98.68564647,96.92847699,93.76199542,88.39267103
42.13767998,-70.419136,2022-09-28T18:22:49Z,3.434757165,713.1411896,2a_2b,NA,Off_eff_transit,97,108.2029856,118.236197,NA,91.20766037,111.8237457,113.8527296,108.8882376,107.5865489,107.3724293,105.8291325,102.979797,102.1430101,97.63210507,NA,81.66870765,85.46500923,89.14749714,104.9108505,103.1269763,110.0286165,112.0378086,103.071527,107.9695228,104.375353,104.8229608,102.937764,102.4117639,100.5716446,104.5536388,104.2719968,102.9142012,99.19164799,102.2658237,100.2013784,100.3944979,98.359577,97.96528495,98.29076395,98.37299745,96.72165816,96.81544264,95.15166077,93.02837616,87.1104379
42.13756196,-70.41931897,2022-09-28T18:22:59Z,3.891209016,732.8418309,2a_2b,NA,Off_eff_transit,97,113.2347832,118.5213295,NA,90.1139309,109.0499489,116.3465383,108.7394269,105.702026,105.1767155,104.2482341,102.0493692,99.63209116,93.24437443,NA,78.20991207,87.21042045,86.37782014,106.8529305,103.8539881,98.81575992,115.9937103,102.9352735,101.4571744,103.4427677,105.2394887,102.8549844,102.0257247,99.50455138,100.9011395,102.0133496,100.5688332,97.51193885,100.7395209,98.27657754,99.03935465,97.55977939,95.61998428,98.24857464,95.47822219,94.76151263,94.25543291,91.12938414,88.31549775,81.3116271
42.13737899,-70.41957102,2022-09-28T18:23:11Z,4.716440883,761.720632,2a_2b,NA,Off_eff_transit,170,106.1963845,116.3704164,NA,92.82834451,108.4889877,112.7861816,107.8753076,106.1630474,103.9520353,104.205212,98.75451183,98.56427404,94.05944369,NA,81.33430489,83.62460946,91.90774976,104.3989198,102.9188749,103.7100287,105.6646955,105.5045844,110.7029364,105.7473045,101.7015477,99.51975632,100.8837731,102.5224986,100.4928707,100.3575227,99.5461363,96.96986486,99.30367116,100.4941392,98.20243097,95.32170681,93.32993181,92.89715739,93.69618665,94.09154099,93.57447886,91.46048611,89.45457127,84.22890619
42.13719903,-70.41981502,2022-09-28T18:23:22Z,5.020040505,789.9308273,2a_2b,NA,Off_eff_transit,98,102.7426735,115.6900787,NA,90.28232102,109.0774389,109.9508364,109.4820506,105.2730119,104.5098433,103.065032,100.7357659,97.79314059,90.25051333,NA,82.9923971,83.09714513,88.22135007,107.3444846,96.00215119,103.545456,105.9287151,105.7351088,103.4745995,107.2645529,103.9163784,100.3547071,101.816752,100.2827254,98.92525271,99.09412041,100.8817591,98.9649034,98.32209988,99.05773696,97.33095725,97.84017075,95.13141101,93.98828152,94.0876512,93.80292191,90.22239223,87.90552819,85.0478271,80.87316579
42.13706198,-70.42004401,2022-09-28T18:23:31Z,5.246485658,813.7551894,2a_2b,NA,Off_eff_transit,98,101.3522021,114.8396738,NA,91.12369179,107.3064515,109.3279339,107.4267474,104.3879108,104.3341196,104.7456748,100.7898933,98.97495981,96.40743686,NA,82.71384358,84.59611651,89.13998054,105.6706104,99.76187374,98.70029985,105.284907,103.6107062,104.6136255,104.6120223,102.5141299,99.31080173,100.80004,99.2457726,98.47400221,97.95516614,100.0548664,100.3163982,100.6944311,100.3184656,98.65064862,97.7659772,95.34860011,94.13224222,94.0634824,94.86137316,93.59040213,93.12310407,92.44755159,87.50568596
42.13689401,-70.42028801,2022-09-28T18:23:42Z,4.856605081,840.9959365,2a_2b,NA,Off_eff_transit,122,101.9127977,113.2464091,NA,90.96057716,103.9659112,108.7305575,105.8216262,102.831185,103.3440615,102.9675436,98.41689689,95.60469487,89.5322221,NA,81.6103498,87.61142072,87.20742331,99.71136226,98.22667427,99.50259769,101.8262096,106.0797507,102.7597213,100.8002982,102.6539383,98.89908837,99.62113177,96.54723709,97.41281201,96.70250167,98.53567322,99.90327197,97.27392687,98.88188829,98.28384412,95.35576705,93.36671737,91.27748236,91.585409,90.67465573,90.11170583,87.63432983,83.80541722,78.90413896
42.13672302,-70.42057802,2022-09-28T18:23:53Z,5.404723595,871.0168956,2a_2b,NA,Off_eff_transit,122,102.8941173,114.4370539,NA,92.3740941,105.3473879,108.8063582,106.412157,103.9686061,105.5421266,104.8839349,99.99921817,96.12517977,91.77360034,NA,86.97109607,85.95121329,89.2217659,99.25008455,102.4634062,99.14262124,101.6740136,105.8874065,103.5168401,103.684652,101.3231465,98.35857935,99.65958193,99.97962387,97.58810369,97.77190168,100.5666841,102.6591753,100.4900648,100.4435717,99.30386751,95.88154232,95.59755753,93.97159106,91.99851203,92.25661645,89.20006811,89.45001219,86.90366772,81.24323658
42.13655496,-70.42086803,2022-09-28T18:24:04Z,5.369051115,900.8345534,2a_2b,NA,Off_eff_transit,98,101.1298206,114.1094842,NA,90.00667845,104.9867226,108.7582467,107.9276075,103.4235498,104.666637,103.3917502,99.50316056,95.68747915,89.4485758,NA,76.91863787,87.62169529,85.729049,98.53237741,94.2302719,103.3736234,105.9248048,101.7325622,103.2432766,104.4181484,104.0442222,99.55165302,99.05833935,99.27834118,97.38528985,99.8505828,99.77583891,100.0550208,99.66210396,98.11574573,97.85660153,94.73371374,96.23088329,92.42130265,91.72565181,90.8084437,90.05258345,87.5769885,84.0141873,77.50897478
42.13645203,-70.42106601,2022-09-28T18:24:11Z,5.542587887,920.2431536,2a_2b,NA,Off_eff_transit,98,108.0201656,115.7056184,NA,90.72294723,105.4986896,112.8866364,107.883094,103.9187679,103.5704329,103.0975142,98.51805194,95.67949718,89.65984777,NA,75.85521683,86.70896588,88.28604952,101.1225934,90.89224224,103.2823425,111.572966,104.4208326,103.6292834,106.2897005,100.3686449,99.01846802,100.3131125,99.56963513,96.85673615,97.68019049,99.35811021,99.17272923,99.80372154,97.30376708,97.38194111,94.06981105,93.94480428,93.17267355,92.02223901,91.3717835,88.65328458,87.92311125,83.92764027,77.61496438
42.136375,-70.42136399,2022-09-28T18:24:20Z,5.62627553,943.1677943,2a_2b,NA,Off_eff_transit,52,99.4457462,113.1878488,NA,91.38701935,104.2515212,108.2836102,106.983734,104.0554251,101.1233655,101.6664112,98.42826161,94.01850804,85.99709909,NA,89.74261395,81.71695668,84.55329839,102.1400761,95.7307457,98.13338888,102.4860431,102.9646064,104.7475834,105.2907844,100.2076187,97.50438923,99.23610593,100.0141012,98.4645403,96.6111224,96.4169867,96.0065963,97.58261468,96.76973031,96.22489875,94.24507682,94.38297441,91.93768386,90.95977826,89.10559687,86.64092157,83.70454442,80.87468401,76.11311323
42.13636,-70.42149399,2022-09-28T18:24:24Z,5.277768731,951.7209432,2a_2b,NA,Off_eff_transit,146,101.95647,113.0218726,NA,90.97180774,102.3119772,110.0125215,104.8006278,102.9763483,101.7217532,100.427107,96.00250197,92.22737365,85.10899277,NA,80.94567132,83.70814999,89.50164634,98.4664221,95.48782029,98.1064952,105.2701444,102.6295187,106.8408509,100.8597686,101.0770893,97.15996833,97.75355699,98.31248407,98.51408934,97.26969104,96.65713126,96.90282739,96.18238691,95.53601036,95.19031634,90.59007255,91.87521062,91.13218671,88.59734742,87.36028354,86.03738026,83.19275688,79.25381548,74.97889623
42.13638699,-70.42174503,2022-09-28T18:24:32Z,5.0879442,963.9312329,2a_2b,NA,Off_eff_transit,97,100.7332753,112.6948648,NA,89.85603022,105.0828189,107.9698652,106.1031296,102.6402248,101.0828446,100.8555502,95.07264011,93.31559309,84.66213164,NA,79.53728267,83.58823575,88.12266535,103.5391959,94.73146056,98.24045202,105.2842054,100.1683996,102.6723427,103.2860283,101.7668697,96.46977257,95.80711623,98.27617667,98.94003565,96.10241198,95.54699806,97.13398341,97.23141647,95.11970777,95.61170805,90.45239629,91.3743137,88.65449647,88.78788863,89.24590395,87.39244022,82.52916936,79.0712297,75.15689686
42.13646703,-70.42202801,2022-09-28T18:24:41Z,5.39982952,974.208244,2a_2b,NA,Off_eff_transit,52,100.9365871,113.0578185,NA,93.98383713,106.2008656,107.1014637,105.9542272,103.4849198,101.3045453,101.5286768,95.2338445,92.13975448,84.5940942,NA,87.59396414,81.56835286,92.51497136,105.1802408,96.75174858,96.01954758,104.174634,98.24614696,102.6661767,103.0325394,100.9360872,98.37923613,98.73513578,98.37313943,99.0094783,96.85483251,95.5922236,97.0177128,98.35630057,96.98805759,93.75078067,91.10930537,91.21452077,88.59458045,89.97077224,85.64098644,84.42339451,82.0419803,79.7668271,75.21267452
42.13660399,-70.42240896,2022-09-28T18:24:54Z,5.225636409,986.69299,2a_2b,NA,Off_eff_transit,49,99.7636773,112.1313898,NA,91.53945688,105.6449769,106.2937221,104.4505954,103.6624455,102.1771693,99.85640676,95.44954418,92.08898399,83.55196272,NA,77.47202919,84.30687547,90.41383319,103.5137552,97.47793442,99.36143127,103.8976302,99.35298351,99.75283796,100.464806,99.78233371,98.58792617,98.09464175,100.1977699,98.01126423,98.75887899,96.68305279,96.37032182,96.29151465,94.46912521,94.18116312,89.88037781,91.64128589,90.31437758,89.171711,86.7156965,85.0773363,80.68560669,78.93312604,74.94804451
42.13673802,-70.42276796,2022-09-28T18:25:06Z,5.374542819,999.0787633,2a_2b,NA,Off_eff_transit,97,101.8739558,113.3416569,NA,89.61603405,105.2055009,108.7795608,106.9177511,104.0071585,101.8266524,100.4923789,95.90030861,91.38308412,83.60465822,NA,82.07028723,86.6803848,84.60419136,100.3757774,102.7495958,95.33587314,106.4735896,101.4881281,102.3088877,103.8223907,100.430583,101.4686846,96.36110925,100.1500812,100.2046252,97.59422419,97.38867408,96.02161714,96.65453684,95.43293539,94.88283496,92.10776343,91.74588921,88.87164774,88.31015457,86.66116554,83.68809494,80.79588111,78.82237119,75.18127114
42.136864,-70.42295798,2022-09-28T18:25:14Z,5.112516979,1002.138676,2a_2b,NA,Off_eff_transit,97,100.3856972,112.8109203,NA,89.19407497,101.5580183,109.0086436,105.2645829,103.9292131,103.352288,100.5207247,95.27232751,90.83637585,86.45449665,NA,81.56806377,85.35762375,85.36274038,97.23137425,96.62845303,96.4623642,106.1633585,102.0513046,103.4668733,102.2815601,98.5261174,99.81209789,98.62306421,99.85540125,98.89710465,97.57038037,100.1260014,97.50424806,96.85003059,95.61910809,94.44873131,92.06773053,90.00255125,88.78824911,86.84439415,86.17803877,84.97015682,83.93638329,81.69998198,76.68215147
42.13703197,-70.42312603,2022-09-28T18:25:23Z,5.028567498,1001.332274,2a_2b,NA,Off_eff_transit,104,97.61638068,111.462841,NA,90.48274988,101.760795,105.4170287,106.1979561,102.4700332,101.8364611,99.80476127,94.47105682,92.02636331,87.35415667,NA,80.27509908,84.96506283,88.43442885,96.24775807,97.77201467,96.81052335,102.6104585,99.47229789,98.87233687,102.6019492,99.74652559,101.470294,98.03803783,98.39043815,96.42695955,96.56269778,97.81667936,96.70491318,96.67063227,94.40389341,93.34025959,90.61114093,89.76697895,88.4559459,87.95398312,87.56522671,86.01392099,84.92705031,82.61207997,77.01854771
42.13722199,-70.42321798,2022-09-28T18:25:31Z,5.460614837,994.5717219,2a_2b,NA,Off_eff_transit,97,99.22925316,111.9277296,NA,86.08102069,102.8427645,106.6235937,106.1816154,103.577798,101.1156152,99.1466645,93.62982691,91.59908887,85.56519319,NA,72.36332574,82.95897023,82.80400521,100.3076996,95.35435335,97.05679019,103.3097486,101.098732,100.6637867,103.8504715,98.94875893,99.72757767,98.40459942,100.3434336,97.02717237,96.44734033,97.02778486,95.40561895,95.32519865,94.57099845,92.88499226,89.46701473,88.50774486,88.53052036,88.39957632,86.23323241,85.22837335,83.09403393,80.86463257,75.34751984
42.13741302,-70.42324103,2022-09-28T18:25:40Z,4.611288726,983.5881131,2a_2b,NA,Off_eff_transit,194,99.19081955,111.5537132,NA,87.35331403,102.6544174,104.5495606,106.4539901,104.4338926,101.549143,98.16866392,91.69847622,89.16432018,83.30010452,NA,81.1149859,81.20391039,84.50942134,98.19411101,97.45972182,97.96364127,99.78369974,98.43404918,100.799184,104.1319877,100.1127352,99.05292493,97.84374439,100.9300379,99.67707087,96.16258282,97.80695171,96.14679945,94.95231444,93.31445597,91.0944295,87.56147162,87.10314233,85.96596447,85.30772843,84.27285002,83.3852532,80.39441169,78.69633711,74.80380774
42.13764997,-70.42318697,2022-09-28T18:25:50Z,5.20015628,964.8210424,2a_2b,NA,Off_eff_transit,20,100.2087377,112.1044914,NA,99.13536377,103.2174082,105.7242765,104.4087628,103.6284232,101.4508761,98.5251029,96.16722081,91.14846959,84.23639893,NA,90.66685606,84.45319033,98.29302518,98.862428,98.34636456,98.09416726,101.5539073,100.6700983,100.5658576,99.57293928,98.83711778,100.3677139,97.5322434,100.4045148,98.0737217,95.86984346,97.37036424,96.66979544,94.29133978,94.48495327,92.11037353,94.02970903,89.1941258,88.90745215,87.80068105,86.07682097,84.69588964,81.96326994,78.93366629,74.75048758
42.13784401,-70.42306501,2022-09-28T18:25:59Z,5.1471441,944.407314,2a_2b,NA,Off_eff_transit,21,99.70689228,111.7353615,NA,96.43620578,102.9684655,103.9850416,105.1735176,102.8439313,101.9687721,98.82579265,92.86426563,90.22583861,83.25724372,NA,94.21691744,83.12374351,91.91974543,99.32628504,95.97882406,98.62340847,99.68141316,98.99158402,98.92756944,101.6885991,99.17854074,99.94882786,96.9502926,98.97519464,98.05871443,96.74410432,98.8212625,95.29851045,95.72236986,93.71911129,91.88043605,88.70054348,87.45821191,88.03120624,87.06818624,85.3039704,83.11975813,80.7461457,78.04673372,74.6506382
42.13804602,-70.42294297,2022-09-28T18:26:09Z,4.789822299,923.6679047,2a_2b,NA,Off_eff_transit,62,103.7034904,114.3427672,NA,89.84367514,107.8194419,106.1232658,107.9204727,104.9616074,105.4081319,103.942572,100.1966607,97.10544374,89.28081629,NA,76.90988647,81.23861597,88.93513449,95.78325365,107.1596678,96.76092031,101.519513,100.9901024,101.5251075,101.7431431,104.8930584,102.0840101,100.9284518,101.0800982,97.87978061,100.2794164,102.1016482,98.94863304,98.70944517,100.4801252,97.91739786,96.06997159,93.62126865,96.14411047,94.18628371,91.87467664,89.88229144,86.92883629,84.31104277,79.26888948
42.13821801,-70.42282898,2022-09-28T18:26:18Z,4.607573537,905.4602298,2a_2b,NA,Off_eff_transit,134,99.80280026,114.2497003,NA,89.30479624,101.0338694,107.2430407,107.6454502,106.32424,106.0029176,105.2134717,101.6544916,99.59720835,92.1244522,NA,77.70614945,84.89758875,86.85072065,91.60894984,97.92581273,97.02145162,100.3128814,104.2657357,101.9180268,103.2670683,102.3176549,102.9840851,102.1521751,101.7479858,100.6172292,101.4791584,101.8366152,100.2184893,100.0189778,101.4311062,99.67038831,97.35644602,95.53013901,97.50005662,96.51155372,94.69063912,92.28055718,89.48606798,87.52610301,82.47578875
42.13843896,-70.422646,2022-09-28T18:26:30Z,4.675515846,879.7035191,2a_2b,NA,Off_eff_transit,60,101.5943947,114.7846688,NA,91.3465217,105.4161366,106.8652554,107.8310379,106.3699549,106.6367005,105.7482227,102.5836872,99.26033265,92.56502022,NA,74.65857296,87.0485468,89.17735284,95.30611325,104.3743422,96.05250533,101.001821,102.7363293,102.3592686,104.5951451,100.9027572,102.9158064,102.8693289,100.9005768,100.6763199,102.2965256,103.4201724,98.54208581,99.56486306,102.5847023,100.1656203,98.88697466,95.35397976,98.42530656,96.18585884,94.4331396,91.77110858,89.60094997,88.30246686,83.35308787
42.13858397,-70.42248499,2022-09-28T18:26:38Z,5.080680461,860.0141465,2a_2b,NA,Off_eff_transit,135,108.1214709,116.6096349,NA,90.4900759,107.2051914,112.3432567,109.751377,105.005559,106.3837326,105.8761288,101.9187973,97.81711158,93.3025757,NA,76.92476945,87.78489757,86.71849759,97.35104284,106.469654,94.39708309,103.6763,110.6076738,105.2102269,106.8429947,104.1373397,103.0472565,101.1669702,98.86286293,100.367971,101.9992909,101.584944,101.2181136,101.2017381,102.0947282,99.68715913,97.96409326,96.41182917,96.92023502,94.95472032,92.40322802,90.72180814,90.74500486,88.47511015,83.94791856
42.13876703,-70.42228701,2022-09-28T18:26:47Z,5.641828498,835.6170851,2a_2b,NA,Off_eff_transit,60,103.5879253,114.9027324,NA,90.65913276,107.2852805,107.368443,109.4184411,107.1473188,105.0846126,101.88347,98.83892402,95.68503567,92.01894456,NA,76.59179167,84.38384704,89.2627591,99.94991895,105.9009935,96.74191277,100.3058639,103.8863054,102.8683237,105.5963585,104.3306928,103.8171711,104.4422862,102.5678505,97.76222759,100.9010144,101.2945786,98.10673023,97.11798704,98.52947832,94.98552373,93.83748157,93.52844512,94.7436368,92.88309381,90.25129453,88.45553151,89.28432036,87.40646074,82.86438898
42.13900801,-70.422012,2022-09-28T18:26:59Z,5.69251784,802.6334778,2a_2b,NA,Off_eff_transit,135,104.8765015,115.1601742,NA,91.08741963,104.5253865,110.3140378,108.2919075,107.126119,106.2969653,101.953633,98.60850462,96.28606963,93.10128874,NA,78.45071507,85.83808365,89.19595556,100.7097065,101.5896803,93.33185922,103.9101398,108.1487627,102.4551075,103.557385,102.4462559,104.3510128,103.0923171,101.6241438,102.2217623,103.6593692,101.4888763,97.25496567,98.03704994,97.57661987,95.55516123,94.83099106,92.8949721,93.55909571,91.86613905,90.49575796,92.02603648,90.84260841,87.89813427,83.26122543
42.13924798,-70.42164604,2022-09-28T18:27:12Z,6.02971407,763.3323335,2a_2b,NA,Off_eff_transit,135,98.21170376,113.5836517,NA,92.07902256,103.6649502,107.4182507,107.0140332,105.6599719,105.5142436,101.7695568,96.55874552,96.24324415,92.2140569,NA,77.61473052,90.10816299,87.25125256,96.84050738,101.5231066,96.2551578,100.929611,104.3634722,101.899687,103.1050802,102.3581246,101.0134843,101.273532,101.012275,100.3262303,102.1197823,100.8663022,98.51145574,98.35135954,96.88518246,95.19502741,93.27416362,91.72344552,89.61550064,89.4428845,92.14087636,92.28825427,89.00305976,88.14688304,83.37293894
42.13941202,-70.42134899,2022-09-28T18:27:22Z,5.942845142,733.1411638,2a_2b,NA,Off_eff_transit,135,103.2063068,114.5606469,NA,92.02599961,105.136247,109.4340263,108.3997881,106.0957269,104.8432621,101.6263304,95.25316024,95.64889871,92.61011234,NA,79.745785,90.42975555,85.97781639,97.21394088,103.3155616,97.71533056,105.1927306,105.9514293,101.862705,105.8745353,101.485515,102.1548721,101.5699505,100.9664763,101.4147434,102.3900061,98.61719075,97.70166588,98.07198166,96.79337345,95.24820762,91.03544364,90.35425887,89.99069858,90.35299164,91.6634311,90.49416431,89.19633769,88.89547805,83.37341295
42.13960597,-70.42096702,2022-09-28T18:27:35Z,5.7139072,695.2604405,2a_2b,NA,Off_eff_transit,135,106.6669613,115.4937536,NA,90.93228761,105.6569516,110.7773651,108.8547777,108.1468344,104.6725676,101.8418324,95.30697274,95.90164643,94.23282962,NA,77.37023053,88.07609721,87.34607975,95.46425382,104.4531842,97.31296191,100.5747063,109.1979036,103.9881419,105.5052708,103.5224601,102.7399371,102.9938135,104.4593397,102.4104946,100.8436129,99.42770701,99.25152151,97.94421123,97.93412225,94.53085974,91.5288397,90.55500887,89.22007128,91.25614783,91.63881973,90.40641208,91.50303044,89.70286418,84.81202906
42.13976699,-70.42060099,2022-09-28T18:27:47Z,5.690710794,660.294459,2a_2b,NA,Off_eff_transit,237,97.03579487,114.6255559,NA,96.51016929,103.7660166,105.3483007,109.0715028,108.0845042,105.7852026,103.886552,99.02634238,98.52387,96.8876024,NA,86.29330559,94.77282126,90.21302459,98.03193191,100.1447794,98.51639368,98.98624208,100.6941063,101.6471467,104.9178922,103.78218,104.1213796,103.4593517,101.6292984,104.4098097,102.3783393,99.63621059,100.569659,99.97433258,99.33574007,97.7440089,95.01359948,93.98987768,93.64246038,94.31927579,93.74942594,93.10461302,94.41949723,92.17647809,86.68928561
42.139912,-70.42026504,2022-09-28T18:27:58Z,5.670183106,628.3650013,2a_2b,NA,Off_eff_transit,135,105.129465,116.0801848,NA,91.52822731,107.365347,109.1423757,108.944289,109.1835365,105.2241664,106.3794158,101.1958615,100.6708378,96.59584397,NA,78.78325608,88.22138352,88.33929499,95.87939109,106.6860616,96.04406813,97.95501138,107.7626589,102.0670178,106.0922739,103.9451836,101.1230146,102.3684153,104.3119382,105.8681388,99.50338028,100.4500303,101.2341418,102.6790735,101.2347133,100.6541002,97.08803121,95.84140374,96.25024116,97.21090055,96.02507301,93.81108156,93.82454127,92.49896655,85.75449761
42.14001099,-70.42003596,2022-09-28T18:28:05Z,6.077506496,606.5977009,2a_2b,NA,Off_eff_transit,135,107.6093881,116.6434839,NA,91.18540674,105.4823106,111.0336954,109.15623,109.2318831,105.1778391,107.9266472,102.4071178,101.4056806,97.54256309,NA,85.76354029,88.3219743,84.10458458,93.13062908,104.8254093,94.63026616,97.7380598,109.9412379,103.478521,106.5925944,102.6106889,102.6645534,105.183924,104.5205372,103.5181685,98.85891346,99.36361397,102.2058463,104.9717277,102.2620982,101.3945512,97.73037981,97.22055227,97.92655842,98.26517736,95.85125961,95.14287352,95.37763554,92.22911176,87.47014509
42.14020897,-70.41974603,2022-09-28T18:28:16Z,5.749169286,575.3370831,2a_2b,NA,Off_eff_transit,169,101.8606873,117.0737648,NA,93.24829914,105.7197007,107.8452495,110.2113411,109.5443079,108.2088925,109.6284385,104.9330517,102.4244717,98.79877016,NA,75.42033158,89.83957005,90.46920854,95.82984051,104.3622263,97.91730392,99.47350321,101.4840045,105.7927252,106.6077156,102.9711503,105.9523205,105.1620497,105.9842128,102.4422137,101.1882203,102.3680528,105.5397112,106.8798524,103.8252027,102.7694667,99.22869585,101.1265224,99.91440874,98.68259432,97.16171628,96.89374544,96.57329005,93.53162477,88.95250581
42.14040804,-70.41946398,2022-09-28T18:28:27Z,5.679905328,544.7512787,2a_2b,NA,Off_eff_transit,60,107.5341706,118.9899793,NA,94.24688047,110.8480785,108.377112,111.1576101,110.9624811,110.6384304,111.542149,105.6544554,105.3393284,101.6406518,NA,82.17297539,92.82362577,87.61950844,91.07148654,110.6052245,97.26842589,98.34328079,105.7451333,103.8826569,107.6449867,105.2300085,105.9172513,107.6032295,106.0446266,104.3137867,101.2173495,104.724785,108.6284387,109.0012072,102.926647,106.3906757,98.37067014,101.7970427,101.6934739,101.2308683,99.74177303,100.6044531,99.29097844,96.85864776,90.95253027
42.14065597,-70.41912803,2022-09-28T18:28:40Z,5.850104908,508.0658528,2a_2b,NA,Off_eff_transit,60,109.339136,120.115069,NA,93.25165357,111.507647,112.0068127,111.2779859,112.7331069,112.6586271,111.4420024,106.4606598,103.9309962,99.70804836,NA,82.18240497,91.05371459,88.28926205,94.46797889,111.2668327,96.84397468,102.1966031,110.0051805,106.2362019,104.9251335,107.5441143,106.6580297,109.9604751,108.3151958,103.1585132,103.18874,105.8159161,110.9845625,108.8648258,101.6483311,106.7911177,98.91495836,103.6544823,101.2314679,99.76702946,99.32276846,98.25367194,97.31184125,94.76506252,89.86377131
42.14090701,-70.41888404,2022-09-28T18:28:52Z,5.579888181,478.5637089,2a_2b,NA,Off_eff_transit,135,112.3724926,120.9331812,NA,96.98394432,102.7561388,116.0041249,111.8417895,114.5885681,112.825823,110.2967138,105.4036729,104.6887902,101.4416335,NA,78.6301855,96.22062339,88.644471,94.55811825,100.7506168,96.1490485,100.4110172,115.5039223,105.0999317,108.1708823,105.7139288,106.9826439,108.8405276,112.9901835,100.7919151,101.8042217,107.3036128,110.8914256,107.9814154,100.8908937,105.0471078,98.96773683,102.1278078,100.2103424,100.7611714,99.73536458,99.09102981,98.76012033,96.82534556,92.05760751
42.14113198,-70.41867801,2022-09-28T18:29:03Z,5.349447846,453.6803837,2a_2b,NA,Off_eff_transit,135,107.5288008,121.5218035,NA,95.28193275,106.896966,111.8971514,114.1745115,114.4462308,115.0249982,113.0534726,108.4653359,107.4395115,104.0399182,NA,88.91176268,90.10954255,91.960319,97.71283026,104.9179003,100.794428,102.4548759,110.4312187,104.2719832,109.9038217,109.0939364,109.1649728,111.4330606,110.5542225,104.0935273,104.7896101,110.7560028,112.2765863,110.4111598,104.4268399,108.0858314,103.8878763,103.5505337,103.6368493,103.4690378,102.4047429,101.995128,101.608128,99.10539476,94.36309834
42.14140297,-70.41844902,2022-09-28T18:29:15Z,5.766543041,426.1231637,2a_2b,NA,Off_eff_transit,60,105.7924729,121.6383904,NA,94.6373278,109.2593924,108.5867529,114.8005799,114.3038066,115.7855761,112.3870386,109.2449864,108.0749089,104.2837484,NA,79.17550022,91.52578991,91.47759034,97.01901254,108.3729428,100.2260982,103.0037989,102.3921381,105.4290381,107.3431507,110.0312249,111.6753739,111.7069944,110.1308035,102.5965545,105.9712924,112.3697346,112.2221461,108.1859122,105.927554,108.3413262,105.0642508,104.0550681,104.2339253,104.2586898,102.7960203,102.6707263,102.0578008,98.98043877,94.54227944
42.14175803,-70.41822799,2022-09-28T18:29:29Z,6.044315947,398.2412931,2a_2b,NA,Off_eff_transit,135,104.2455824,121.8271929,NA,96.88923154,106.1249559,110.5117599,114.2564418,113.3922723,116.8417466,112.9785515,109.7557088,108.7065733,104.6405638,NA,79.00199535,95.9024711,89.60719954,94.46212476,105.1766791,97.19588798,104.8112033,107.6847837,103.7199352,108.6271918,109.1181294,110.4900775,111.7771472,106.9305994,102.6720143,109.2871124,111.9852002,113.8100918,107.1927334,109.1608,108.0428435,106.1585444,104.0110307,104.4803524,104.8063689,103.4261573,103.4221916,102.5652983,99.04995167,94.80523041
42.14211702,-70.41803,2022-09-28T18:29:43Z,5.99466807,375.1495865,2a_2b,NA,Off_eff_transit,135,111.9967778,123.0306475,NA,96.94990349,107.3855922,115.0233739,114.8535775,115.726488,117.7270242,111.965469,109.6088985,108.7010581,105.2246566,NA,81.2234447,96.04743221,89.01492438,93.30783702,106.6008421,98.39639719,103.3655746,114.1461154,105.616491,108.9690671,109.9700009,111.0572529,112.7795676,111.6884518,105.6393666,111.6352538,114.4135717,112.3175544,105.7273336,108.5170671,106.8817701,105.5890059,104.3736365,104.4399063,104.2207989,104.1540896,103.3634057,102.9480421,100.0295337,95.46304451
42.14244098,-70.41784703,2022-09-28T18:29:56Z,5.846132855,357.1568269,2a_2b,NA,Off_eff_transit,135,114.5617774,123.6845031,NA,96.89102062,105.25939,117.2056948,116.7524702,114.4715087,117.9020669,113.6706919,109.4060392,107.3449639,104.3354607,NA,78.50100249,96.46174608,85.90170228,92.95193458,103.9508979,98.29900351,100.8249704,116.8865201,104.0041959,113.8040536,110.2591714,111.0436371,111.2320224,110.9594641,103.5162534,112.3551872,114.5123536,112.1018804,105.824713,111.7861784,106.4083037,105.3353642,105.0544307,103.2293208,103.2708409,102.6022087,101.7082628,101.9695684,99.25286501,94.7396067
42.14282203,-70.417641,2022-09-28T18:30:11Z,5.922263187,341.2765577,2a_2b,NA,Off_eff_transit,135,110.8431646,122.2693036,NA,100.4774038,107.4269797,114.4784762,115.0342114,112.8349647,117.4568937,111.3249488,108.6131893,106.5109477,101.7243635,NA,91.69309726,99.35140942,90.30383693,96.49672868,105.398755,102.0869181,103.7689954,113.5397961,104.8705757,109.827758,111.2528214,109.5025907,110.2250498,107.8457793,104.1285148,113.5966444,113.4534954,110.2690027,104.2201821,109.0564445,104.5903531,103.9013385,104.9462028,102.2726461,102.380996,101.9838889,100.6776711,99.34549788,96.75995047,91.84950025
42.14310098,-70.41749599,2022-09-28T18:30:22Z,5.880907011,333.6151016,2a_2b,NA,Off_eff_transit,135,112.6082975,124.1051066,NA,98.91223709,106.8657313,115.8203101,117.8616451,115.4820178,118.8608141,113.6878221,110.1983456,106.8146815,101.634742,NA,76.7662933,98.66822005,85.77293049,93.84807646,105.2230158,101.0985975,104.7720652,115.0036053,105.4992552,110.3401033,114.6279177,113.2789909,113.8056189,108.9192315,105.4634812,114.0051118,115.4563692,112.2147555,108.1487652,111.6108265,103.7230828,105.5364308,106.236652,104.289848,103.6491419,101.508341,100.2951312,99.43818272,96.51950836,91.12939256
42.14347104,-70.417267,2022-09-28T18:30:37Z,5.873500234,325.5796419,2a_2b,NA,Off_eff_transit,135,110.441563,123.4932031,NA,99.74908371,107.7934326,113.9705234,116.0580748,115.470661,118.8546277,113.7571857,109.9787269,106.2200613,101.1572941,NA,76.87207792,98.88547537,92.18377828,92.47108306,106.5377287,101.251666,104.3236021,112.964888,103.893065,110.371273,112.0828838,111.2384667,113.2710974,109.5497937,106.9804455,114.6934957,115.3412933,111.1865832,108.4018413,111.5950895,103.790695,105.440579,105.9758188,103.9659183,103.0015174,101.0933623,99.57009831,98.95915702,96.12912735,90.34799302
42.14379902,-70.41707598,2022-09-28T18:30:51Z,5.521819556,324.4952362,2a_2b,NA,Off_eff_transit,135,113.2994075,123.8547636,NA,99.07048316,105.4240559,116.3759563,115.9716537,114.5145933,118.8295869,115.3917909,109.7535802,107.432027,101.4961403,NA,80.3760721,98.26239437,91.00943263,94.09279895,103.9487734,98.7365893,104.531153,115.6976398,105.3637838,109.7660541,111.0512151,112.3898783,111.9615029,108.8194323,106.9459073,113.9942363,115.6925825,111.52308,108.5900734,113.4853351,107.0489162,105.0760972,105.4705547,104.3233745,103.844537,102.733614,100.9200768,99.42933038,96.23723144,90.56747164
42.14417998,-70.41685503,2022-09-28T18:31:07Z,5.608378851,329.3597979,2a_2b,NA,Off_eff_transit,134,112.4538551,125.8136329,NA,100.3666279,108.3575624,117.6923474,120.0831971,116.4100649,120.6353212,114.634913,111.1141574,109.0063857,105.1087852,NA,83.74079746,97.82459655,96.61282001,94.12399063,103.0302382,106.6118486,108.9663281,115.5891343,111.6677587,114.7842204,114.1764961,116.5975885,114.164799,110.3484685,108.3423416,115.8882772,117.4762832,113.2274522,106.7531521,112.4849935,108.2064115,107.1227652,106.096912,105.6797679,104.8028703,104.0833344,103.7520094,102.3123186,100.6352792,95.81953226
42.14445901,-70.41667197,2022-09-28T18:31:20Z,5.164852764,335.5722803,2a_2b,NA,Off_eff_transit,300,109.8586593,124.3852676,NA,99.89572996,107.586348,116.3543078,119.3265244,114.3931687,116.8895417,115.7926223,110.0497035,109.7914678,106.9330459,NA,83.73129871,95.53281214,97.74634293,98.8773371,103.6842964,104.1968555,110.4080981,112.3273358,111.795466,113.3991128,113.1875545,116.3274979,111.9151337,107.9396467,107.5847813,112.3780618,112.2489056,111.6984555,105.9102388,114.3176612,108.4693976,105.4341032,104.8900604,105.4865591,104.7368136,105.6941929,104.5400026,103.6917834,102.9560052,97.92565542
42.14459203,-70.41645102,2022-09-28T18:31:28Z,5.707967794,331.79004,2a_2b,NA,Off_eff_transit,265,111.4068718,125.7368546,NA,98.75171131,110.2555708,117.1485397,121.4630445,114.781713,118.1679917,116.9861157,110.6392639,109.7071906,106.8461398,NA,83.2282449,96.47871986,94.54326825,95.50704245,106.360913,107.7266611,112.4161122,110.2836334,113.7557354,117.5223064,116.9030902,115.380762,111.0779673,110.1322968,108.4173511,114.0493826,114.2192765,111.3856762,109.3360247,115.3584475,108.4713811,105.8708332,106.1183332,105.5994998,105.7986422,103.9998567,104.8223003,104.1590406,102.3296205,97.17652389
42.14456898,-70.41617601,2022-09-28T18:31:38Z,4.440395194,314.2330126,2a_2b,NA,Off_eff_transit,67,113.4086874,127.6793801,NA,101.1082834,117.2141186,117.8278413,121.273495,118.9055234,122.4590261,116.0559425,113.5399174,111.7420684,107.4841183,NA,84.71001157,99.77377173,94.93996288,96.48880615,116.8577135,105.6852955,112.1461281,113.3504593,113.5454505,116.2121341,117.6740948,115.2811648,115.1919804,109.4759777,115.5398162,120.4017159,117.6599825,109.0969879,112.9622847,110.5611492,109.6224911,108.9781582,108.8036924,108.5115229,107.2596804,106.9495875,106.6841698,105.1784142,102.3508996,97.70652076
42.14443202,-70.41602296,2022-09-28T18:31:46Z,4.810944115,294.9406624,2a_2b,NA,Off_eff_transit,67,116.1031944,126.8576529,NA,98.61838137,118.7826074,118.2878363,120.521268,118.1213039,120.4204612,114.7005339,111.3342906,108.6484725,104.859862,NA,80.23971937,97.62949853,91.38553163,98.67021077,118.6259074,102.8808939,108.4544889,116.9109957,110.5352037,114.2650466,116.4644475,116.2064486,114.2183324,107.2834129,115.2007894,118.2426152,115.8742583,106.7853538,111.6186968,109.2717629,108.157597,106.4015941,107.5229463,105.5346991,104.1052883,104.1313051,103.3508661,102.3093461,100.0716585,95.35708049
42.144241,-70.416031,2022-09-28T18:31:55Z,4.594935713,280.9452385,2a_2b,NA,Off_eff_transit,135,114.6768214,126.3622762,NA,100.7049488,117.6622684,118.4956144,118.2721445,117.9751333,120.6772001,114.7456565,111.0507497,109.7630021,105.592068,NA,79.98068543,99.61228583,94.0086079,98.97106457,117.4729792,102.3060111,102.8721886,118.0037692,107.5090997,113.0295336,112.8898091,114.414521,110.8377803,109.0567281,116.2900252,118.5030092,116.0174436,107.8247108,110.945058,110.0415055,108.6314215,106.5049822,106.5371808,105.7519068,105.6803886,104.9755671,104.1925585,103.2686679,100.5406043,95.67031152
42.14404704,-70.41619102,2022-09-28T18:32:05Z,4.920034664,277.2876113,2a_2b,NA,Off_eff_transit,60,109.3468263,118.7484359,NA,93.37224976,112.8220983,111.5393242,110.4257075,109.1214191,111.9154344,106.3735228,100.3991933,98.49221935,96.53801294,NA,78.28480015,85.70032449,92.39272421,107.3919766,111.0704201,99.40264411,110.4526014,103.5356756,99.53410161,105.2797752,105.487913,106.1478208,102.9582219,100.7312456,106.997468,110.510606,105.6122574,98.16006495,101.3928495,102.7033968,100.4019441,95.85418811,96.85160841,93.55949319,93.51876312,93.62619838,94.00303581,93.89466518,91.78526383,87.37172909
42.14381402,-70.41638204,2022-09-28T18:32:17Z,4.917176683,275.824601,2b,NA,Lower_dredge,60,109.8796312,118.7975212,NA,95.81128706,113.9446245,108.1541478,110.2824321,109.3123129,112.1335783,107.5415403,100.966857,99.92348828,97.97682208,NA,78.19379457,93.66149873,91.52983335,109.4669435,111.6726116,100.99538,104.1276635,102.6780219,103.2181333,107.2851224,102.9208087,105.2643933,103.7676303,100.2035109,107.0812762,110.4927679,106.3208677,99.32536106,102.6553603,103.8996656,101.3984571,97.25849512,96.40395182,94.47959837,94.81524276,95.34330077,95.27939571,95.31131646,93.21846208,88.92378683
42.14358503,-70.41651196,2022-09-28T18:32:27Z,5.375649271,273.4084516,2b,NA,Lower_dredge,60,112.881936,120.2731092,NA,92.97283072,116.3218329,112.8558292,110.9537715,108.7355193,111.9151709,107.5035656,101.2980009,99.97236808,98.27015207,NA,81.68817485,83.00794809,92.1362894,110.2471848,114.779424,103.4840082,111.5585111,105.4303508,101.7390944,108.0470273,103.8097945,105.6507318,104.0179256,98.42732783,106.2895124,110.2168278,106.3656734,98.44871352,103.3500507,102.990374,101.6862813,97.63092947,96.9324578,94.39863623,95.74860718,94.9151661,94.88311259,95.73534551,93.34160008,89.086301
42.14332997,-70.416649,2022-09-28T18:32:39Z,4.950846865,273.4024332,2b,NA,Lower_dredge,60,114.1193543,121.0215489,NA,93.13909852,117.7036973,112.8448672,111.7290963,110.1711563,111.5027485,107.2512589,101.8246928,101.0679228,97.6303846,NA,82.67569936,87.20231299,91.30316229,111.9660026,116.274278,99.04781336,111.0683385,107.2946287,100.4134621,102.6098134,108.30239,107.9948827,107.9041996,97.24981021,105.6810712,109.0654878,107.2445533,98.85451365,104.4038563,101.9185377,99.99246445,97.09822135,97.79046019,96.10982187,96.74601962,96.09528561,96.01096353,95.09049284,92.75614686,88.32267795
42.14304398,-70.41681698,2022-09-28T18:32:53Z,4.821342435,278.5460075,2b,NA,Lower_dredge,60,115.013892,120.0940539,NA,91.54281038,117.5460345,106.0353028,107.4840393,107.9528277,112.8468132,107.4068005,103.3751188,102.1773652,98.77694715,NA,88.03011368,83.46772243,87.55088176,107.9248923,116.8589828,103.2520722,100.9696303,102.0356509,100.6649559,99.67121361,104.5301433,102.6427061,102.7390601,98.27054222,105.6714264,110.1000279,108.8722373,101.1896133,104.9249282,100.8935783,100.6725134,98.01582161,99.99723002,97.34512581,97.36178479,97.92809718,96.86311185,96.27009108,93.98102015,89.07500035
42.14282203,-70.41697699,2022-09-28T18:33:06Z,4.189098137,287.7674918,2b,NA,Lower_dredge,60,111.4917085,118.8128691,NA,91.55014534,114.1353139,109.3658353,108.3011841,107.8811592,112.263256,108.872928,102.7317698,101.5775929,97.725733,NA,84.2440323,88.65802454,86.32512763,100.0774924,113.7530542,100.6647272,102.8127134,106.8575322,102.7420716,102.6481176,103.3110021,104.439376,104.2416001,101.6138372,103.0827028,109.2675808,108.0495203,103.0305549,106.8543463,103.0445436,99.30352977,96.51560952,99.49697259,97.29842377,96.82577065,97.30690093,96.21837433,95.39304896,92.62322201,88.00820321
42.14258197,-70.41716801,2022-09-28T18:33:20Z,4.308098331,301.8181203,2b,NA,Lower_dredge,134,104.0908514,114.4185473,NA,98.28731799,106.3817234,107.5738901,107.3839758,104.4657933,107.3472739,103.8560758,96.44109366,93.11259891,91.39185277,NA,77.64827585,84.95504527,98.04136532,99.46677537,104.3317968,98.75671783,97.84540083,106.5579483,97.66546061,102.0256602,102.5419736,103.1917583,101.3996278,98.90228931,98.05738033,103.174351,103.8212245,99.73827725,99.48828285,100.6435459,95.81419213,91.09887095,93.25129393,90.02003847,89.51803755,87.82527937,87.37695199,88.8892936,86.5411958,81.8332806
42.14232598,-70.41735803,2022-09-28T18:33:36Z,3.951811355,318.3401866,2b,NA,Lower_dredge,53,109.512032,119.7593488,NA,92.72389515,112.6495262,109.022407,111.6529727,110.2671482,114.1005196,110.0479754,105.9359917,103.6357855,98.50154734,NA,79.49476917,88.75037759,90.1426151,111.9428672,103.3529418,97.77954433,100.3368167,107.4138396,101.4325853,106.3532638,103.7809086,108.9900134,107.5177398,104.9794666,102.6497184,107.910487,111.0745463,108.2730227,102.0952033,107.8786387,103.7205794,101.8308353,101.1750687,100.3653726,99.7441075,98.6987796,97.96532296,96.43661702,93.22320357,87.62958746
42.14217402,-70.41747303,2022-09-28T18:33:46Z,3.770536597,329.4504942,2b,NA,Lower_dredge,107,107.3227492,120.0503283,NA,92.35611111,109.4583637,112.0391811,112.2138757,111.8584323,114.7991173,109.1947272,104.8466997,103.0428423,97.4791269,NA,83.69393179,85.49331531,90.53832684,107.90447,101.9905237,100.3089672,110.479032,106.0835479,98.85373346,105.3136095,106.3181819,109.5260888,109.3607179,106.3070783,103.8679599,108.5548013,111.6121802,109.3089967,102.4045021,106.6222228,102.9526157,101.2673356,99.48079883,99.17204103,98.79588681,98.70973874,97.11139406,95.42548174,92.04506279,87.05225733
42.14207101,-70.41757202,2022-09-28T18:33:55Z,3.041089771,339.0901362,2b,NA,Lower_dredge,107,108.0683709,119.8113897,NA,91.09386664,109.0400953,113.0153265,112.126728,110.3570113,113.9663686,109.2797948,105.6768848,104.1993591,98.31202644,NA,77.80906653,86.09069811,89.13570655,105.8309992,104.393433,101.5768671,109.8952974,109.1088544,103.2561237,103.2654518,107.0319521,109.6134119,107.3651596,106.0453868,101.4063003,106.7814432,111.3120944,108.2164165,102.0001858,105.978144,104.6624845,101.6209554,100.3455696,100.6459915,100.2499682,99.16919009,98.72010493,96.46494417,92.67473711,86.96675835
42.14191804,-70.41768601,2022-09-28T18:34:06Z,3.437955469,351.3282779,2b,NA,Lower_dredge,69,112.9679463,127.1700089,NA,103.5501556,116.943975,118.4785105,120.9574322,117.8984553,121.7609894,115.8506077,111.5210358,109.1770483,102.4656843,NA,81.25413417,102.9829747,94.21475214,97.82589144,116.0318606,109.4281732,109.8988489,114.1333099,115.4124838,115.7735435,113.0494265,118.2409709,115.1623518,113.7514529,107.0659831,115.1171376,118.1918776,117.123925,109.504857,110.9642465,112.3187819,108.0405164,105.8095,106.036886,105.7827721,103.7965936,103.2014674,100.8551758,96.53415964,89.84241914
42.14174302,-70.41783898,2022-09-28T18:34:19Z,3.471517336,367.869515,2b,NA,Tow_dredge,343,106.8751337,125.4739561,NA,99.99374562,112.3371965,116.9912241,120.3234494,116.1051074,119.3980787,114.3971714,110.4571234,109.1044507,102.4848168,NA,80.23239089,98.90724077,93.23187814,97.85431648,111.1912645,105.2663533,112.4705106,109.3868135,113.7423245,114.1747902,115.1291248,116.9023605,113.3240423,111.8318059,106.0646661,109.8029584,116.1375927,115.6121131,110.3501439,106.3834152,110.9118159,106.606479,105.4831568,104.768099,105.4528991,103.9913092,103.2631817,100.7671931,96.68021586,90.54028245
42.14157899,-70.41798399,2022-09-28T18:34:31Z,3.536674451,384.12562,2b,NA,Tow_dredge,350,110.694258,125.6092319,NA,92.49148923,108.821366,115.6751936,120.9364678,117.9621327,119.2009833,114.7311766,110.3163155,108.6296647,101.8142428,NA,83.2511224,89.21044171,88.63101762,97.28693561,106.1631225,104.7045797,109.7788954,110.370536,112.1873595,113.9117854,115.665257,117.9652583,115.3131079,113.5138956,107.8548507,109.324143,115.4906489,115.9363335,111.4141197,106.9556197,110.3802375,105.8639165,105.3376354,105.4149548,104.9548886,103.9447847,102.2640882,99.78448209,96.45752428,90.95555226
42.14138797,-70.41803696,2022-09-28T18:34:42Z,3.836274197,394.800327,2b,NA,Tow_dredge,346,106.6343252,124.0208571,NA,95.18365756,109.0450985,115.7246228,118.228171,116.165257,117.1747542,114.6023291,109.9445506,108.0015611,101.9132777,NA,79.64427966,89.97234912,93.4499812,99.20889838,106.0788202,104.9675589,111.716389,109.813521,111.1186903,113.0578606,111.8250857,114.921425,113.1450364,111.8976585,107.1972484,108.0670368,112.7172332,114.3255127,112.1005095,104.590142,109.8937373,104.2176289,106.0674289,105.0362777,103.6381355,103.7037478,102.186712,99.99274887,96.3925723,90.77213098
42.14108303,-70.41805297,2022-09-28T18:34:57Z,4.402341304,408.5121723,2b,NA,Tow_dredge,298,109.7576226,126.0613823,NA,96.78549037,112.85412,118.1797612,120.1650387,119.0826481,118.5168421,116.3589354,110.3217624,108.1872386,102.3740078,NA,82.20875624,89.0805316,95.79194404,107.6735901,103.5258905,110.4877961,112.1591298,114.6906885,112.9826039,113.1087151,114.3449707,117.4988614,116.1748718,113.7816773,111.9382468,109.1383135,113.6287908,115.9997336,114.5546838,106.2593817,110.2010224,104.8696368,106.3443556,105.302855,103.9976516,104.1288967,101.7303029,100.4269663,96.86340605,91.41306693
42.14072001,-70.41803696,2022-09-28T18:35:12Z,5.23966007,425.2719552,2b,NA,Tow_dredge,99,106.8407406,125.4691537,NA,95.51621703,109.5244998,116.4930027,119.1201579,118.6953156,118.2578474,117.1968534,111.1897374,108.9389901,103.5516926,NA,84.23534839,89.34114293,93.86854064,102.5095714,107.369704,102.3641633,111.8813477,111.5196358,111.7566469,113.0054809,114.5888629,115.1741939,114.6665358,114.2901637,112.53122,108.4350296,113.7436009,115.5993183,115.5479812,105.6380068,111.1074214,105.5527399,107.8457842,105.4039377,104.9942231,104.5127122,102.6664467,101.3294242,98.62376529,92.52810971
42.14040401,-70.418015,2022-09-28T18:35:25Z,5.266854048,441.7984493,2b,NA,Tow_dredge,142,108.5476965,124.9852826,NA,98.18005181,111.5041517,116.9501274,118.8657537,117.504782,116.641556,117.1551314,110.3322347,108.3745731,102.3415614,NA,79.22933194,95.11219608,95.11599992,101.7435587,109.0147325,106.6974383,108.3459788,111.7531877,114.4311181,112.396602,114.0095141,115.3752493,115.0242699,112.5737583,108.0677046,105.9625992,110.6566509,114.852822,115.4040634,106.6229584,111.0175008,104.6074284,107.00544,104.6058178,104.421557,103.2891228,102.9608908,100.0145575,97.59251765,91.359802
42.140099,-70.41796102,2022-09-28T18:35:38Z,5.120474054,457.6012705,2b,NA,Tow_dredge,148,109.1485313,125.4548454,NA,96.63150934,115.3310806,118.7860353,119.5043202,117.3181463,116.3225192,116.1516105,109.0019762,106.5282158,100.4657758,NA,85.26558046,92.57607723,93.90633389,104.7813504,111.9246086,111.9157939,108.68453,110.6283624,117.5335875,114.3085675,113.7656994,115.8484758,113.8656483,113.5022579,108.5585177,106.1855017,109.5427201,114.7311173,114.3001689,105.8509071,110.1961142,103.0683246,105.8009677,103.2577332,102.9941338,101.0658697,100.88213,98.24651784,95.61853616,89.07260601
42.13976699,-70.41786203,2022-09-28T18:35:52Z,5.255539694,474.5209614,2b,NA,Tow_dredge,60,106.993304,124.9218009,NA,93.26989319,112.0336122,116.4383239,119.2691169,118.459027,115.5832916,116.6894392,109.1648251,105.8902057,98.78992945,NA,80.6140299,88.24081619,91.27452508,101.1383616,109.4656068,107.6568228,110.3790642,111.6739108,112.653825,114.7598527,114.2571928,114.4619086,113.7961565,114.5300529,112.5000922,107.4701485,109.0387277,113.5351353,114.9573986,108.1901883,109.4219628,104.2485286,105.1168646,103.6962249,102.3578517,100.4609071,100.2065397,96.43920575,93.85423859,88.65982012
42.13951503,-70.41778601,2022-09-28T18:36:02Z,5.586874316,488.8682591,2b,NA,Tow_dredge,140,107.306462,124.4587034,NA,97.75551923,107.8423655,117.0727754,118.6926277,117.7309468,114.7418671,116.5356869,108.8557376,106.6697599,100.0552747,NA,85.03057823,95.19591483,93.68758336,104.7399698,101.7207117,102.0951191,108.0588181,114.8670964,111.4302516,114.0261043,113.8002873,113.9348875,111.966179,114.4811002,111.9083658,107.5197664,108.1733944,112.4507626,114.3232881,109.6856971,109.3826944,105.3724089,103.8214764,102.6188706,103.575714,100.9971014,100.4482097,97.78914873,95.37164347,88.27838443
42.13920599,-70.41769397,2022-09-28T18:36:16Z,4.891688242,508.1924711,2b,NA,Tow_dredge,142,105.6591268,121.692633,NA,100.8349697,105.0215235,113.4223434,114.5348608,115.5463558,112.7551173,114.588831,108.23434,103.6427462,95.30652048,NA,81.62280461,98.89732781,96.2498722,96.2462567,100.3503075,102.2340555,104.2347926,108.3540392,110.9668609,110.5034968,110.0560738,108.482998,109.1722374,111.6866473,111.0896311,104.3966156,106.7694199,110.55145,111.9169924,108.4675442,107.917332,105.6506831,102.5085187,100.8070273,100.4219488,98.72965822,96.67549657,93.2506843,90.20137301,83.6595769
42.13897297,-70.41761803,2022-09-28T18:36:26Z,5.187396489,523.5101713,2b,NA,Tow_dredge,520,102.5460167,121.3514327,NA,101.342587,104.6655889,110.5907583,113.9607378,115.9251326,112.9482862,114.3921995,107.3869157,105.1499578,98.5703752,NA,79.92596782,98.05440955,98.5340193,98.09130743,102.1743802,98.01903671,102.3381632,105.5054561,107.9178204,109.7050236,108.4489068,109.3210825,109.2029922,112.7034768,110.8533171,106.1032522,107.9136203,109.7562813,112.4641154,106.9928351,106.8599114,104.1208079,101.8015534,101.405187,101.6295493,100.3842762,98.60668255,96.40938539,93.637289,87.07474329
42.13872897,-70.41754201,2022-09-28T18:36:36Z,5.418919259,540.6660349,2b,NA,Tow_dredge,118,104.8719846,121.9912726,NA,99.36488026,108.6353,112.369964,114.7604328,116.4212948,113.0244241,114.7391549,107.2243149,104.5957422,99.74992306,NA,77.93287595,97.25153193,95.1410167,95.79139421,106.3349922,104.18921,98.91419621,111.075688,105.6453196,110.2196977,110.1522377,109.5664787,108.9758497,112.2143656,112.8591846,108.1991555,106.0486039,109.7467857,112.737307,108.1296928,106.5292423,104.3217427,101.5450241,100.5889582,100.5046988,99.72179073,99.13826362,97.58266639,94.51365355,89.45323782
42.13845799,-70.41744201,2022-09-28T18:36:48Z,5.066033589,559.9911834,2b,NA,Tow_dredge,520,102.7237277,121.5572932,NA,96.65520011,106.1056142,112.6389366,115.6565397,115.8729445,112.9294382,112.3046029,107.0569321,103.8610495,97.98049212,NA,77.84502396,94.9502554,91.59026344,94.11823168,102.7507133,102.8712807,106.0203472,108.5755352,108.547586,110.9828178,110.8702784,110.8009422,108.1142614,111.7326813,112.3760189,109.6122167,105.4145626,108.4548558,109.5848924,106.0390094,105.9050917,103.6549036,102.2231189,100.3724649,99.7604414,99.54218041,97.68274818,95.41748717,93.50730598,87.46203291
42.13820603,-70.41737404,2022-09-28T18:36:59Z,5.054643056,580.0014211,2b,NA,Tow_dredge,248,102.8334896,121.3762222,NA,95.7398716,101.7748467,111.3456782,116.0376699,115.5180413,113.3246817,112.4509829,106.7324105,102.3472612,96.26520461,NA,87.96909663,94.07626762,87.53389746,93.50620227,94.41110011,100.0195021,104.7635347,106.2232647,108.0932215,112.7601739,110.9663925,109.4372451,108.3633377,110.5370083,112.418622,110.6865854,105.3014329,108.0612366,109.6442344,106.3526691,106.076584,103.6507787,102.0524632,98.97859495,98.94733696,97.54922667,95.60288607,94.09514532,91.50660491,83.97145268
42.13796597,-70.41731302,2022-09-28T18:37:10Z,4.805511493,599.8678893,2b,NA,Tow_dredge,283,106.0148495,122.1635481,NA,94.59048955,108.3518841,113.0911372,116.9231068,115.543645,114.9642904,112.0806301,105.2827223,99.57613392,92.08008823,NA,82.22199978,92.88748356,88.84618704,92.25289069,107.3755986,100.8259631,106.8955266,109.7954669,107.7400914,112.3818501,112.4466392,111.573961,108.076717,108.346859,113.5379161,113.5243008,105.4356209,107.2876529,109.6980536,106.1463072,104.3137885,102.4960409,100.4238638,96.9531459,95.86623194,95.36507054,92.48026142,90.03210554,87.02719508,80.11299396
42.13770303,-70.41725904,2022-09-28T18:37:21Z,5.232034357,622.7739121,2b,NA,Tow_dredge,60,106.4365385,120.6384776,NA,95.19245563,109.7585482,111.2680892,114.732296,114.6778149,111.5831377,111.5500947,105.8782567,99.44918261,90.62413749,NA,83.40760634,93.86953303,88.12148038,94.04840297,108.5943023,102.9454197,104.8301016,107.178006,107.0997797,110.2603758,109.4180222,110.1572209,107.1964593,110.0519382,111.4605396,107.8129886,103.932715,107.6948595,108.3757374,106.8466665,104.1018236,103.4600427,100.5020183,97.24492212,95.90534164,95.34444066,91.73273184,88.79522422,85.14012625,78.46408174
42.13735602,-70.41718301,2022-09-28T18:37:36Z,5.071542854,653.6398852,2b,NA,Tow_dredge,272,103.0616968,119.655181,NA,99.12631753,107.0859677,112.4687404,113.7905075,112.4592232,110.699978,110.8811433,103.4342051,99.48180501,91.36249024,NA,81.01047123,97.90707643,92.7311924,96.69677306,100.5341101,105.4577905,107.2270075,103.9360193,109.9560414,107.4092283,110.5948725,108.4266338,106.0655041,106.0333577,109.8060636,105.764643,105.2786988,106.633226,108.0949029,105.3594134,103.7388656,100.0921155,98.47471093,96.81049572,95.80654477,95.09454059,92.63813319,89.24710856,86.43628626,79.42007372
42.13708897,-70.41713004,2022-09-28T18:37:47Z,5.309814743,678.1657043,2b,NA,Tow_dredge,283,105.806252,119.7963222,NA,94.18179781,105.5147865,111.8376213,114.6664234,111.263692,113.2389954,109.8121587,103.6253155,97.73814717,90.3183925,NA,74.40745532,87.82148296,92.98007636,92.34386399,102.4628904,102.10997,108.3285429,104.6174106,107.4556423,105.4527053,109.112993,112.4606608,105.8288792,105.3858096,107.8490285,110.5215948,107.814778,105.7509028,107.0698065,104.3426354,102.4687505,100.8451255,97.3246646,97.39847755,94.73870905,92.78017266,90.27746683,88.23412174,85.19750498,78.98840644
42.13691697,-70.41706801,2022-09-28T18:37:53Z,6.42109033,693.2315944,2b,NA,Tow_dredge,283,101.9842981,119.9896039,NA,96.62650762,104.7250895,111.7986581,113.2477744,111.7462061,114.5658949,110.8876598,104.7347696,100.5818126,90.92496029,NA,81.63580918,93.38536598,93.56546547,94.75597581,102.4365296,99.62312039,106.3668865,106.3431103,108.1228377,106.0240661,106.944442,110.8538703,107.0316156,104.5157977,108.4955129,111.9122943,110.1499084,104.3639208,106.3497919,103.4372846,107.5937858,101.1813565,98.11165477,100.0643709,98.79791726,94.54546294,90.0146291,88.81289383,85.88221321,79.49740018
42.13667298,-70.41701504,2022-09-28T18:38:03Z,5.347612703,716.1340271,2b,NA,Tow_dredge,284,103.4753817,120.1793201,NA,94.71855416,106.7358598,111.6078412,113.3701039,112.4244387,115.076684,109.9677851,104.0761707,98.55431397,91.1218782,NA,82.08289549,91.70576777,91.20977415,93.55102686,105.2121708,100.6781836,106.9899843,106.0668882,107.3538573,105.9812008,107.7741096,110.7091939,108.9862638,103.1163436,108.7554969,112.1927711,110.3945414,106.690216,106.9096806,104.0159275,103.9729046,99.8666115,98.62645361,99.33343387,95.72859821,93.99642361,89.6323705,88.346915,86.69302634,81.59401686
42.13637198,-70.41700004,2022-09-28T18:38:16Z,5.013617602,746.3692235,2b,NA,Tow_dredge,60,106.1231832,119.6015144,NA,98.09484098,108.7917729,110.9508061,113.4699608,111.7389765,112.7620308,109.3878744,104.0914904,99.30907162,89.4770115,NA,94.54734216,89.63903465,94.28030754,94.02491489,108.3427994,96.91080316,105.15811,107.6841909,105.1863108,108.5412871,108.1018161,109.3583836,109.3835794,103.9424702,105.7620632,108.9776272,108.6892807,105.5526964,106.2889833,104.2491005,102.4801995,100.483149,98.92843719,98.23698702,96.83604163,94.16634194,90.38631463,86.89172329,85.07560006,78.80348991
42.13608197,-70.41700004,2022-09-28T18:38:28Z,5.229539565,776.1825829,2b,NA,Tow_dredge,109,103.7578136,118.8810922,NA,93.40348325,105.6412711,112.7599707,111.1658989,110.7129035,112.3123812,109.1725774,105.2311742,99.62195107,90.2103329,NA,79.96978393,90.21646702,90.16658976,94.72256828,103.8428753,99.75963398,109.2639244,106.4621944,107.7892463,104.5366518,106.8806614,107.2925923,107.8702488,103.5530753,105.3069034,108.8673735,108.1866382,104.3773601,104.9768829,103.9776491,104.1843406,100.5125445,99.51958532,101.1880104,96.95248799,94.58595717,91.25240397,88.43939002,84.65691649,77.72914384
42.13576899,-70.41700004,2022-09-28T18:38:41Z,5.209606967,808.5638488,2b,NA,Tow_dredge,107,101.8301789,119.0344347,NA,91.14189649,103.4846587,110.6951163,112.8670068,111.8135425,113.2261306,108.3746795,103.9576652,99.60311183,91.05926162,NA,79.81801565,84.39879531,89.68246939,92.68330164,101.2347411,98.5520919,106.2182526,103.4301579,107.2807067,107.947844,105.769597,109.7040519,108.5234836,107.2262039,104.4485724,109.0685139,110.0135161,104.651284,104.2924218,104.1969537,101.939105,100.5899529,98.47545572,98.04863583,97.17667382,94.26218907,90.92888929,89.26813052,85.61348245,78.26721124
42.13546003,-70.41700004,2022-09-28T18:38:54Z,5.142693363,840.7159146,2b,NA,Tow_dredge,167,100.392975,118.925263,NA,91.94624966,104.3345757,110.5976098,113.4926229,111.8874867,112.0553664,108.1831141,103.6850399,99.33840487,90.41869035,NA,81.09167639,88.56756471,88.55988169,95.25370639,99.46155474,101.7446716,102.6390765,103.4248678,108.7149975,108.0197399,107.748028,110.0246764,109.4677035,105.890841,104.3374938,106.4496521,109.3658584,104.7646807,105.0371938,103.8979994,99.72314435,100.9565443,97.31089473,97.41463219,96.92764511,93.74111219,91.11057565,88.48087943,85.1617091,78.33446523
42.13516197,-70.41700004,2022-09-28T18:39:07Z,4.961260952,871.8901686,2b,NA,Tow_dredge,109,104.7550517,119.0403142,NA,93.07623391,102.8914159,111.9405786,113.7218913,110.8887943,112.1617901,107.8096743,104.7924033,99.93542425,88.29615455,NA,78.83642287,92.01824498,85.59347911,96.55508578,99.94470269,97.04374454,108.1450982,104.9932114,107.7468356,110.3086897,109.0061388,106.8749138,107.6923811,105.7224055,104.24604,106.6614583,108.9563208,105.9667163,104.1480731,103.385007,101.0030341,100.7245453,100.3366576,98.76515291,98.50470948,92.25933692,90.34569382,85.64859937,83.37467454,79.58165395
42.13489199,-70.41700004,2022-09-28T18:39:19Z,4.868353132,900.2466613,2b,NA,Tow_dredge,283,104.6234771,119.0390407,NA,91.97471386,103.4124978,109.7484563,114.7202349,110.9469859,112.5973411,106.9798374,103.8848077,97.59633542,87.61611648,NA,77.50319442,89.56176456,87.89157482,93.87202443,100.9194904,98.53922785,106.3322664,104.0378349,104.159381,110.8626837,108.5569259,110.1197717,107.2077414,104.8719401,106.1370242,108.0448077,108.8455385,106.1753784,102.84774,102.9754419,100.3266887,100.4882629,98.74264787,97.62319085,94.86476427,92.64108929,89.27997493,84.43932007,83.17879704,79.62556155
42.13463198,-70.41701504,2022-09-28T18:39:30Z,5.119483621,928.0295038,2b,NA,Tow_dredge,201,100.914171,118.726009,NA,91.98911093,106.1681832,109.4402698,112.7456869,112.4627198,111.8029229,107.7182527,104.8376476,99.42123479,87.34880972,NA,81.90960331,87.32280177,89.47355803,98.48392742,101.3674412,103.144698,104.0194405,103.6728265,105.9527666,108.7192031,106.5040871,108.3889933,107.6055649,106.7741094,108.5194097,107.6002772,107.8120792,105.2487074,103.7158819,102.0723408,102.8979081,102.0075776,98.33290933,98.90621072,97.3725246,92.83134963,91.37451817,85.12583924,82.30244703,76.78123962
42.13440299,-70.41702996,2022-09-28T18:39:40Z,4.960832943,952.595259,2b,NA,Tow_dredge,200,98.06475189,118.3739361,NA,96.73589762,104.0483478,110.3109058,111.5379068,111.8803036,112.1671466,107.1442004,104.3710249,99.50753366,87.90660938,NA,79.91293166,95.23301538,91.07745136,95.26824053,100.1281172,100.6955394,104.8856123,104.7207269,106.717958,106.1664945,107.0597305,107.0167772,107.4431769,106.5933311,107.2459518,107.6110952,108.4692848,105.6491613,103.407807,102.8642243,100.2347079,101.4731432,98.78540525,97.60461936,97.44919698,93.0698605,91.27866046,86.06974489,82.49964165,75.46156272
42.13412899,-70.41701504,2022-09-28T18:39:52Z,4.944869489,981.2669007,2b,NA,Tow_dredge,296,102.8175165,118.7861589,NA,91.40399196,106.2423541,110.8486021,113.2367778,111.4632635,112.1086734,106.5739897,103.9760077,98.17677918,88.90841836,NA,83.51074384,88.06205681,87.13649414,93.4868845,102.8075442,103.1755708,105.2029259,104.9880514,107.5517438,108.5790663,107.9756544,108.8005954,106.7970751,106.5600874,106.715661,107.1615524,108.4001345,106.1596895,102.8362578,102.1529186,99.91429976,101.0907814,98.34208534,97.24164085,95.13363356,93.01701692,91.16445979,87.28354061,83.13954352,75.64803016
42.133858,-70.41703801,2022-09-28T18:40:04Z,4.896210111,1010.599295,2b,NA,Tow_dredge,109,100.7508595,118.5708574,NA,92.87861729,105.2893857,110.5833747,111.9600476,111.54091,112.3345811,107.5521951,105.4605411,97.62478827,88.62592071,NA,79.7748427,89.78510028,89.51142457,94.02218438,103.0473886,100.4553502,106.4271248,105.4326926,105.5042306,105.7829772,107.2070091,108.2348908,105.8834897,106.8513561,107.4352061,108.0443932,108.0493535,106.3969716,104.0610105,101.9689304,101.960067,103.7331431,98.3200232,96.76371678,94.74737462,92.22448055,90.54915922,87.29472522,81.98250397,75.38330054
42.13362498,-70.41706801,2022-09-28T18:40:15Z,4.604713818,1036.093912,2b,NA,Tow_dredge,284,99.011603,117.6223473,NA,92.2615066,102.045692,108.0391212,111.1279987,111.8449746,111.5526008,106.0988637,103.9530633,97.17621837,88.04947163,NA,79.81310367,89.61743991,88.27233216,92.94258629,99.38685678,97.29503538,103.1784563,102.2438666,104.1685251,104.0088858,107.1691925,107.1914952,107.3768114,106.5614614,107.2399089,106.7612244,106.8973918,106.6828286,102.5018779,100.6496256,100.5397685,101.188413,98.33410943,96.89066404,94.24049038,92.00196837,89.90737478,86.59829345,81.60649996,75.62492134
42.13334997,-70.41707598,2022-09-28T18:40:27Z,4.960200607,1065.600229,2b,NA,Tow_dredge,60,100.668868,112.9311216,NA,99.3940745,105.0338982,107.04375,103.2757938,100.8300543,105.1107019,102.6510664,102.3737973,95.19234133,84.95680772,NA,84.2126417,84.05626402,99.12726917,85.87416006,103.4259275,99.76589078,103.5368564,102.5988535,99.93698341,98.01806624,98.69790427,98.75951394,97.08493713,94.20964712,96.39402684,99.46048328,99.8260927,101.461264,96.52931641,97.00080906,99.49504363,100.8734264,93.92294458,94.11303723,92.94087459,89.07366013,87.23684403,83.50050353,78.05106143,74.04120537
42.13308703,-70.41708402,2022-09-28T18:40:38Z,5.173772467,1093.874471,2b,NA,Tow_dredge,109,103.081011,115.5680048,NA,92.25083044,102.033265,109.300788,108.0535174,107.9562218,108.3416248,105.4219232,103.4428306,97.47796753,86.67923117,NA,85.43333634,89.12986594,87.08656173,88.77343478,96.86303,100.1538365,108.1816591,99.18091949,100.4364368,99.44723018,103.9853749,104.7768221,105.9445167,101.2252541,99.95552192,101.6092296,103.5485381,104.932549,100.8327715,99.28663008,101.5382196,101.0878382,96.64697003,96.65335834,95.17278324,91.80928353,88.96268431,84.85820563,80.88738964,75.65418631
42.13288503,-70.41709098,2022-09-28T18:40:48Z,4.372449712,1115.645403,2b,NA,Tow_dredge,108,103.4963649,115.6957109,NA,94.72920082,106.0538724,109.1198414,108.1039808,106.9320655,108.7389963,105.6939359,101.9129865,96.53635958,84.7689823,NA,81.4333277,88.41815571,93.2986309,89.15012772,105.4647864,96.32512989,107.7215998,102.1486365,97.8365702,101.0926284,105.0411827,102.9753977,104.3363111,100.441746,100.464493,102.9179766,104.0627482,104.7328131,102.3581662,98.03514376,101.3127936,98.24583118,96.96800505,95.89104443,93.74425708,92.00059732,87.41181976,82.66015661,79.27515241,74.87273553
42.13268998,-70.417137,2022-09-28T18:40:59Z,3.89523069,1137.522998,2b,NA,Raise_dredge,109,104.4836743,116.6552743,NA,93.67991049,107.0719189,109.4035883,109.3783058,108.3141203,109.1578372,106.6988377,104.9187292,98.67837694,86.30241499,NA,77.86631253,88.95870725,91.71847909,91.53683739,106.4357428,97.41837146,108.0494403,100.4853945,100.8520893,102.0782465,106.7587498,103.638893,104.5232698,103.5564438,102.2564927,103.0287402,105.0427315,104.8219046,102.702059,99.60361598,102.7883569,102.7299509,98.18861227,97.55657384,95.8461599,94.35514793,89.07323098,84.79446985,79.71075729,75.00360643
42.13248798,-70.41716801,2022-09-28T18:41:12Z,3.384044571,1159.834057,2b,NA,Raise_dredge,2813,99.96941537,115.8838576,NA,87.88443723,103.2768158,105.2496735,108.5457389,108.3093617,108.8207289,109.335798,103.8297132,97.76154075,86.40488358,NA,80.99064713,83.33236308,84.36754596,91.66777118,101.2733911,98.05527279,101.4349862,100.1031407,99.70263136,102.2037186,104.9264628,103.7734626,104.9482801,103.8370375,100.9032839,101.4940424,104.4829704,105.3200421,103.118371,99.78994868,107.4652911,101.6298351,98.07687267,95.01979547,94.78549337,92.92169468,90.01292736,84.84418223,80.0895885,74.74792087
42.13232403,-70.41719098,2022-09-28T18:41:22Z,3.566767106,1177.904267,2b,NA,Raise_dredge,108,103.1813599,115.6237619,NA,89.42879524,98.81675301,109.5351024,109.2182891,106.6046994,108.8937094,105.8474487,102.295812,96.20434223,85.21144326,NA,81.39290956,87.15519876,83.41479792,91.39641557,94.89629042,94.98061236,108.1064639,101.4722957,100.4732278,101.7591375,106.1034489,104.4346838,103.6518989,100.9630341,100.0396312,102.272294,103.372545,105.8992915,103.0180023,98.45446299,100.5673241,100.0401124,96.27451317,94.20359043,93.39790338,91.16464736,88.31606729,83.28072939,79.49962759,74.77666252
42.132133,-70.41721302,2022-09-28T18:41:34Z,3.457291144,1198.870979,2b,NA,Raise_dredge,2813,98.56880324,116.4817184,NA,95.6058033,101.6948277,107.8423963,109.9523271,107.6325427,110.379083,108.0745471,104.831446,96.60304726,85.33965943,NA,80.16562152,94.60322045,88.09948267,93.92436836,98.83045044,96.68926829,102.9930547,103.8464725,102.221941,101.925686,107.419769,104.4906853,105.0799347,101.5915131,100.5462921,104.6291517,105.3676573,106.5963113,102.3213192,98.25091766,106.0678181,102.0502312,100.2769039,95.71395417,94.27654974,90.97851916,88.09112099,83.54765375,79.33867501,74.7327319
42.13195799,-70.417252,2022-09-28T18:41:45Z,3.489370119,1218.473404,2b,NA,Raise_dredge,1277,105.8091555,116.5134966,NA,95.57425556,100.4738372,106.8890655,109.4175111,107.8947525,111.906919,107.1694292,103.9259041,94.99112772,84.75667809,NA,83.73986708,93.34937967,90.82902735,93.4878553,98.29487693,93.35952385,100.9538702,103.8278556,100.8834152,103.4542737,106.560563,103.0102743,105.9542041,100.761124,100.1184172,103.2821377,103.5047769,110.4698222,101.0358192,98.01804714,105.1960828,101.7731894,98.62159077,93.74934173,92.32568285,89.30316191,87.7506386,82.75842696,79.10452393,74.6088498
42.13176303,-70.417282,2022-09-28T18:41:57Z,3.538388717,1240.041314,2b,NA,Raise_dredge,108,102.0880447,116.8898078,NA,92.94914517,105.7924757,108.2395002,109.0608769,107.2279214,110.4500907,110.5300689,102.5934927,97.84622908,86.65638868,NA,75.80185457,91.37294044,87.49882429,91.44499783,105.1103667,96.15072819,106.4037596,101.484526,99.49803617,101.0963879,105.3747365,105.2126564,104.5166321,100.6907351,101.0732292,103.919061,103.5496395,108.0359485,101.6630661,100.7457398,109.3672574,98.79443948,98.83271957,94.69903174,94.64419508,91.81203555,92.19790641,85.31552241,79.80654758,74.37131214
42.13161802,-70.41731302,2022-09-28T18:42:06Z,3.530079575,1256.264195,2b,NA,Raise_dredge,60,104.4156593,116.6269086,NA,93.13349326,108.133887,108.719969,108.3960098,107.5559006,110.4619565,106.5835721,104.0165367,99.7627543,88.67819151,NA,82.86897775,90.41155566,88.83405169,91.5836697,107.480368,98.83699177,106.843265,102.2005963,99.79198079,101.0714556,106.1066445,101.9092133,104.9246122,101.0266508,101.2114287,103.7812497,103.5805165,108.0977614,101.2807531,99.64089097,103.5983324,101.0926546,99.45339243,95.48585109,95.09386308,94.7328096,95.13672742,87.32369954,82.04969407,75.71864479
42.13140101,-70.41734302,2022-09-28T18:42:20Z,3.371738542,1280.217319,2b,NA,Raise_dredge,108,104.9227938,115.8410615,NA,94.11540523,105.4515472,110.3293909,108.8943143,106.4787681,107.8736102,105.7318636,101.2243121,95.37919191,86.88520739,NA,79.33947662,90.40701734,91.44694773,91.49590233,104.7438628,95.8712834,109.0649911,100.6663869,101.9286545,101.7019433,106.6243303,102.2426984,103.6659798,100.8353674,99.57616507,101.7906262,102.2997271,104.6540687,100.9383205,98.14334441,102.6703294,96.08906816,98.57486282,92.98953448,92.50696017,89.64748924,88.73684045,84.75336863,81.91021475,75.32717673
42.13126799,-70.41736599,2022-09-28T18:42:29Z,3.224322266,1294.995926,2b,NA,Raise_dredge,107,105.3051819,116.4966524,NA,93.0307291,105.2037599,111.2271566,107.7083355,107.1788096,108.3343478,109.1218923,101.6278532,94.27487619,83.78822124,NA,83.78214899,91.99937729,82.69197287,90.56830613,104.7083513,93.86158171,109.9218907,100.4000339,103.7051597,100.5876198,104.4491679,102.9430671,104.3514472,101.0418947,100.8912515,100.540197,102.0901973,106.0894376,100.9256026,97.56157254,108.035574,97.56570078,97.76289211,94.56963288,92.27432806,88.5526015,84.33293124,81.24071535,78.96898673,74.36140447
42.13112298,-70.41738099,2022-09-28T18:42:38Z,3.496723658,1310.911503,2b,NA,Raise_dredge,108,106.5516871,116.1798705,NA,96.55044528,101.4942941,111.8357914,109.0993029,106.6695163,107.6770485,105.5716294,101.4594131,97.00562544,86.23207488,NA,90.55024434,87.10927789,94.57880366,92.47684231,99.37595688,95.65429321,110.8065335,101.7506012,102.3645593,102.4240082,106.6298171,102.4973495,101.0696751,101.7168677,102.7427,101.5899071,101.62802,104.713679,100.6767616,99.24277282,102.0371691,95.93822948,98.51800576,94.71330299,94.4583604,91.46405921,89.16970894,84.28355373,80.83354746,74.8663848
42.13097404,-70.417397,2022-09-28T18:42:48Z,3.233096554,1327.276233,2b,NA,Raise_dredge,106,104.0974253,116.0769518,NA,98.47332051,101.2678753,110.8814196,107.8751864,107.0584789,109.8601815,105.9197872,99.98942923,94.33248181,84.43398812,NA,86.16507138,87.85398871,97.79053189,92.00543019,98.22874213,97.12020813,109.0450576,102.793908,103.6572265,103.5101593,103.8500439,101.6441895,103.0910864,102.4546553,101.0804185,102.283138,103.3460156,107.6572703,99.95587829,98.85258982,103.3254069,96.02793836,96.14358371,92.68117576,91.32034445,89.07468181,87.39048511,82.5311619,78.53641162,74.3277185
42.13089399,-70.41738904,2022-09-28T18:42:53Z,3.47376759,1335.752239,2b,NA,Raise_dredge,108,107.3702782,115.9779332,NA,90.03521224,102.5322023,111.8677996,108.1948436,107.1056887,108.1823575,104.6575824,99.24831653,93.77074378,83.10168451,NA,78.78123554,84.53713191,88.11810751,94.00962019,99.74394675,97.75990666,110.3965676,103.4304165,103.452753,103.3426654,104.3578853,102.3359921,104.4649572,101.527264,99.62923044,102.7010807,102.7791049,104.5044676,99.8009575,97.34604266,101.5368267,94.49387855,95.60986689,92.91643754,91.87630431,87.38782684,84.68843006,80.62366574,77.93484653,74.25763186
42.13073004,-70.41742701,2022-09-28T18:43:04Z,3.272378609,1354.170854,2b,NA,Raise_dredge,107,101.6994249,115.1412046,NA,96.09216043,103.5831846,108.5530995,107.9641297,106.9933812,109.1937478,103.6554504,98.57254081,92.67567028,82.55669136,NA,84.2451033,91.49702214,93.78236814,93.10965867,102.0804864,96.65437523,105.4308835,103.290659,101.8782092,101.1197365,104.2555072,103.616251,104.6189505,99.68986417,100.7059845,103.2332595,102.51361,106.4507363,99.58006416,97.86017638,99.03905707,94.78456534,94.31392938,91.72976574,90.20158502,87.54053659,83.73939737,80.08033915,77.25020478,74.0151123
42.13059199,-70.41744201,2022-09-28T18:43:12Z,3.746136564,1369.35492,2b,NA,Raise_dredge,1278,101.4124522,115.7717558,NA,94.7034934,105.4283164,109.1459974,108.6769377,107.5875836,109.577668,103.9286288,99.10130104,94.48224772,82.71932187,NA,82.88006921,90.88026379,91.86052306,97.60141211,102.9350515,99.77164423,106.4294956,103.3395656,102.2074014,101.6798419,105.6621948,103.4604601,105.3786503,99.67020397,101.3377288,102.0553482,101.9939108,107.6977881,98.59648847,97.26686171,100.8427012,94.34044069,95.07736811,93.41416377,91.55990016,89.30933029,87.17472811,80.58030779,76.78622889,73.9848849
42.13037901,-70.417526,2022-09-28T18:43:24Z,4.001391411,1393.951872,2b,NA,Raise_dredge,106,101.6423096,114.831768,NA,95.50074658,101.5846337,108.1840613,108.8234912,107.6653004,106.646616,104.6639109,98.79316698,93.85425408,83.7106248,NA,82.5628812,94.65701748,86.49507721,91.59413722,98.73879997,97.38798576,106.5841165,99.74461423,100.3568795,102.509428,104.316119,104.9737637,104.8874488,101.6842451,101.0939173,101.3854242,100.6316363,103.1971004,98.2723563,97.3890439,102.3219213,94.15573959,94.72769624,93.01065105,90.68314289,89.04297024,86.59360517,81.97077476,76.97673899,74.42788789
42.13020299,-70.41760303,2022-09-28T18:43:35Z,3.640385872,1414.429043,2b,NA,Raise_dredge,107,100.3590817,115.3221683,NA,97.0599158,102.5716912,109.1101524,108.9346958,107.0077002,107.4541391,103.9435704,98.4084044,92.71422736,81.97173269,NA,94.47888796,83.18231058,93.15697553,92.31686795,101.2013137,95.03432728,105.478403,104.848474,101.9394444,100.6188412,104.503058,105.8559837,104.5933012,99.69970359,100.820631,101.1625809,100.5703424,104.9374463,97.41124862,96.51792284,101.7025078,94.25117894,94.79893353,90.97275786,90.26157342,86.99979288,84.84233879,79.24256222,76.67319162,74.31040005
42.13000903,-70.41766397,2022-09-28T18:43:47Z,3.59123157,1436.53187,2b,NA,Raise_dredge,121,99.09214889,114.5748142,NA,92.68880964,101.9778753,108.8684395,107.5901407,108.3523397,106.5285078,101.8714668,96.52920159,90.475269,81.07784017,NA,87.56363416,87.56311874,88.54961466,91.81734762,100.4548687,94.97563696,102.0208836,106.6891799,101.6077448,101.0771388,103.201671,103.7470518,106.6628753,100.6146914,100.2251875,101.1738774,101.9251471,102.1167875,97.69493152,96.05086682,97.3855857,93.08152229,92.080676,89.29057223,88.06294976,84.76385491,82.4547707,77.86875338,76.19319283,74.03638408
42.12980703,-70.41775499,2022-09-28T18:44:01Z,3.291874014,1460.085894,2b,NA,Raise_dredge,118,98.09964437,113.9433261,NA,95.57649309,98.6055851,107.3214551,109.1348306,106.5890875,105.5341869,101.5630716,96.24397594,90.06066802,81.12197206,NA,83.83210349,93.69706281,90.11517334,91.22937173,93.02374734,95.93316774,101.1892095,104.9646989,99.75547159,103.7191658,104.8659019,104.4295494,103.8668913,100.9416511,99.45084457,99.38698711,100.0834063,102.2748203,96.7872032,94.94608379,98.08651905,92.85722759,92.01045366,88.39899996,87.72596185,84.02263871,82.28378901,78.09152853,75.99404395,74.0282183
42.12959304,-70.41783102,2022-09-28T18:44:16Z,3.192349249,1484.643752,2b,NA,Raise_dredge,1268,99.22484925,113.4857419,NA,91.68344554,100.1261981,104.9354842,107.9370666,105.405869,107.5014322,102.271722,95.81581925,89.25665215,82.55907948,NA,88.35971873,87.54329051,83.42545917,89.37881239,96.89507309,96.56662047,101.7652248,99.80126314,98.18811398,101.1855076,102.3336304,105.0426563,102.4168419,99.01040761,99.6907575,99.78927823,100.4029125,105.5332663,98.22993476,95.93098536,97.99428745,92.85910457,90.99373108,87.97328597,86.10964856,83.96307365,82.67961241,80.23694208,77.03555335,73.82476217
42.12945599,-70.41794602,2022-09-28T18:44:28Z,2.910782984,1501.674526,2b,NA,Raise_dredge,105,96.83783938,112.7240043,NA,91.18820067,95.69635282,106.0519094,107.028028,104.8885167,105.9862916,102.1622547,95.58956735,88.49653509,81.96116437,NA,82.45474358,87.65222216,87.45304702,88.49594078,90.82802695,92.5404045,103.341927,101.3747598,96.97102206,99.51768078,103.1706838,103.1684957,102.8849021,97.64396,97.46449704,98.4796881,99.8041679,103.6323079,98.38859021,94.94257888,98.08302591,93.03428755,90.6178279,86.60974854,85.52574898,83.09638139,81.65701681,79.37082336,76.61103582,73.93401091
42.12921501,-70.418144,2022-09-28T18:44:45Z,3.591873198,1531.585385,2b,NA,Raise_dredge,118,94.8933836,112.2273771,NA,91.03482322,98.74986515,104.6733994,106.8547299,104.4724538,105.2083958,101.5512609,96.00804376,88.17308287,80.95500621,NA,80.90301384,87.50727552,87.65418204,90.69549119,95.72086252,94.13599458,100.0852508,101.1078147,97.94345034,100.227356,103.9187761,101.2316864,101.5735396,98.87435302,97.72488083,98.55613404,99.81380207,102.1551353,98.42574321,93.82233138,96.92181212,93.65706073,90.28417948,87.77907743,85.70013745,82.4364755,80.4067527,77.80649939,76.00269316,73.87628056
42.12898602,-70.418388,2022-09-28T18:45:01Z,3.94718185,1561.226096,2b,NA,Raise_dredge,107,99.69882179,112.0939438,NA,89.89692813,98.91807671,106.1015268,106.2467562,103.7259976,104.7766136,100.7000208,96.02219665,88.06594912,81.27983166,NA,76.82437892,88.51149711,83.39633036,90.3628493,95.466652,95.03343416,102.5982394,102.35079,97.30823409,100.2889825,102.2558921,101.6551999,100.6610761,98.33080659,97.1011186,98.27093409,99.98565495,101.2563011,97.6548385,93.60265403,95.59816009,94.03516233,89.42549924,87.73107572,85.30788368,82.35534818,81.11092497,78.13286058,76.41837608,74.04471266
42.12881897,-70.41859402,2022-09-28T18:45:15Z,3.499093076,1583.521542,2b,NA,Raise_dredge,60,100.5020163,113.0084199,NA,92.71533127,104.5630005,106.4380656,106.6756215,104.3131412,105.4600861,101.0737047,94.80779902,88.84308998,81.30758721,NA,81.52695454,91.62100053,84.37897693,89.9434794,104.0016224,93.94510378,102.309929,102.9746555,98.56005732,99.36150573,102.8785922,102.666161,101.1159609,99.06092665,97.78981649,98.75081294,100.7086299,102.0096124,97.59038258,95.53872624,95.41971767,91.92656978,89.14755078,88.09747884,86.53189493,82.99978533,80.66881031,78.44307686,76.14759782,73.81520666
42.128738,-70.41878496,2022-09-28T18:45:26Z,3.208886232,1596.364777,2b,NA,Raise_dredge,105,99.36581421,109.5943706,NA,86.99900911,100.7613223,106.3124964,101.3058792,98.80155298,100.1035822,95.55651452,88.39034635,81.69591294,79.49904718,NA,75.99765155,83.15700835,84.05537794,85.96796078,97.78669366,97.41443471,103.8591516,101.6406822,95.8806424,97.74874425,95.87950825,95.65949912,92.71291766,94.33356363,94.78341128,95.04370682,94.58571764,96.20401374,91.17788803,91.28815978,89.72089467,84.38802859,84.38771722,81.49173308,79.02082675,75.79381988,74.770079,74.87848633,75.25023592,73.9544749
42.12870003,-70.41904396,2022-09-28T18:45:37Z,3.851724022,1606.292108,2b,NA,Raise_dredge,60,95.4273662,108.6202661,NA,87.86592791,100.7154032,103.9325767,101.0103899,97.45741838,100.5514024,96.82312508,89.70255274,83.90233792,79.36740992,NA,81.39014769,83.18194315,84.24862256,87.00437392,98.36680723,96.45755467,101.6754849,97.66325894,96.21721778,94.7869745,95.94589112,97.54097583,92.22230528,92.20000907,93.50407655,93.21408044,94.64343537,98.02409202,93.3398665,91.32461541,91.13122854,85.78095665,85.22827327,83.46320096,81.17553648,77.3154343,77.82641012,74.85335107,74.99218562,73.85722448
42.12870799,-70.41922803,2022-09-28T18:45:47Z,2.958999228,1609.776639,2b,NA,Raise_dredge,60,94.72635184,107.6721335,NA,90.30611853,99.82419527,102.5451122,99.53486143,97.80484756,99.94975566,95.8731101,89.00356867,82.47627735,79.45325736,NA,74.22724309,86.86923622,87.48374198,89.71528146,98.52660265,91.88585018,97.81003018,98.72655875,96.50343618,94.49774328,93.80397852,95.75925171,92.77610837,92.93225138,93.37047716,93.52554733,92.07911612,97.79525465,92.41883153,90.57192594,89.91372106,85.04547075,84.4962779,82.87417173,79.91661601,76.75520959,74.96777313,74.92295058,75.25729373,73.72017682
42.12873104,-70.41932702,2022-09-28T18:45:59Z,1.387554079,1609.71607,2b,NA,Raise_dredge,60,94.51377713,107.9841494,NA,87.4906371,100.2545603,103.3027568,99.80554588,97.13060404,100.0583908,96.52422754,88.47532227,81.78488478,79.23324352,NA,81.64413839,83.8783845,82.32634311,86.71090636,97.05678747,97.03885877,100.0393126,98.18110772,96.74310721,95.09388511,94.99799451,95.0104933,91.68333932,93.35748032,91.83267046,92.86697492,92.4700547,98.08496169,93.62817699,90.70412887,90.043343,84.89747659,83.58347081,82.22372808,79.41818067,75.1608754,74.85045126,74.58735486,74.91897475,73.80586932
42.12877697,-70.41937304,2022-09-28T18:46:12Z,0.95248199,1605.971542,2b,NA,Raise_dredge,101,96.20161906,109.2461463,NA,89.65025864,99.7613132,105.5702988,100.856233,100.6925077,99.61777943,95.39562791,88.88757174,82.97093673,79.39621117,NA,80.28741409,86.00680112,86.20191684,86.40498666,97.44675829,95.40744951,102.4713246,100.5017114,98.55517513,94.15046954,98.12477594,94.89312203,92.78602245,98.96420878,92.90323432,92.34366135,93.55197168,97.14031676,90.77218546,90.02749457,91.01382576,85.64995492,83.92635685,82.0353669,79.84323518,77.45914971,76.63069774,74.95975078,75.00769422,73.8040117
42.128796,-70.41938804,2022-09-28T18:46:22Z,0.476984154,1604.324593,2b,NA,Raise_dredge,538,100.5676124,109.801831,NA,88.23708294,100.1223664,105.6118299,100.3756191,103.868215,99.31330909,95.23591679,88.50725526,82.5272187,79.37596063,NA,77.50142206,85.53930278,84.01516921,84.39148461,98.33762377,95.03957842,103.5050466,97.08487275,99.48550809,94.84824107,95.7187332,96.14718184,93.9121272,103.0677036,92.14952276,91.54844865,92.57346992,97.24316967,91.94320362,90.57927095,88.00594854,84.26658414,84.13507343,82.62249679,79.49720305,76.92715356,76.08452938,74.98044758,75.04943721,73.64552038
42.128796,-70.41938804,2022-09-28T18:46:33Z,0,1604.324593,2b,NA,Raise_dredge,117,97.06429458,108.4755648,NA,94.83621189,98.1869029,105.3136292,100.1328673,97.64692001,97.86363613,95.45993046,88.88472198,81.46829544,79.24628439,NA,75.11883943,89.23474249,93.37318115,86.47515269,96.55678296,92.0878585,100.8956064,101.3226492,99.10651558,94.67564386,96.07914037,95.21357641,92.53481215,93.82598713,92.07118294,91.7371482,92.21229122,94.71061674,92.11421383,90.01582348,89.46830993,85.22745517,84.76277049,81.48826704,78.69572062,75.81341487,74.47650221,74.68643141,74.85783481,73.80991449
42.128796,-70.41938804,2022-09-28T18:46:43Z,0,1604.324593,2b,NA,Raise_dredge,117,93.25496097,107.747451,NA,91.77940643,99.58741523,103.2386685,99.58946577,98.28231325,99.0318506,94.75245049,88.57194368,82.61675504,79.51186708,NA,77.52411791,89.63809505,87.24118474,85.27515112,97.63987967,94.69722581,97.01951577,100.4742832,96.89436077,94.01718856,94.47709217,95.76641901,94.57256778,93.70973143,91.8126967,91.86495206,92.52333155,96.70016129,91.50258211,89.54891601,88.2759142,84.46642757,84.12360456,82.59265574,79.58982792,77.3496336,75.72468575,75.12508458,75.12896333,73.84644674
42.128796,-70.41938804,2022-09-28T18:46:53Z,0,1604.324593,2b,NA,Raise_dredge,107,95.77375486,109.0540385,NA,89.5560067,100.6366486,104.7373116,101.6911876,99.71482543,99.19987544,96.32749111,90.06591305,84.3855725,80.57004703,NA,79.05921703,82.78158592,88.01098819,86.80179668,96.66755142,98.10062551,100.4805123,100.8756238,98.03658797,95.13124263,98.39531211,96.61903135,94.73067123,94.37821641,95.6251673,94.13544337,93.78201862,95.23358652,92.58672122,91.62736997,90.1036786,86.44675875,85.06747808,84.02901239,81.05667477,79.45425127,77.69170895,77.03153333,75.88290451,73.94286872
42.12889499,-70.41944898,2022-09-28T18:47:05Z,1.962259951,1595.362054,2b,NA,Raise_dredge,57,102.9006343,110.8130914,NA,85.93180101,106.0389494,104.471267,103.1740041,100.9602281,100.4608701,96.61576352,92.93725849,89.24278006,84.03820214,NA,74.18781705,83.35711792,81.73328375,93.2937087,105.0707433,97.70291447,99.54645745,101.3276736,97.33498969,96.71884359,97.92720159,99.94136412,97.2601413,95.92202344,95.1094753,93.74713427,95.66197199,97.04731507,92.68007905,91.99151081,90.61505,88.60779688,87.34512215,88.44021034,86.1490749,83.88992898,82.6265385,81.75752881,78.80107374,74.41667623
42.12900898,-70.41949499,2022-09-28T18:47:15Z,2.574743116,1584.477329,2b_1,NA,Off_eff_transit,58,102.6520203,109.72002,NA,88.23527792,105.5193136,102.4445419,102.3778054,99.71464508,99.27536078,95.32964639,89.89589434,83.68932222,80.66435455,NA,80.05744287,81.90986812,86.12271617,87.54890934,104.8783558,96.35629024,94.41955095,100.5123018,95.48817905,95.75256016,97.16161568,99.20485404,97.37423063,93.22817438,92.54856104,93.06250107,92.4889125,96.68879473,92.41306266,89.55904453,88.83755098,85.30735454,85.26507598,84.7822745,80.41850979,78.52995245,77.19717033,76.7527307,76.43170817,74.01625325
42.12919598,-70.41949499,2022-09-28T18:47:26Z,3.678583743,1564.744005,2b_1,NA,Off_eff_transit,57,96.91625257,109.938369,NA,91.5759147,101.6502423,104.5025447,102.8159,100.1871391,102.2086628,97.55536215,92.359277,87.39811292,81.49329252,NA,80.11812646,90.68425125,82.14959619,89.79858753,100.2136672,95.00183658,100.4173228,100.067496,98.4727115,99.05357571,95.54681996,98.74830978,96.9555212,94.24120762,94.50891468,97.35366781,94.60838569,99.19198786,93.42677375,92.96641127,91.80233799,88.14998273,87.11263531,87.43586833,84.48655121,82.05141132,80.33257318,78.46925011,76.55035044,74.07415192
42.12940603,-70.41934999,2022-09-28T18:47:36Z,5.106242764,1538.865502,2b_1,NA,Off_eff_transit,107,96.56264064,109.5319021,NA,88.29883107,100.3957297,104.5497224,102.3471621,101.3468021,100.6165149,96.61937702,91.4613507,90.22979559,83.5355357,NA,74.74324004,85.76830576,84.29217091,88.20824969,97.74927968,96.37131595,100.9234659,101.3746743,93.82995899,94.63870791,99.59137682,97.12312307,98.09262976,94.26747021,96.5501761,94.48453645,94.86133983,97.52356293,92.42162925,91.4995155,91.56083802,87.14337705,86.81596701,86.03815509,86.64879923,85.76586389,83.32178417,81.18818175,78.24408651,74.39341522
42.12963101,-70.41910599,2022-09-28T18:47:47Z,5.679660705,1508.93288,2b_1,NA,Off_eff_transit,117,96.97125149,109.3480589,NA,89.3097816,101.6309571,103.6396965,102.2325591,100.1816905,100.9631763,97.32716056,92.30059509,88.04569747,81.36746062,NA,76.19000869,88.07284636,82.30030026,89.63181891,100.5852915,93.41704438,96.63507883,101.9566396,94.50187318,95.36484957,99.35651364,96.68243997,97.89964285,93.81366218,92.68437151,96.86004249,95.11184372,96.41994924,93.23142957,92.6421656,91.64972173,88.34923014,87.42718119,86.64355052,85.4513623,82.58175486,80.23509027,78.19046175,76.63136824,73.98694751
42.12977199,-70.41880801,2022-09-28T18:47:56Z,6.302398226,1486.704496,2b_1,NA,Off_eff_transit,58,97.23161607,109.433426,NA,91.01303006,102.6347713,102.5598091,101.9696811,100.3176809,101.4444036,98.31627154,92.8178026,89.20046085,81.85370903,NA,78.51117297,89.09023932,85.80611992,88.76137502,101.3473,95.97044816,98.60211496,96.76400159,97.80656048,94.64096087,99.68304165,95.47914861,96.52486144,95.47517026,94.37515805,96.71723263,95.2690794,97.69772369,95.05266366,92.3309705,92.72990299,88.73696266,87.72435602,87.58522751,86.38294058,84.10931969,81.44436419,79.18798879,76.40725173,74.24364988
42.12995497,-70.41832698,2022-09-28T18:48:10Z,6.196934564,1456.108972,2b_1,NA,Off_eff_transit,60,97.75590182,109.8655331,NA,89.3904238,103.9507893,102.699296,101.6106065,100.376162,101.7187191,99.30184279,93.69687987,91.1770062,82.86686413,NA,74.70410436,87.75860615,83.85000937,89.42847064,103.0039412,96.00800252,95.94197076,100.0617289,96.57674402,95.02706151,98.60031193,96.08827396,95.77678745,96.38585548,94.42819899,97.08871373,96.40933611,97.29579361,96.10159159,93.82805723,93.06492821,89.8453314,89.14779992,87.44845144,88.38267846,86.21749092,83.08920283,80.26852407,77.76878245,74.36161003
42.13003501,-70.41800704,2022-09-28T18:48:20Z,5.418591082,1440.639769,2b_1,NA,Off_eff_transit,60,97.01419437,109.5946962,NA,89.52876236,102.6419151,102.7242184,100.3848001,101.335988,102.7997885,97.69100067,93.85506237,90.0336486,82.22748132,NA,79.38970406,86.80725576,85.19634492,88.18364823,101.7670176,94.30425416,96.84956726,99.79085084,96.38881518,94.68865978,95.56024265,96.41995924,97.54503277,95.8423237,96.10737095,98.81237014,96.43373377,98.48008545,93.63046593,92.29876563,92.72187885,89.19816428,89.29470081,88.73859757,86.92169545,85.25349414,82.56022852,79.15445856,77.70753814,74.10216797
42.13010802,-70.41761803,2022-09-28T18:48:32Z,5.366296396,1424.96484,2b_1,NA,Off_eff_transit,58,101.0644628,110.2106869,NA,88.70531127,104.7388051,103.0394922,101.4204046,100.505588,102.8481334,97.9796105,93.67041275,90.48413918,82.12278351,NA,81.85968749,82.58303223,86.10134238,85.89937596,104.2914337,94.02376686,96.92806606,100.4278705,96.2013313,95.33093675,96.31889697,97.90411013,96.62395638,95.01616326,95.39627604,99.44882554,96.01409531,98.10558224,93.38006042,93.00577634,93.2312053,89.20032588,89.24216721,88.17305737,88.03721213,85.12476909,81.93394176,79.09995748,77.40947298,74.26148728
42.13015404,-70.417252,2022-09-28T18:48:44Z,4.964818266,1413.226988,2b_1,NA,Off_eff_transit,58,98.55162126,110.5020823,NA,87.54565091,103.2750829,102.4206307,103.9454618,103.1403863,101.9620965,98.8447605,94.59816478,90.36039364,82.70852311,NA,76.55873328,85.0935795,83.00794089,88.90402101,101.9561536,96.80391466,97.10043639,99.08248635,96.2695958,96.65150018,98.39363039,101.2293044,98.78315365,98.39934596,97.87776102,97.47158454,97.08822113,96.99815855,94.81989636,92.87583352,94.2999748,90.53347509,90.01076054,88.74848095,87.33329873,85.47047469,82.85443654,80.10320477,77.60972566,74.23191277
42.13021103,-70.41690096,2022-09-28T18:48:56Z,4.805671932,1401.109519,2b_1,NA,Off_eff_transit,286,98.18539281,109.8090947,NA,86.05604252,100.1506341,101.3706432,104.9084651,101.4332818,102.1441794,98.19736386,94.11972136,88.18732246,80.8426227,NA,77.40908125,82.16904515,82.6346709,90.30660757,98.13304551,94.43094674,95.57489676,97.04344345,97.02321511,97.52910174,98.74150887,102.5085241,97.84909983,95.92147432,95.91753583,96.87852441,97.23037894,97.94166026,93.76397505,92.56893639,93.83308446,90.23993307,89.56178542,87.93281958,85.60793697,82.76434549,80.25458568,77.40314703,76.16797694,73.98592242
42.13012302,-70.41667197,2022-09-28T18:49:05Z,4.598823911,1407.149301,2b_1,NA,Off_eff_transit,60,97.1276501,109.963011,NA,88.2156622,101.4137163,102.8264467,103.7812857,102.8246615,101.4474542,97.27477957,93.47295562,88.4353417,80.92196102,NA,76.74111644,85.11906114,84.63661565,87.92031735,100.3581432,93.74456812,97.92692338,99.13728646,96.78364535,99.36204671,99.38134652,98.18161338,99.89789649,97.62651657,95.57005905,95.78136897,96.89581116,97.22371892,93.8793716,92.08916787,91.06658158,88.35849405,88.80528543,88.9213446,86.19277633,82.7182282,79.74582544,77.54833398,76.22680728,73.95187221
42.12995103,-70.416504,2022-09-28T18:49:15Z,4.595283407,1423.516114,2b_1,NA,Off_eff_transit,60,96.12365736,110.2438308,NA,87.72001655,100.1697087,102.2231711,104.1179292,103.0714497,103.429444,98.18534262,94.09142313,88.39853633,80.63396062,NA,77.34709571,85.62487277,82.35810503,86.11580823,98.57998796,94.43823439,96.37192585,98.4557169,97.27539668,97.92548739,100.0707438,99.75147799,99.9389649,96.75658646,97.54689096,97.45738422,98.31777331,99.85398948,94.24431581,94.00811547,91.49479055,91.38395812,88.06914244,87.39530188,86.04265247,82.56578606,80.37503857,76.9235248,76.01196894,74.24100785
42.12975296,-70.41647298,2022-09-28T18:49:24Z,4.794216947,1444.760502,2b_1,NA,Off_eff_transit,60,94.09817576,110.0567058,NA,88.81584365,98.6884222,101.4465377,104.3339814,102.9012374,103.4484584,98.63851139,93.71708101,88.12673888,80.97211297,NA,77.93683717,86.33019577,84.30735205,86.889139,97.05817938,92.61345234,93.9695935,97.39715663,97.75711097,98.38983188,100.33779,99.73857449,98.7925049,96.63257891,98.64867334,98.38344774,99.28021792,98.29843989,94.54895264,94.22250998,92.5878522,90.54949155,87.60529469,88.07837362,85.52468267,82.44730333,80.68641353,77.99180132,75.87993721,73.68933818
42.12959697,-70.41655697,2022-09-28T18:49:31Z,5.192268483,1462.98152,2b_1,NA,Off_eff_transit,106,97.39234355,110.7604825,NA,88.07645883,97.80961286,104.1000305,104.8178537,103.1565911,103.2494482,100.2834369,94.50400029,89.28466463,81.82620416,NA,74.0227489,84.72522434,85.05249176,89.88514268,95.5841068,91.60627675,101.2272069,99.73980226,94.80044477,99.68402348,100.1321844,100.3005712,98.64404302,98.00113988,98.48542596,98.93161942,97.9239248,98.52052863,97.1388065,94.8938814,93.82703893,90.74111993,89.235971,89.01035266,86.53583329,83.42880979,82.49250259,79.12997815,76.49692743,74.11439427
42.12948197,-70.41674799,2022-09-28T18:49:40Z,4.387066376,1478.263375,2b_1,NA,Off_eff_transit,286,98.51682588,110.7825114,NA,90.98551792,96.91976281,102.470761,105.2888315,104.4093418,103.0682287,100.0762026,94.59872943,88.93578746,81.51167395,NA,78.78769776,87.55341726,87.85180635,87.36772612,94.90075567,91.08504564,98.14180065,97.49842951,97.42183429,96.68282004,98.65814726,103.3838673,98.46104007,99.89827239,100.3410187,98.50313803,97.62453078,98.69054986,96.46101101,95.90136968,92.69143548,90.86126313,89.05539717,89.34154093,86.02565627,83.34651182,82.20385086,78.7324338,76.25427679,73.93330211
42.129429,-70.41699199,2022-09-28T18:49:49Z,4.533346023,1487.720159,2b_1,NA,Off_eff_transit,57,98.37285956,110.8567108,NA,88.66912355,102.7140837,101.7533344,103.8719167,103.0825181,104.2449783,100.934367,94.08010641,89.58446303,83.09011847,NA,78.02032252,87.6052065,79.84692211,92.09728715,101.9687249,91.2233043,94.74973794,98.75751149,96.50960208,99.7938131,98.75003865,98.66495856,99.41103606,96.89034674,98.27152541,100.1855102,98.97776812,99.15788632,98.72164106,94.87744169,92.73234953,90.19553486,88.66176879,88.9085844,86.41240552,84.58054594,82.64523326,80.50372199,78.08429264,74.32638899
42.129486,-70.417282,2022-09-28T18:50:00Z,4.377027867,1486.233655,2b_1,NA,Off_eff_transit,172,93.93779691,109.1126848,NA,87.14994764,98.33382507,102.0756584,102.1836632,101.1623683,101.9284894,99.48855953,93.95074197,89.00051983,81.05452105,NA,83.16658487,79.84029426,83.3259215,90.26869064,96.72642431,90.1868916,97.74433816,96.10147209,97.85572563,95.06086564,96.76114135,99.3363826,96.72400944,95.17316965,97.05404836,96.93199307,96.10689498,98.17950187,95.58636716,94.64638835,93.71928093,89.54457153,88.98831943,88.98131312,86.716953,82.53157841,81.63558187,77.68071379,76.39397542,74.02578224
42.12959697,-70.41740396,2022-09-28T18:50:09Z,3.442051855,1476.297765,2b_1,NA,Off_eff_transit,58,97.22802253,109.4142132,NA,89.64237254,102.9560491,100.6567404,102.7651083,100.2515567,101.7148391,98.45181072,93.80174538,89.70010991,83.41615822,NA,83.03420253,84.81366066,86.20034157,88.25518219,102.6175953,89.09392867,97.51447809,96.03411676,92.96196879,96.29671127,98.44123744,98.83959598,96.84949773,94.89396645,94.26375573,94.97857135,95.00964034,99.30729581,94.69929038,93.54853461,92.52059194,89.16650279,89.93860662,87.69717711,86.52394577,84.31026102,83.31092046,80.94742664,78.23331092,74.56910168
42.129803,-70.41751896,2022-09-28T18:50:21Z,4.020925028,1456.05455,2b_1,NA,Off_eff_transit,60,95.29723704,108.6146677,NA,88.26755139,100.8104481,100.0160051,102.51138,100.8075268,100.2856915,98.40021263,92.46265983,87.41123676,81.20210484,NA,77.26156701,82.90064938,86.26141915,88.11639052,99.99154087,91.53194555,95.57844802,96.45636446,93.01449657,97.83123268,95.54957907,99.12301512,95.72882443,95.75310134,96.5728027,96.28402406,94.64617057,95.45920463,94.58452155,92.39763212,93.63240293,88.17235436,88.06049315,86.69081485,84.78168119,81.28965068,80.63203255,77.85922616,76.57736176,74.03722402
42.13003904,-70.417641,2022-09-28T18:50:34Z,4.207858776,1432.850579,2b_1,NA,Off_eff_transit,105,94.9085172,111.8771497,NA,88.61314363,97.46394352,104.2600573,104.6544022,105.8046353,104.8421382,102.0656924,97.48694899,91.37395238,84.11527336,NA,77.57538176,81.8714378,87.12267942,89.38050678,95.49660857,90.66136483,100.1586059,98.87235712,99.33677777,99.64315319,100.7305915,99.11724714,101.4744581,100.0051715,101.4628559,99.59120631,100.3045126,100.2800023,97.26091227,96.85228335,97.72616413,93.55891076,92.87421142,91.45800138,88.89871688,85.56314198,83.73100448,81.93861734,78.56249943,74.75080707
42.13022998,-70.41780897,2022-09-28T18:50:45Z,4.484767729,1415.606282,2b_1,NA,Off_eff_transit,135,94.69403417,111.6230977,NA,90.57345661,97.83956702,102.789786,104.9552384,105.0235858,105.8189213,100.568967,96.86466384,91.17281629,83.42019269,NA,78.25107784,85.34050238,88.64681741,88.9230019,96.52580487,89.06829666,94.52133414,99.54366794,98.55822388,100.4054034,100.6344542,99.41864317,100.9192474,99.04416266,100.5740668,100.028183,102.875212,99.41131799,95.6815935,96.24034513,95.43142187,92.68757894,92.60945104,90.71021774,88.61997225,84.96240992,84.29354173,80.43052653,78.96282335,74.85987158
42.13050096,-70.41804501,2022-09-28T18:50:57Z,5.817284937,1391.50821,2b_1,NA,Off_eff_transit,274,94.57687713,111.7352011,NA,87.70435281,97.36383905,101.9749657,105.5163442,105.8975857,104.9179315,101.2405748,97.82763217,93.12216888,84.94004076,NA,77.88051219,83.4177052,84.89087345,88.86114209,95.55940179,90.34833457,94.23550989,96.67228368,99.27287054,99.54163631,102.2740741,99.88353612,100.5003436,101.367774,101.448863,100.493839,100.4400997,99.42506211,97.78862521,95.7395433,95.4987768,93.05659887,93.89466672,92.01649539,90.23044046,86.76876332,87.18080532,82.49326502,79.92040556,75.5817487
42.13076801,-70.41839596,2022-09-28T18:51:13Z,5.043213538,1371.061627,2b_1,NA,Off_eff_transit,135,101.5025036,111.6665353,NA,90.10894817,93.55492482,105.519491,104.1879772,104.7390898,105.2029216,101.1544063,96.22886323,90.5858956,83.29944258,NA,84.59840392,87.17162208,83.3388429,82.82058698,91.81368589,87.46185597,97.44209381,103.8211178,97.77190894,97.75742835,101.1328875,98.62294019,100.9396305,100.5161772,97.85429445,100.9421031,100.404169,99.88449501,95.53625832,96.83517714,96.66685418,92.64157436,91.77165645,89.32256383,88.01910188,84.53226993,83.55551027,80.21689869,78.87374594,74.98183803
42.13103497,-70.41868597,2022-09-28T18:51:28Z,4.94545005,1350.011687,2b_1,NA,Off_eff_transit,135,99.34989347,112.0846171,NA,89.79015667,100.3086844,103.3887074,105.5954456,104.2149389,106.208428,102.1435081,97.59895413,91.07170054,83.74823235,NA,80.53808155,84.96744926,87.20799138,81.70913231,99.97989537,88.02503285,94.49511087,101.9624907,95.17585804,100.639845,101.0239549,100.8003106,100.34567,99.59758308,98.09546917,100.535538,102.7410748,100.6661363,98.34563797,96.41331306,97.13539395,93.02441987,94.00730997,90.90040241,88.59835973,85.00962789,83.78016808,80.99055805,78.94209567,75.19052616
42.13122197,-70.41896802,2022-09-28T18:51:37Z,6.745847491,1337.867152,2b_1,NA,Off_eff_transit,59,100.4649854,109.8710832,NA,83.33518492,103.5809436,101.8060055,102.9740913,101.0617344,102.1408391,98.37744755,93.30721998,88.4580681,82.30633674,NA,73.48851333,77.96932739,81.15795443,87.58901274,103.3498945,87.83710554,96.51913491,97.87381928,96.57161564,100.4128066,97.05380393,95.75468854,97.32356975,96.34529889,94.85639359,98.16003169,98.2050171,95.06551964,93.38683327,93.31482932,94.07571564,88.72391483,88.80697437,88.03674872,84.83670072,83.01922689,82.92640937,79.62585383,77.07071956,74.37515584
42.13140897,-70.41917397,2022-09-28T18:51:47Z,5.224612841,1324.144157,2b_1,NA,Off_eff_transit,59,101.7503839,110.168785,NA,90.16745113,104.4731293,102.9099938,102.2786076,101.1714593,100.1102472,100.1796679,95.55028327,89.4026697,83.23511135,NA,79.12573111,84.35251962,88.35763991,85.78584717,104.2772685,89.32574073,95.15134062,96.78091251,100.6083521,95.27075571,99.80009012,96.00228289,98.05135043,96.15280595,94.12957657,93.80520747,94.68286707,96.9159442,95.94712895,94.25939006,95.82403521,89.80907433,91.39202676,90.9850911,86.65347562,83.61834556,82.52103698,80.84618319,77.70789335,74.78888738
42.13156496,-70.41930397,2022-09-28T18:51:56Z,4.408967825,1311.761221,2b_1,NA,Off_eff_transit,59,98.19072558,109.1863354,NA,88.05385713,101.499493,101.9441234,102.5006235,99.72023636,100.9796491,99.07372676,95.26634705,90.37687636,83.96602808,NA,77.39752575,78.00154145,87.16662372,86.17476245,101.1224325,88.80849806,93.82477608,97.6672875,98.68616107,96.58678327,99.44251276,96.46701872,94.93226521,95.59058358,94.21583163,95.64109865,93.76823023,98.11826096,94.49458804,94.26390776,94.1416212,90.51201201,91.35196318,89.40496655,86.82869799,85.53664185,83.99730171,81.59356103,78.85978447,74.4703968
42.13201901,-70.41967001,2022-09-28T18:52:16Z,5.723536617,1276.485383,1,NA,Lower_dredge,107,104.6303073,110.1697149,NA,89.4710403,97.01062808,107.6691711,100.9115575,99.2743383,98.49893865,98.6606293,95.71270567,86.97644413,81.57308291,NA,76.9973554,85.53523457,86.79005863,88.95303491,94.45883,91.60341332,106.9507396,98.20833628,93.6073774,94.55095705,97.18520271,96.28756752,96.38751373,94.1480318,91.78870161,91.90644098,92.33769878,95.81330951,94.9685348,92.668565,93.72561493,91.47625915,90.67664701,90.61755492,84.22845423,81.30581354,79.94068193,78.27243446,77.07985937,74.05201174
42.13234297,-70.41986799,2022-09-28T18:52:28Z,6.413679942,1250.223758,1,NA,Lower_dredge,107,93.80032803,107.7289794,NA,91.64264225,95.7214244,100.7789398,102.5577129,99.059027,97.81977808,97.9211463,94.99383056,86.10790307,81.0781748,NA,79.33834083,88.44312183,88.29367491,84.55638895,93.64617076,90.54173233,96.75318092,96.11300423,94.97411449,92.45637881,100.2837815,97.47017342,95.50419234,94.61148588,92.06488707,92.60005942,93.44290221,93.06187533,93.35382252,92.93277964,93.15299659,90.5761197,90.85122532,89.02765113,82.97261161,81.44104688,78.48196009,77.62730054,76.50917419,74.06701852
42.13264103,-70.42005901,2022-09-28T18:52:41Z,5.493089421,1227.009334,1,NA,Lower_dredge,156,93.75845972,107.9092172,NA,90.10306971,97.16977384,101.6163765,100.7221257,99.40779671,99.95225121,98.38860713,95.02140311,85.29475843,80.38705318,NA,81.46922804,87.96595717,84.11163755,92.5630846,93.41934413,90.82731145,96.09623311,95.91761188,98.15077725,93.5773418,98.02951995,95.02076138,93.11204743,94.42692775,95.91789767,93.10163343,92.27497543,97.89557038,92.65004085,94.22467882,93.82762144,89.40250027,90.94750526,90.26384335,82.28754989,80.06524078,78.29841723,76.50979346,76.02778528,73.88917808
42.13289601,-70.42015096,2022-09-28T18:52:53Z,4.759447513,1205.013577,1,NA,Lower_dredge,100,94.93594499,108.6885015,NA,90.09497516,96.83542277,103.8305589,101.8732552,99.6264619,98.71433378,98.58040482,95.94484537,87.51590668,81.48443379,NA,79.54791917,88.44411207,83.67545917,89.51200917,94.83500817,89.48113043,101.3671483,98.30115618,95.67645957,94.25531435,98.40452778,97.63695267,93.13396783,95.8735664,95.12048213,93.0697638,93.11947969,95.26225608,93.88547555,92.28249905,94.87678419,90.20517794,91.75195828,91.41620405,85.60383978,80.90378288,78.91378348,77.46420419,77.1074546,75.26359783
42.13316297,-70.42021902,2022-09-28T18:53:05Z,4.899177207,1181.243093,1,NA,Lower_dredge,60,98.67024926,109.1931146,NA,91.28741024,101.8964762,104.1665634,102.0127923,99.07506636,98.62490907,97.75806268,93.02546554,85.24008801,80.98071855,NA,78.66645437,88.93695132,86.88969042,88.79069026,101.509469,87.50079554,101.1985378,99.11200123,96.78702646,95.98178575,99.17654118,95.63296414,94.19977561,93.61221221,94.98906044,93.89878485,93.68930729,93.96816826,93.6568783,91.82966046,93.26886319,88.37189682,88.91489715,87.32967021,82.20348659,79.51849319,78.9544695,77.36682855,76.27830613,74.52606796
42.133499,-70.42031097,2022-09-28T18:53:20Z,4.946307425,1151.999499,1,NA,Lower_dredge,60,100.7000646,109.2653129,NA,89.05205484,103.712503,100.896255,103.3111127,98.61743171,97.50180933,98.74733557,97.10156402,88.80681425,79.82434804,NA,75.62052773,82.94152984,87.56307872,87.29948589,102.7267404,96.2706138,95.54222805,98.35634422,92.69551959,97.14198209,98.62561658,99.52731902,94.15625951,92.87533759,94.36287066,90.20230649,93.45844004,93.73035633,92.44677203,94.52911567,94.62455521,89.65342359,92.85095093,93.57785319,86.70682685,83.32055812,78.83588339,75.53078474,75.55498041,73.8683853
42.13377401,-70.420387,2022-09-28T18:53:35Z,4.049763968,1128.491092,1,NA,Lower_dredge,60,100.7294486,109.6070798,NA,91.39286195,103.2974708,101.3809495,102.5273754,101.1989795,100.9900496,98.56159705,94.09239749,90.32629631,85.84539928,NA,80.65721895,85.44402964,89.59761073,88.40143928,102.9791587,89.12759363,95.73752565,98.38868663,94.90733469,98.69322629,98.0168024,96.19057789,95.53167746,96.56169303,97.05403524,97.91495862,95.44248799,94.58148404,94.12421116,93.67107543,93.55480224,89.9617444,89.0947572,88.8242222,86.14738691,86.48706106,83.44043469,84.12407044,79.07977087,76.51385619
42.13403301,-70.42041801,2022-09-28T18:53:50Z,3.750985607,1104.982643,1,NA,Lower_dredge,122,100.2377111,115.4867681,NA,91.00271377,100.3047395,109.9876688,110.0464416,106.8590633,106.6651556,104.9246654,98.4190106,97.45784056,93.7703484,NA,76.73703269,86.81155656,88.64886381,88.5768338,96.08416502,97.7432239,103.7053264,105.6957572,105.924895,104.2185346,107.2072045,103.4423591,102.1269959,100.5519209,103.1898165,101.3700124,100.7717236,103.1693991,101.0421896,100.8175439,97.99030643,94.28931414,92.9150651,93.63070084,92.22556162,92.31747961,93.4135764,90.79381956,89.44727024,84.79230583
42.13423502,-70.42043301,2022-09-28T18:54:02Z,3.648217916,1086.431719,1,NA,Tow_dredge,179,97.62783547,114.9411944,NA,90.57795343,102.1529711,108.2824026,108.9389595,106.8345641,107.4584209,103.8202059,100.2373778,98.24098855,95.37157986,NA,78.31047173,88.86706716,84.83138272,85.16196465,97.74972709,100.0572238,102.7116966,104.5417556,103.0551699,103.5323706,104.0046127,104.8606106,104.3105995,101.2926546,98.91955601,100.256299,101.3432602,104.9783791,99.46081841,98.28646993,99.3084382,96.91876202,94.77532202,94.21597854,93.84704933,93.06755965,93.45977211,92.52849626,91.11265041,85.59617854
42.13449502,-70.420387,2022-09-28T18:54:15Z,4.364851243,1059.909956,1,NA,Tow_dredge,134,97.85922071,114.4187771,NA,89.47500857,100.8722543,107.4578667,109.4623481,105.0325211,106.1476726,103.4081621,101.0801148,99.09836345,95.43585891,NA,74.97724048,86.98307879,85.50767771,88.19193676,99.90530087,92.5055782,100.8108131,103.7782214,102.9601238,103.7960833,105.6236515,104.4533899,101.3113544,98.91685646,100.2295859,100.7750903,101.0973534,102.1376053,98.68606445,98.45208445,98.76658737,97.64775443,95.37194138,95.51521094,94.53637545,93.60797031,94.75392047,92.39052356,91.40801738,85.78832287
42.13473097,-70.42032598,2022-09-28T18:54:27Z,4.332252175,1035.106251,1,NA,Tow_dredge,292,101.8978063,117.2949334,NA,90.86439863,105.7406293,109.6796921,111.5228119,109.9429751,109.6351573,105.1730965,102.22803,102.0548142,98.08287673,NA,74.88355951,88.48603076,86.8463565,95.10998253,103.1482419,101.3398284,103.9450455,104.5023707,106.0084024,107.6347262,104.8062708,107.3036673,103.3608052,103.9724762,107.1645662,103.6855027,105.0086971,105.6693273,100.7143049,100.082101,100.3862164,98.32121627,96.91203219,96.98797324,96.98504963,97.50914237,97.34025205,95.58934564,93.41230972,87.89072812
42.14843798,-70.41947203,2022-09-28T19:04:57Z,4.712993042,815.1901482,1,NA,Tow_dredge,199,101.0032498,117.3235915,NA,92.31419281,102.6399056,107.2948056,112.1129678,110.7012541,111.3881245,105.5131862,99.60785645,94.8071448,87.87697949,NA,75.68909107,91.83258923,81.51616958,87.53847089,102.2177609,90.54521574,98.05931616,104.2171786,103.1880849,108.1707032,106.9174244,106.8002773,106.6739648,107.1747009,102.7539928,106.9431719,108.5459843,102.213137,101.6881388,101.9045506,97.27060013,95.47118404,94.72818526,94.21855159,92.00884607,89.66144205,87.09095273,85.78094966,82.70966766,76.82923116
42.14869296,-70.41950203,2022-09-28T19:05:09Z,4.615329135,839.4463133,1,NA,Tow_dredge,20,103.2384084,118.2214266,NA,91.5273711,105.9492055,108.8576783,111.8349565,110.7066102,112.874678,105.3325793,98.7646594,94.62065348,87.63822573,NA,83.67525145,88.14666333,87.28960818,87.14649585,105.7963408,89.25573617,101.9293839,104.4324536,105.2543035,108.5632056,106.7637629,105.2220388,106.1490117,107.5467059,102.9283579,107.789224,110.3609148,103.9930694,101.6957844,101.6089089,96.88308411,95.32177347,93.38472107,92.87521037,91.80873189,89.30345792,87.2374794,85.57888504,82.26643116,77.04950938
42.14893696,-70.41954797,2022-09-28T19:05:21Z,4.442534846,863.7066863,1,NA,Tow_dredge,66,104.5599949,117.8078286,NA,90.99077847,108.4236063,106.9529689,111.8780194,111.2047044,112.0204112,104.6900631,97.60291847,93.48577961,86.69874064,NA,80.59702201,88.68903956,86.04308946,85.1895341,108.2887668,92.54350581,99.19174242,99.08652033,105.2079715,108.8973223,105.9222032,105.7309175,106.3822522,108.4293646,102.7513912,107.489748,108.9297233,103.9753342,100.2111434,101.7165191,96.12678443,95.53949087,90.73827596,89.96697664,90.47079034,88.14230412,86.67388687,84.50864362,81.41351828,76.69604839
42.14923502,-70.41960899,2022-09-28T19:05:35Z,4.65964957,893.8108087,1,NA,Tow_dredge,66,104.5900873,116.6999476,NA,91.59086791,108.2423403,106.6291863,110.905947,109.9089267,110.2879013,102.4078454,97.44392417,93.45357126,85.81088562,NA,79.12528164,85.23843777,90.11389045,85.79623761,108.0452423,94.11669158,98.2662776,103.8881916,101.7108441,107.1596879,106.6115278,104.0430826,104.9764924,106.0200767,104.228777,103.5710666,107.9836683,103.2712118,97.27510651,99.58006844,94.75882853,95.03816889,91.44962297,89.84451343,90.45760035,88.7851188,85.41348255,83.57193929,80.39683,76.43100818
42.14949,-70.41964704,2022-09-28T19:05:48Z,4.270083321,919.1129496,1,NA,Tow_dredge,66,100.8558768,116.577996,NA,93.09098305,105.5199108,104.4677919,110.9974552,111.8302786,109.3630668,102.0998918,96.88483297,91.27428984,84.70151901,NA,89.37769278,85.94165651,88.91095177,88.5814171,104.9350691,95.7628761,96.41154743,98.47583833,102.1902425,105.7176828,107.2360167,105.5140001,106.6362537,106.4874757,107.908714,104.0790615,105.0959413,104.5407231,96.14983887,99.30292552,95.5385379,94.7231449,90.4753568,89.02037921,88.09226666,86.24649277,84.39552134,82.41099754,79.29187726,75.56889632
42.14973399,-70.41968501,2022-09-28T19:06:00Z,4.428881444,943.5637981,1,NA,Tow_dredge,66,100.7425487,115.0930557,NA,91.30195143,104.4442005,104.3746366,108.9755999,109.9056631,108.3647688,101.849573,96.17281456,90.94296114,84.31812086,NA,75.65300262,89.811533,85.50575055,88.06715045,104.0572843,92.38262072,98.07370801,98.34984163,101.5000276,104.2868914,104.1603484,104.1647307,105.4862507,104.5031601,105.3501171,103.8711348,103.3582841,103.5355423,97.96433145,97.78877373,94.83068382,93.87270837,90.16069374,88.23249145,86.98557933,87.0332844,83.76449719,81.75112721,79.29382022,75.517388
42.14997497,-70.41973103,2022-09-28T19:06:12Z,4.388755167,968.2299573,1,NA,Tow_dredge,199,101.5588061,115.3095564,NA,90.94322253,104.7490536,105.1777028,109.8138869,109.8484073,108.1180678,101.198061,95.84936593,90.4097462,83.21171971,NA,75.94563927,90.30518379,81.15475431,88.54410713,104.2598567,93.91718608,96.41168334,99.916572,102.7316085,106.3919062,104.4948408,103.8173649,104.7295667,104.5305125,105.8516094,103.2579455,103.1476241,103.620769,96.93941733,96.37624031,95.9027291,92.96798538,89.97997424,89.39194058,86.89891181,86.38389534,82.41510067,80.50327276,78.15678169,75.02326455
42.15018502,-70.419769,2022-09-28T19:06:22Z,4.585851276,989.7398725,1,NA,Tow_dredge,66,104.1232279,115.3735975,NA,88.82338329,106.9641733,103.4398325,110.2798929,109.2984005,108.1352951,100.449365,94.10042808,90.04593334,83.1725384,NA,77.85470886,87.77214924,80.12606523,87.4224816,106.6907709,93.94514745,97.36259827,99.24098027,99.15632785,106.3538669,105.5352897,104.4241406,104.7242344,104.5127129,104.3359024,102.9095333,103.841303,103.2906078,97.34997548,94.0927103,94.90178914,91.10552087,88.94835791,86.95325899,87.24545709,85.00372158,82.14325564,80.42465829,78.21810866,74.91293172
42.15042902,-70.41981502,2022-09-28T19:06:34Z,4.442680827,1014.919666,1,NA,Tow_dredge,66,105.0664281,116.0847327,NA,89.80873022,108.6838614,104.8947073,110.3644021,110.1110601,108.5895752,101.2375737,93.74853501,89.0231744,82.62710856,NA,77.220729,87.39963295,85.49846474,91.02324655,108.4518184,94.1109254,96.59992709,102.7511969,98.72321111,106.5294223,104.1511932,105.7716995,104.6012477,106.5092551,104.6206805,104.3028899,102.9662635,104.0719399,99.49317628,92.69766411,94.0440784,91.34118235,87.54525795,86.43971935,85.6497812,84.29798591,82.10280244,79.52779456,78.05274222,74.70491508
42.15064201,-70.41986103,2022-09-28T19:06:45Z,4.243240653,1037.230729,1,NA,Tow_dredge,66,102.2384106,116.0109941,NA,90.41010969,106.5775858,104.175905,110.510367,110.53493,109.0396263,101.7870561,96.1692009,90.78329389,82.51729783,NA,79.52573994,89.51051776,80.6433336,89.5747143,105.6106021,99.12235609,95.78803394,100.3324873,100.633361,105.2838785,106.3291202,105.5347271,107.1746658,103.5001604,105.859611,103.9609915,104.4480396,104.3803601,99.28684112,93.78222516,96.24890644,92.87892883,91.42158052,89.09324504,88.50458996,85.25487402,81.86426755,79.58946909,77.66085308,74.65404576
42.15090604,-70.41990696,2022-09-28T19:06:58Z,4.431224403,1064.538007,1,NA,Tow_dredge,366,98.38156564,115.808179,NA,90.29478494,102.1949714,105.1883746,110.0224546,110.357618,109.5082275,104.1015054,96.2357299,92.15863334,83.6640787,NA,78.54418372,87.4414056,86.47294578,87.73420448,101.1645427,94.63562403,99.39661145,100.2016107,101.4134249,103.8843038,107.5182006,102.9202441,106.1818703,105.125131,105.3810289,104.9085404,104.1481216,105.097395,102.0324042,95.46111633,97.94399682,92.52993425,91.4555375,90.06210495,89.77794175,86.49948345,83.92819134,81.19149901,78.60182057,74.54083262
42.15114199,-70.41995198,2022-09-28T19:07:09Z,4.687715815,1089.199539,1,NA,Tow_dredge,266,98.91945328,115.2549934,NA,90.22991247,97.72312355,106.230408,109.7836929,108.7745731,109.43968,103.5247676,96.00357861,90.84160553,82.79166438,NA,80.68045881,86.00279211,87.31621116,86.52136158,94.4470344,94.29230025,100.0016471,103.8961512,98.72197299,104.1629115,106.0035766,104.6566261,105.1812597,102.5050268,103.9165838,104.5048782,104.7511835,104.7448298,101.347839,95.277843,97.40757965,91.33492179,92.09974707,90.01207466,88.18179666,85.69134361,82.67434861,80.32281954,77.48316001,74.22388959
42.15140199,-70.420013,2022-09-28T19:07:22Z,4.392766891,1116.918123,1,NA,Tow_dredge,118,102.5654326,113.3194914,NA,86.58357158,100.3390945,106.1127642,106.7080563,106.3645254,106.6018201,103.5033096,94.69326608,90.82957315,82.22434595,NA,80.83237189,80.96269264,83.21019666,88.70054589,98.56691741,94.59587955,94.81070982,105.2248355,96.55859705,98.24939337,103.50055,102.5012245,102.3906748,101.1900567,101.0732265,101.1282541,102.1929029,102.0931739,100.875152,95.23909128,98.34454269,90.41506391,90.76710731,88.15016697,88.43574322,84.81928256,83.21374271,79.57647542,77.01193825,74.13744797
42.15162302,-70.42005197,2022-09-28T19:07:33Z,4.384994258,1140.045593,1,NA,Tow_dredge,59,100.1214745,113.7696196,NA,84.7752258,103.5476288,104.2811908,107.0185238,106.9653061,108.2445945,102.6530213,93.53914527,88.89781106,83.05110936,NA,73.12940837,80.98915796,81.87922687,89.29184305,102.615443,95.46876975,97.23707975,101.2057257,99.19391782,99.01558062,103.1277438,103.3871322,103.6427531,101.3246229,101.1455444,103.1091487,103.9147969,103.3565755,100.7798406,94.97088611,95.20144741,88.90841385,89.83139164,87.1543357,85.69765171,83.54662006,82.50988917,81.04907551,76.93424802,74.0138942
42.15181002,-70.42006698,2022-09-28T19:07:43Z,4.053600386,1158.979545,1,NA,Tow_dredge,59,96.68742489,112.9997488,NA,85.50440258,100.5528587,104.9826438,107.1972872,106.3073468,106.0006773,102.7124207,92.42333503,88.43235544,82.52945301,NA,74.28739579,79.56154922,83.76465125,89.44149568,99.64711782,90.99909374,97.44322809,98.39408679,102.7960704,100.1317166,104.098119,102.1609231,101.9757884,101.8328572,100.6888302,101.2043485,101.7437266,100.674575,101.3133646,93.70508482,94.4654078,87.89026894,88.67660578,85.96179756,84.46868353,82.35270471,83.89685648,79.96996749,77.31443084,74.12380743
42.15194296,-70.42006698,2022-09-28T19:07:51Z,3.595815608,1172.075959,1,NA,Tow_dredge,59,95.72458032,113.0924299,NA,87.81729552,101.1997823,103.3212797,107.2062504,107.7732552,105.9080514,101.4931832,93.40636827,88.18674437,81.9209835,NA,75.31353741,83.47872493,85.41823439,91.33815274,100.1539392,91.64420044,93.1959186,96.73336419,101.6684076,101.1484039,103.0958816,102.8174731,105.7082325,101.3670419,99.52430572,100.9142464,102.1330557,100.1248214,99.21146348,93.12883406,95.6917027,90.61177594,88.0525067,86.03219019,85.11457297,83.1551923,81.04533306,79.21008754,76.69528135,74.07208691
42.15205402,-70.42007402,2022-09-28T19:07:58Z,3.436927689,1183.310103,1,NA,Tow_dredge,59,101.4898192,112.6770905,NA,86.5224955,105.0108331,102.6837099,107.4274292,105.6618437,104.3655456,101.0489637,91.88010677,87.99185979,81.25998858,NA,72.87549424,81.4872152,84.60561161,87.88443802,104.7516654,90.87103096,94.59929256,100.0617302,97.42288313,99.3619335,104.054391,103.2701558,101.4052883,101.2362632,99.87432329,99.84593407,99.989793,98.86301907,98.98003383,92.4803802,94.84994253,87.91343786,86.75384493,86.52886383,84.33727431,83.93067343,80.45681133,77.87126288,76.75553087,73.98476994
42.152065,-70.42008198,2022-09-28T19:07:59Z,2.697347616,1184.693414,1,NA,Tow_dredge,59,101.6962254,113.1882358,NA,85.70295694,104.9444854,104.3638658,108.1271329,105.9506621,104.5391401,101.4265711,92.78109976,88.43897603,82.32295202,NA,74.71320998,82.4724254,82.18755604,88.63267575,104.5956126,92.25315222,97.58310125,100.1071018,100.5432002,101.2593568,104.9185344,103.1325471,102.5408302,101.038964,99.39894987,99.19841232,100.207782,99.83820906,98.87636544,93.99193418,95.63598406,89.77403396,86.73672837,86.77770153,85.44638531,83.46466325,80.98815976,79.80818453,76.95462064,74.05638009
42.15211898,-70.42005901,2022-09-28T19:08:03Z,3.062010586,1189.180616,1,NA,Tow_dredge,118,95.88356931,111.8420847,NA,83.9421265,98.17183844,103.9420326,106.3249538,104.5614602,104.7503825,102.2703066,93.4024118,88.20106306,81.42456363,NA,77.53754334,75.65386447,81.88591737,88.07550371,96.96961395,89.75560336,96.07619157,100.4009615,99.89764628,100.5925279,102.1324853,101.7903721,100.6193082,99.86601252,98.66678728,98.85205195,100.4158113,100.4822577,100.3555959,94.08471589,95.38084688,89.48546769,88.40572449,87.83874861,84.01683975,84.19823579,81.63670245,78.28445942,76.65634417,74.00518685
42.152294,-70.42009698,2022-09-28T19:08:14Z,3.487165398,1207.943994,1,NA,Raise_dredge,118,99.19205178,112.9758203,NA,96.77893793,101.1071464,104.3204339,106.9709857,106.0833285,105.786866,102.3707785,94.65851382,88.13117333,81.32521276,NA,96.30939049,82.36608513,84.99257753,91.3307478,100.1446899,90.81488243,93.14534663,102.5262178,98.50563263,101.7934967,100.7791712,103.5615824,101.9036261,101.7919619,99.98835262,100.814659,101.1110981,101.1144347,100.0415572,94.19795633,96.56701209,91.98736598,89.00707418,87.38177382,85.38944704,83.07091954,80.06888647,78.40633806,76.20604209,73.91862526
42.15244696,-70.42008198,2022-09-28T19:08:21Z,4.740850668,1222.615601,1,NA,Raise_dredge,59,98.99083466,112.7768092,NA,90.22368,102.3802237,101.3582629,107.183303,106.6144523,105.8307573,102.4932716,93.97847089,88.00159288,81.31623068,NA,79.48327453,87.45063039,86.10751869,88.69011416,101.6325035,93.00257765,93.08123302,98.08561824,97.16311239,101.3485348,102.2539489,103.3914971,103.1897622,102.044891,99.54426281,100.9020607,100.6799301,101.5490511,100.5206647,95.37579688,94.81939217,90.61628239,89.69796615,86.17190705,84.92946793,83.14769737,80.554806,78.21696637,76.36875255,74.10520388
42.15249298,-70.42007402,2022-09-28T19:08:24Z,3.346560626,1226.917395,1,NA,Raise_dredge,412,98.52533788,113.0255619,NA,92.10857326,101.6327618,102.5678042,106.5616627,107.7410551,105.5159515,103.1396062,95.27473317,88.95121154,80.76760803,NA,90.89094193,80.91351462,84.37590489,88.40140928,99.58387697,96.79925584,93.37629438,98.52245286,99.43029338,100.7727047,102.3564569,102.0831066,104.9880462,101.6351104,101.2502794,101.1844211,100.6735284,100.3338179,100.8421412,96.24362302,96.28775118,91.45083524,91.26583728,88.01921407,86.22691595,84.43952461,79.44743228,77.29957349,76.1753508,73.83530915
42.152554,-70.42009003,2022-09-28T19:08:29Z,2.690284148,1233.584739,1,NA,Raise_dredge,59,98.96760027,112.3129692,NA,84.14502845,102.8134699,100.8033484,106.1613164,106.7688726,104.4565858,102.7488859,94.30192474,87.14553501,80.50522144,NA,79.79832578,76.30738663,80.84667265,87.7685648,102.1735201,93.05479462,92.85394463,97.1192239,96.94717064,100.4158743,101.6094328,101.993852,104.0473403,101.7059276,98.64257617,98.44526972,100.0944375,100.2909389,100.1206927,96.68508622,95.89786569,89.52224967,90.7470639,87.84760063,83.85715022,82.70405982,79.48526488,76.83958418,75.88372904,74.02717611
42.15266003,-70.42008198,2022-09-28T19:08:38Z,2.553317515,1243.896294,1,NA,Raise_dredge,58,95.97619892,112.3755585,NA,88.87233045,101.0884718,100.5977766,105.913351,106.5823588,104.3093381,105.0002834,95.53703102,89.23748048,80.93213504,NA,77.64694632,84.84110834,86.10958694,87.27237752,99.98209495,93.72149644,95.13747388,97.32604488,94.48560974,98.42706816,102.4130307,101.6531871,103.4477958,101.2099281,100.0821977,99.77323922,100.1942647,98.46618883,100.0801563,98.00578873,101.7956819,92.08950562,90.92351585,88.59542301,87.48527692,82.66120017,79.73046693,77.81443967,75.85482897,73.97626761
42.15282097,-70.42009003,2022-09-28T19:08:49Z,3.168118533,1260.309945,1,NA,Raise_dredge,59,98.76299552,112.7642254,NA,87.47503995,102.6968962,101.3804751,106.6971487,105.8431896,104.6547368,105.43733,97.34485857,90.68844134,81.08043479,NA,79.87514611,83.33322266,83.91842694,85.90653909,101.9808505,93.87164487,93.29704647,97.72966802,97.54089397,100.2015599,104.0264303,100.4121772,103.6466816,98.73877078,98.90034735,99.53536858,100.4077206,99.65504013,100.7074797,99.16691964,101.7461965,93.72278088,92.25138296,91.43070835,88.19871838,85.78722855,81.21242098,77.83459728,76.26901432,74.00595322
42.15299204,-70.42009003,2022-09-28T19:09:00Z,3.36521562,1277.502971,1,NA,Raise_dredge,58,94.70233891,112.2873508,NA,85.05212382,100.0364311,100.3898634,106.1510122,106.5935827,104.6015332,103.701302,98.71140154,90.95762237,81.17797803,NA,76.60057716,77.78157609,83.31083393,88.33739593,98.96108769,91.84657261,91.9586153,95.94604412,97.3539445,98.2897039,103.0110944,101.6049489,103.9258233,99.59650794,100.7317076,99.72641129,100.3660352,99.33571446,100.5370782,95.97693352,99.12378635,93.99038281,94.28464871,93.51065776,87.88480948,87.01278863,81.12583116,78.13598987,76.18553992,73.89305095
42.15313302,-70.42008198,2022-09-28T19:09:09Z,3.392622156,1291.433756,1,NA,Raise_dredge,260,98.10331344,112.4708757,NA,85.71131628,101.2075884,99.88153938,107.1572787,107.1283818,103.0543794,103.7257728,96.48124125,91.11864242,82.61034166,NA,77.92176538,81.57119487,82.2257824,87.85930911,100.675562,89.59864963,93.42559816,92.53765517,97.58644056,97.96503173,104.4610281,102.498341,104.6165742,100.7741839,100.3021181,98.59028816,98.10411107,98.13793918,101.5921251,94.63028723,97.95837687,91.95196919,92.63881402,90.18735914,87.9007372,86.91087291,82.69711635,80.2864195,76.95563839,74.14591469
42.15327501,-70.42009003,2022-09-28T19:09:18Z,3.41688403,1306.052308,1,NA,Raise_dredge,59,96.94414646,111.5101432,NA,87.31635162,101.3443459,100.9803018,105.7103561,104.5525241,102.7227305,103.5184724,98.13790593,90.92721467,81.83197584,NA,77.11816962,82.72644954,84.77425449,86.18700972,100.568358,92.58700853,92.62636726,96.85024103,97.67861143,98.6146533,103.5326288,98.70248147,101.5236791,99.65229748,97.07021386,97.55705109,98.22100742,98.04946141,99.59502434,96.58460149,99.45383254,92.38200499,95.37754129,91.24844356,87.92400497,86.64338817,81.93992755,79.27118679,76.35886307,73.92408149
42.15339697,-70.420128,2022-09-28T19:09:26Z,3.385550632,1319.677688,1,NA,Raise_dredge,268,97.69195245,112.083706,NA,87.37240143,96.68003532,100.758824,106.8850195,105.094591,103.3727857,104.9248835,99.63110982,90.35152659,82.24247173,NA,77.59530868,82.6330706,84.84608456,86.93639569,94.06968873,92.06685538,91.92879872,97.02861195,97.24691386,98.56552616,104.8630671,100.4063718,102.1735993,100.1715262,97.34074813,98.92539368,98.3698537,98.48958921,102.5474451,97.29388447,98.88720438,96.67963526,94.09975797,92.92245113,87.95453968,84.81637253,81.95304536,80.00073489,76.31465337,73.93936414
42.15359101,-70.420158,2022-09-28T19:09:38Z,3.521890895,1340.349117,1,NA,Raise_dredge,59,99.30248973,112.9765576,NA,88.6823855,103.2349937,99.25797041,105.8044868,104.3519672,105.8738183,107.0673177,100.4812006,93.04225078,81.8884812,NA,84.24423833,77.81662011,86.15005686,86.17526981,102.0851751,96.5172873,87.60353875,95.25720946,96.53046365,98.67780028,102.9808921,100.3414307,100.7514872,99.28009848,98.37448902,99.05000085,102.2341452,101.4328203,104.665926,99.82372182,100.7983059,97.13043585,95.3787535,94.07661365,90.77375337,87.83426922,83.27184458,79.40794997,76.20085762,74.06885824
42.15377399,-70.42012003,2022-09-28T19:09:49Z,3.641847178,1357.688162,1,NA,Raise_dredge,314,94.76265567,113.1721416,NA,88.33190097,97.14659821,101.0731128,106.3734486,105.9451498,106.2458744,106.7725234,101.6233076,92.591488,82.54497524,NA,80.78955847,85.37697105,83.34909048,88.74145057,94.02052144,92.81427706,90.93758209,94.75367254,99.33189402,99.37572199,102.5561465,102.229831,103.3094916,99.94161057,99.04078514,101.8086696,101.2271763,101.3667099,102.7076667,98.69943394,103.3234232,98.78172415,96.39655391,94.17731237,89.83892139,87.66085133,84.29733952,80.17437571,76.94712609,74.16140929
42.153934,-70.42007402,2022-09-28T19:09:59Z,3.54020728,1372.510537,1,NA,Raise_dredge,412,95.31579524,113.2131886,NA,88.72432912,99.44846445,101.0661583,104.7120625,105.789045,106.0478234,107.5949313,102.9676287,92.85862632,83.50759908,NA,78.58099687,85.14207172,85.39833247,92.40136282,96.34587341,94.40584088,89.32737932,98.18335045,97.27892951,95.85061637,100.7134189,101.449594,102.669733,100.1290864,99.60466757,100.1594426,101.3946517,102.0657545,104.2953506,100.7405306,102.7256532,99.61387479,99.18152419,93.75267361,90.12544003,87.78390203,84.79607414,81.67939656,77.12558354,74.05930647
42.15409501,-70.42004401,2022-09-28T19:10:09Z,3.517154136,1388.022133,1,NA,Raise_dredge,1778,98.06574471,113.3017623,NA,86.29720421,96.79962003,100.1958729,104.6839798,106.300747,106.8051271,108.0418056,100.6841054,94.04552648,83.82143489,NA,76.7527326,83.8964869,81.26091397,84.11142223,94.03634327,92.99980061,90.29049722,97.8753383,95.13367645,97.25854293,100.7865097,100.8274137,102.0864593,100.4324454,101.8894736,102.0893072,102.4253421,101.5416884,104.904854,103.1965578,100.7525896,97.53214599,95.87959913,93.36188254,90.89126547,90.1319295,84.46716906,81.91648591,77.76378806,74.12357014
42.15421697,-70.420013,2022-09-28T19:10:16Z,3.836477223,1399.552974,1,NA,Raise_dredge,283,97.1981242,113.4372405,NA,85.937518,93.81975059,99.00041837,107.0218761,106.1313754,106.7108008,107.0270363,102.4045702,95.46981862,84.04558887,NA,74.69231516,82.84819073,82.31185264,85.950923,91.22329595,88.3934373,88.4262924,94.61906061,96.38618885,98.59598945,102.4298439,104.0885545,102.8068638,99.29820187,101.2842515,102.2175345,102.5049044,100.9426448,102.5528239,100.7176495,103.1459337,97.94115275,98.18648664,96.61362246,93.43321687,89.91332378,85.29895775,81.98690331,78.34377213,74.39870238
42.15427397,-70.42000604,2022-09-28T19:10:20Z,3.096126377,1405.190562,1,NA,Raise_dredge,22,98.82959102,113.7593818,NA,98.22417716,99.44566005,97.31878963,105.9774082,104.8574428,107.4448196,107.1736916,102.1349117,95.57800628,84.33692653,NA,97.33590657,81.17230464,90.40573642,87.90939302,98.12438703,92.28107355,92.15940901,89.88909899,94.43210943,100.7437193,100.414056,102.2365134,101.5468193,98.46154368,99.68767023,101.5024982,103.8884046,102.2811831,103.0562693,99.9006577,103.4590514,98.6989457,96.63714237,96.36242561,92.0595358,91.77486868,86.99701053,82.77791624,77.48117335,74.12985412
42.15448,-70.41991401,2022-09-28T19:10:33Z,3.612542738,1423.582746,1,NA,Raise_dredge,1774,96.13829464,113.6897374,NA,88.95569178,96.46828586,100.4322619,105.5194794,104.6093277,107.4535146,108.2690829,104.0352044,96.67614716,84.43480349,NA,80.43698336,82.91194468,86.8138454,90.04697568,93.85017345,89.98587819,95.52959458,96.12850427,95.28082607,98.08220712,101.2853746,101.9773307,99.70002004,100.1274524,99.67169646,102.7826135,102.5767953,102.6850579,105.2747064,101.4185212,102.9177337,100.137913,100.15144,96.67060665,93.97110906,92.32150247,86.53046238,82.59837144,78.34814048,74.37356866
42.15471997,-70.41977696,2022-09-28T19:10:47Z,4.027771218,1444.342701,1,NA,Raise_dredge,185,96.00020669,114.1750573,NA,87.39060836,97.29178099,98.34556861,106.1224,105.7983322,107.7801744,108.646773,105.1595981,95.36198163,84.85772322,NA,81.4599301,81.95029764,84.00902969,85.55914891,96.20762765,89.16171459,92.56808077,90.58568224,95.8898743,102.1938112,100.5588163,101.140529,101.5824999,100.8080965,100.6307024,103.3065043,103.0331489,102.6633407,105.5595758,101.1826431,103.8249637,102.4169385,100.8689879,94.97679275,92.6950848,90.73153793,85.95172035,83.03835429,78.7360238,74.76994542
42.15491099,-70.41970798,2022-09-28T19:11:00Z,3.291524234,1462.20907,1,NA,Raise_dredge,2645,103.2514455,115.4429455,NA,88.69118569,100.2620483,98.62993574,106.0142862,104.6830324,107.0064007,112.4309116,105.2900003,94.4937092,84.80033696,NA,84.21095554,83.73709688,83.79635797,88.48218013,99.10568727,92.49922141,95.2085263,90.79696036,94.43298256,100.2833523,101.8949263,101.3980388,99.64202876,99.03671283,100.8555826,101.5777456,102.78666,102.2572157,107.9748254,102.2598134,109.7984116,103.4165296,98.86973152,96.16673438,92.27736156,88.64166515,85.94911295,83.24136344,78.10545401,74.22311089
42.15515901,-70.41957898,2022-09-28T19:11:15Z,3.834646213,1484.482585,1,NA,Raise_dredge,3539,99.95324438,116.1157936,NA,86.33337633,98.00991572,99.18761598,105.6543793,105.5446682,107.0983183,112.3698063,109.5497753,98.40280856,84.03337858,NA,77.91586224,81.01011775,83.83454856,85.12009273,97.01197235,89.88199309,91.6689615,96.647148,93.43330531,100.1005504,99.1915844,102.6077528,101.1273282,99.07371657,101.7041075,103.2886484,101.737423,101.7676774,105.8446027,103.0462105,110.5689959,108.2766593,101.7599125,98.98175599,97.16334706,91.17384821,86.11164037,82.28525928,77.53749751,74.33864947
42.15528902,-70.41945602,2022-09-28T19:11:26Z,3.123485246,1494.771229,1,NA,Raise_dredge,2626,97.96268202,113.9454259,NA,87.98088577,96.90144487,100.3428785,104.5257766,104.8265239,105.5011463,110.1799004,104.6573603,95.68863777,84.7087152,NA,78.38574525,78.11275604,86.94144106,85.7393256,95.35016907,90.40084614,90.40179859,98.60722148,93.92373586,95.74569392,101.6137266,100.0418379,99.29578305,100.0872351,100.673872,101.5476017,100.1408621,100.3662848,103.5971481,100.5348309,108.4525423,102.1494303,99.4444322,96.04313476,93.54557961,89.48051615,87.45108218,82.92593537,78.53132214,74.51085828
42.15537996,-70.41934999,2022-09-28T19:11:32Z,4.335030008,1501.524849,1,NA,Raise_dredge,117,96.08869382,114.4853621,NA,89.35318825,100.3846274,101.6224403,104.6553072,104.6466604,106.7392947,110.6343461,104.7228786,95.12818409,85.37316895,NA,79.13244427,85.59716394,86.20024052,88.57807775,99.07277699,93.27917928,92.27144597,100.0166725,94.47731483,98.07340816,100.3417374,100.7824459,98.8715476,100.6792482,99.88875103,102.8780522,101.5150912,101.3430264,104.8860082,104.4912925,107.5431809,101.0730246,100.6111234,97.28699833,92.87616025,89.25316154,86.77448512,83.85956416,78.68287507,74.40373813
42.15553997,-70.41918201,2022-09-28T19:11:44Z,3.656170969,1514.088971,1,NA,Raise_dredge,117,99.38118236,115.9707471,NA,85.75212595,101.1507582,102.81917,104.5537899,104.000145,106.4893144,112.0376856,109.8660013,98.72894783,85.19538343,NA,77.09206322,80.44151854,83.3067316,85.90810567,99.83118786,94.80785354,92.07658228,101.7946072,93.81833721,97.79391804,98.9126586,101.682847,99.49000575,99.23296258,98.94685491,102.856199,101.5927443,100.3444953,104.9382237,104.4374514,110.0394977,106.7917699,105.6590166,100.9288637,97.40519395,91.62338765,87.05393,83.72980127,78.35962615,74.18290853
42.15562404,-70.41908302,2022-09-28T19:11:51Z,3.449607535,1520.518019,1,NA,Raise_dredge,117,96.25199106,114.9691529,NA,100.2262971,101.0038934,101.8248864,105.4594979,103.1553034,106.2699605,111.2779934,105.6774156,97.77547885,83.97703855,NA,73.49195217,86.85843936,100.0118933,95.87411443,97.6059288,94.72895786,88.80379964,100.4946164,95.12826694,101.0759496,100.1716165,100.7691537,98.94870508,97.69126069,98.42136232,101.8827194,101.228076,101.357426,103.8784774,104.2954351,109.1856321,102.6528127,100.769356,98.19745296,96.23764711,91.19148794,86.73027311,82.15779711,77.67096709,74.31657675
42.15573099,-70.418907,2022-09-28T19:12:01Z,3.650818402,1527.60939,1,NA,Raise_dredge,2638,98.19455948,115.9196851,NA,86.11175205,98.74770859,98.38905111,106.3882009,104.606617,105.4805449,112.8612092,108.3737693,97.68141697,85.48239423,NA,78.75508302,82.31980279,82.11671509,86.65386862,96.28518401,94.44189477,92.74977979,94.97028306,92.73377063,98.83356475,103.7189786,100.9144062,99.64186434,98.06082932,101.2310886,101.8719472,99.67592855,100.2748598,104.9817954,103.3225656,111.4696212,105.3444002,104.4598779,98.20151313,95.03840393,93.02185613,88.2451652,84.2627907,77.75861943,74.28719225
42.155891,-70.41867097,2022-09-28T19:12:15Z,3.664764651,1539.19948,1,NA,Raise_dredge,2646,101.1667727,115.6045873,NA,89.74801734,102.5153819,99.52763298,107.1598861,105.235512,106.6515377,111.9740308,106.3221177,95.16379323,85.21280308,NA,73.86289509,83.29355859,88.48689274,90.6155444,101.5718977,93.67812358,90.11761597,92.99112609,97.74572168,98.58347383,104.3192536,102.4911158,101.0543652,98.86261583,101.1197489,103.4616822,101.3188007,100.2184095,103.8678201,102.3379443,110.6463431,105.0681182,99.09836704,94.19595737,92.38851737,90.68395309,85.79833029,83.58068434,78.62335661,74.94215123
42.15601296,-70.41841901,2022-09-28T19:12:27Z,4.022539014,1546.732834,1,NA,Raise_dredge,2639,103.8273797,115.2141925,NA,85.70034462,95.98189819,95.92287632,97.67592996,95.55282688,99.21712901,113.7233217,108.0083847,98.0416517,89.04930374,NA,77.07355861,76.97619212,84.32560682,84.6219503,92.90232764,92.36476379,89.96312735,91.86184276,91.4119394,93.09977391,92.47545048,93.10906453,89.21748741,91.02598724,91.73173305,96.18987731,93.37226871,93.04852937,103.5928463,102.1423004,112.9322398,105.8095927,102.156156,99.38794303,94.67999011,93.84564131,90.03701159,87.07335408,84.09011306,75.70751281
42.15605898,-70.41822103,2022-09-28T19:12:35Z,4.160379943,1547.548129,1,NA,Raise_dredge,2625,102.8846966,114.9515121,NA,91.6670729,96.28742446,97.12475938,99.66537292,100.2347528,104.248665,112.848079,107.3243258,96.15541393,88.49538871,NA,80.79932383,89.64588583,86.29441178,85.23527617,93.06903014,92.77012762,91.53188815,91.74504415,93.50337065,97.060649,91.91952799,94.1834744,93.32896834,95.44712399,96.90014096,100.0486704,98.33329935,99.85583973,104.1051801,104.0984649,111.4995077,105.8004391,100.9337017,95.54309176,93.15698899,90.3850284,89.84394192,87.48383223,80.2104653,76.23014039
42.15608597,-70.41806001,2022-09-28T19:12:45Z,2.648159454,1547.225796,1,NA,Raise_dredge,39,101.060541,114.036541,NA,109.0383187,102.7674298,98.82371606,99.02743704,96.28560739,100.4367695,109.3827958,104.4197087,95.44117677,89.02744079,NA,92.13348538,96.47266262,108.6960485,99.68018685,97.95422543,95.2875697,92.64849483,92.82024683,95.88026728,94.44239665,94.80456166,93.40295493,89.99212378,91.9262885,92.29239724,97.5545122,94.63674634,93.90056713,99.79208427,99.95107034,108.2821838,101.4692945,99.73436667,96.26855033,92.44396401,89.42752396,89.38728303,85.94384083,84.82282416,80.11926601
42.15607499,-70.41793101,2022-09-28T19:12:58Z,1.60223911,1543.534648,1,NA,Raise_dredge,2619,92.47212203,110.54228,NA,88.7468248,95.49812629,96.90808872,96.89444759,94.4419666,98.68995827,107.5937896,104.6508071,93.11087002,83.80210394,NA,77.4197752,87.31154877,81.92231399,81.28634503,92.76021948,91.82997459,89.66458556,92.19684287,93.66023571,93.88914834,91.12037837,90.60183481,89.50676598,87.90403215,91.04201592,94.61582103,94.41490908,92.39980959,98.88034343,98.75914298,106.2551414,101.761823,100.5678417,94.44000272,90.27307296,88.79968678,83.49152229,81.86014328,77.3179152,75.13318842
42.15602101,-70.41787704,2022-09-28T19:13:10Z,1.211597315,1536.675802,1,NA,Raise_dredge,2643,97.93114059,112.8914646,NA,94.69947352,95.82720901,95.42692862,99.18512494,95.38487465,101.9551668,110.2979521,106.669634,94.98828339,82.6685211,NA,75.81495554,93.38065013,88.66089702,85.98368549,93.41553157,90.9116516,87.41591272,91.36865802,91.95046419,94.67843514,94.85443862,93.60699673,90.05979871,90.55775657,91.15413919,100.8724228,93.90849359,90.00795179,101.5651059,100.2020998,109.1532774,104.1965567,102.1340166,95.82080322,92.79187421,89.97299596,84.11716586,80.4338969,76.7732799,74.27932025
42.15602101,-70.41787704,2022-09-28T19:13:19Z,0,1536.675802,1,NA,Raise_dredge,2636,98.6391224,113.8074625,NA,98.26443176,97.52542248,95.94634475,98.83169245,95.82595334,98.92247968,111.3541867,108.125922,94.64879432,84.25432336,NA,74.30601156,95.31508073,95.15675788,81.31558566,95.95916744,91.97894929,86.64692192,91.97209921,92.7769917,92.50326728,94.82031144,94.51419291,91.77816839,89.79624244,91.349874,94.94544633,95.05657681,91.69147714,99.54134093,97.72789666,110.8516848,106.2136871,102.5073948,97.25938391,92.22375642,89.18011752,86.23210734,82.70147372,77.32520108,74.15805827
42.15596803,-70.41785398,2022-09-28T19:13:28Z,1.338468032,1530.515706,1,NA,Raise_dredge,2614,97.43561518,112.7441401,NA,94.42733491,97.64878312,96.77526337,98.92384361,95.30106532,98.65051706,111.106549,103.9283213,93.53997133,83.39932576,NA,77.89378533,87.69944455,93.26597808,85.03371707,95.84372268,92.20198613,88.21714074,92.38998694,93.73282009,94.37663845,94.40195368,93.63665545,90.347144,89.37397616,91.5845245,95.64085702,93.48011137,91.57011257,102.0999393,98.00378489,110.2729421,101.9321611,98.24722327,93.84753717,91.624019,87.62070428,83.5750608,81.37942046,77.43429091,74.14415546
42.15589503,-70.41777,2022-09-28T19:13:37Z,2.306731412,1521.044526,1,NA,Raise_dredge,2612,94.83535796,110.807114,NA,89.97365413,98.76382307,94.27257793,99.33658402,95.81192782,98.37830733,108.3593802,102.4915038,95.26878238,84.22032467,NA,77.89725291,80.22482211,89.17515192,81.18547769,93.65347783,97.05197362,88.30215729,89.96043682,90.0313428,93.91307987,94.98886336,94.72330604,91.39900658,88.7978159,92.23777616,94.76713023,94.08180472,91.22873787,102.1372153,97.7507836,106.6486443,98.87881809,98.62739132,94.3666207,92.88308223,89.23025641,87.66658032,82.39629168,78.04378532,74.29652029
42.15588396,-70.41776304,2022-09-28T19:13:38Z,2.642817392,1519.717685,1,NA,Raise_dredge,2620,95.90900396,110.963895,NA,88.08552883,97.95821401,94.06629228,99.55592336,95.49206336,98.97414358,108.7057546,102.2363045,95.30369007,86.53524235,NA,79.8859244,79.51890377,86.59521669,82.26568405,94.44129938,95.18530214,88.22487164,89.84683475,89.64112396,95.02017566,95.48888157,93.63978791,91.09312618,90.12055038,90.88949639,95.99212292,93.89360082,91.67665539,102.8818403,98.86312116,106.7316286,98.81278957,97.98226299,94.5380395,92.42541323,90.71964479,86.65673057,85.25449541,79.46330005,74.25463283
42.15576896,-70.41762499,2022-09-28T19:13:50Z,2.775938354,1504.726245,1,NA,Raise_dredge,75,97.7073164,109.0756681,NA,89.46537177,101.6333867,95.26144525,99.92269445,96.8330213,99.12115475,104.3582559,99.96965257,92.35430315,84.16591217,NA,74.11341734,82.37263214,88.36134746,79.40049861,93.90157701,100.8002146,88.54889479,89.83087082,92.25497253,94.16151655,94.79253535,96.23429488,91.70316102,90.69734513,93.36152827,97.14360916,92.75310195,90.42429267,97.19286202,92.93236435,103.0265414,96.93799268,94.43170747,93.45399744,89.87551196,87.3253477,83.17422991,81.44741344,79.43050673,75.27711951
42.15566603,-70.41749599,2022-09-28T19:14:00Z,3.040208348,1491.250123,1,NA,Raise_dredge,21,99.85550847,110.557372,NA,95.03718397,96.52830653,94.15257075,99.72633212,96.60142189,97.47845597,106.3536429,102.2234818,93.57732845,82.71546126,NA,93.9845825,80.08427337,87.66802835,83.36213543,95.04749447,90.3427457,88.95615413,90.11452207,88.96873061,93.18105964,95.28994164,95.94225964,92.93968201,90.39802449,91.78590484,94.47960173,91.4664112,91.42625616,98.41684928,96.73864599,104.9863797,97.93727454,96.99013051,97.37689449,91.53918894,88.44483588,81.89175944,79.63906502,78.25728509,74.45620912
42.15553704,-70.41729701,2022-09-28T19:14:12Z,3.533464043,1473.779524,1,NA,Raise_dredge,2638,91.74131969,109.1647429,NA,90.17778849,96.19753641,96.68086713,100.0434558,97.9351156,97.8595385,105.4160386,101.4752221,90.57190553,80.93288313,NA,81.29047326,81.72761683,88.79859206,87.70283398,93.43873366,91.36638369,89.84329879,93.34621103,91.85087717,96.12441008,93.76128027,95.5945863,94.63510096,91.51090569,92.77032059,94.28121303,93.07155971,91.46265515,97.15253864,95.91960696,104.0998184,98.7832352,95.51687612,94.66351147,88.55733457,85.15959413,79.79237237,77.75014324,75.91734899,74.03695317
42.15540301,-70.41712199,2022-09-28T19:14:23Z,3.669594971,1456.272522,1,NA,Raise_dredge,2607,97.00262368,109.3918359,NA,87.52917695,96.21102325,94.88342958,99.18983573,98.44220215,99.01874836,106.4737619,99.51782323,92.45120218,82.22956296,NA,77.59294544,82.28809326,85.30611998,84.90104374,91.63209108,93.82741652,86.56630495,89.98964014,92.1148203,96.69571084,93.4706885,91.46685173,91.48767356,94.56337926,94.34172182,96.69358147,92.77049091,91.50647804,99.3164009,95.65241609,105.0759759,95.33465539,95.30985515,93.29892534,88.48744998,89.44628597,82.36062422,79.91155714,76.50302756,73.87543095
42.15522397,-70.41688504,2022-09-28T19:14:37Z,3.87674154,1432.972331,1,NA,Raise_dredge,502,92.26114709,107.7337264,NA,89.23984354,96.81509717,95.72512102,99.01617169,100.1948408,97.6932619,102.8380481,97.04459863,90.62509924,81.9522575,NA,79.00436737,87.60528574,82.6428945,89.980427,89.34993984,94.69303961,88.71108726,90.46838224,92.74116421,95.52916248,92.43878276,94.22833866,93.55450801,97.64948809,93.75025179,94.54093678,92.28854984,91.2725413,97.5543697,92.76013663,100.6595185,93.08670052,91.96666839,91.62962846,86.62898659,87.44404734,81.44625132,79.38360708,76.59461658,73.86251892
42.15501401,-70.41662604,2022-09-28T19:14:50Z,4.735807516,1406.138875,1,NA,Raise_dredge,502,96.49466055,108.8215235,NA,85.84234222,97.54602314,98.06788913,99.26006687,101.7478105,97.66207543,104.6413861,96.25377155,90.08112824,81.15130914,NA,75.46903677,81.64867181,83.06450678,93.68237195,91.78614248,92.64782501,91.91729688,92.32292832,94.9786215,95.29808787,95.46927622,91.82815636,92.09208782,100.4975058,93.26789271,94.70137336,92.20514129,90.87619788,98.27341388,92.46186081,103.1458685,93.26675891,90.89666214,89.39341844,87.63392802,84.95388937,81.00422294,78.4142569,75.75969249,73.66939527
42.15474696,-70.41635103,2022-09-28T19:15:04Z,5.192934573,1373.043965,1,NA,Raise_dredge,48,88.79336027,105.911639,NA,85.85143244,96.4456224,96.49570015,99.38128966,96.33920269,95.77756754,98.9541909,96.00361404,90.06177257,80.73204311,NA,77.44155497,82.4230262,81.89019303,91.31043247,92.26267504,91.38409362,89.99416601,90.31189539,93.78270643,95.23217437,95.60553908,92.30664856,91.95606806,89.98490673,92.40300433,91.86835479,90.51147601,90.49120096,92.43258649,92.43238885,96.39311027,92.56718554,90.80198978,89.89257205,87.87515757,84.54996465,80.65010822,77.66853811,75.50504587,73.86996471
42.15452601,-70.41613,2022-09-28T19:15:16Z,4.960291149,1345.914833,1,NA,Raise_dredge,60,93.52232321,108.1623556,NA,87.1976368,98.68573786,97.49411652,100.4461772,98.50624525,99.08093545,103.3300831,95.09754675,88.6720098,81.97617836,NA,76.13949271,85.04562013,82.14432482,86.13177263,97.57380543,90.99898172,87.26896922,92.83131672,95.00146063,92.84685344,97.03190284,96.13528467,92.31165207,90.68548926,96.24886276,96.14372835,93.14808935,92.81760791,100.1244812,93.35941198,99.57609328,90.81729808,90.36562901,89.72763559,85.75045782,83.58948198,81.21028478,78.96573882,77.19364356,74.21763876
42.15433901,-70.41596202,2022-09-28T19:15:25Z,5.401754503,1323.304247,post_survey,NA,Off_eff_transit,71,97.40029292,111.3604073,NA,89.49694023,101.3434895,101.2412204,103.1913337,102.781863,105.6032363,102.999097,99.89226574,94.38229896,85.22810239,NA,74.69381715,88.28540441,82.72627026,86.01420398,98.33152975,98.07256709,93.98170595,95.6593482,98.52859132,100.4122489,96.53996403,97.28145159,98.48865249,96.63855017,98.63476137,99.87337006,101.0467384,101.429138,99.52293043,95.64383505,98.64580536,94.10907931,94.57251368,96.34817017,91.58921927,89.16612223,86.77487393,83.31351362,79.3604379,75.12039699
42.15410599,-70.41573303,2022-09-28T19:15:36Z,5.671306402,1295.028989,post_survey,NA,Off_eff_transit,71,100.5279446,111.5312447,NA,92.21577937,103.3011259,102.0988462,102.3702835,102.2575274,103.8784736,105.1329227,99.70702421,93.27660055,86.18246162,NA,74.39555941,91.28036486,84.70169012,88.53130368,97.72926109,101.6861099,95.47781174,95.36556686,99.65848381,99.34358063,96.96097458,95.67643508,96.9927393,98.26823739,97.07748879,99.57024938,99.32972769,98.32383204,99.1274153,95.86882008,103.1309086,94.74485297,95.50284744,94.49531152,90.11404798,88.85463446,85.20725483,83.91807459,81.2207851,75.59147255
42.15389603,-70.41553496,2022-09-28T19:15:44Z,6.930126747,1269.791958,post_survey,NA,Off_eff_transit,60,98.07854541,110.3618854,NA,92.46141642,102.5319398,101.757774,101.1945463,101.1173838,102.3250578,102.7243472,99.54551636,94.05786711,87.22041907,NA,76.47197542,91.47634229,84.9596861,83.46289017,100.4249907,98.23737088,96.88793399,96.45360298,97.54775896,97.45813325,94.92036279,96.52414777,97.00472636,95.75599683,96.18389923,97.2930582,98.29037778,96.96626914,98.63266463,97.07225283,98.01441607,94.39299751,95.6372839,94.14059071,90.37467191,89.42439001,87.63135078,85.69019437,80.80735822,75.58145688
42.15364801,-70.41534402,2022-09-28T19:15:53Z,6.866004263,1240.570297,post_survey,NA,Off_eff_transit,60,98.7445346,110.4183322,NA,90.44745331,102.0865864,100.6318548,101.6385253,100.9341774,103.3016739,102.5214336,99.79384467,96.71894108,88.64301378,NA,81.18521028,86.68724827,87.08236676,85.30343621,101.0044463,95.08775398,92.63540065,96.90372363,96.83900124,98.40280792,94.67312628,96.74622512,96.20820216,96.65586514,95.5548795,98.13941911,99.1930228,98.17444052,98.6447593,95.17721853,98.60779831,94.49468869,95.88863777,94.53498074,92.93990242,91.98419796,90.6100607,87.10187905,82.36732418,76.63567271
42.15335799,-70.41519198,2022-09-28T19:16:03Z,6.732956185,1207.189879,post_survey,NA,Off_eff_transit,71,100.1891057,110.3904237,NA,92.32629724,104.0151051,102.92632,102.1551739,100.1269208,101.4751628,101.434959,96.95790336,94.35085633,86.85730911,NA,79.89949825,90.96118556,85.60051937,89.42501254,99.59547912,101.8240802,99.29260402,95.60715321,98.74093706,98.56120168,97.11747491,96.12384673,96.84724682,95.24692748,93.24409561,96.74919848,97.06824916,96.25613682,96.63767192,93.87569345,98.36557929,92.94677741,92.28297716,91.14266133,89.53809627,90.57139862,88.34749821,84.86952659,81.08026522,76.97911401
42.15294996,-70.41497799,2022-09-28T19:16:17Z,6.766509923,1160.345021,post_survey,NA,Off_eff_transit,71,98.89577888,109.6822929,NA,92.71234957,103.3866087,102.7486986,102.4503254,99.08624999,100.5743038,99.54871928,93.61622745,91.66751242,87.1797753,NA,79.41889381,91.12534274,86.8495719,83.68863104,98.56165553,101.5823495,98.67861469,95.22866798,99.09605051,96.86629598,98.42229316,97.60928409,95.24421579,94.05381046,93.452192,96.13144522,96.46993739,94.58543324,94.58919652,92.51327533,96.38735132,89.73122717,88.81305392,87.77132005,87.84457261,86.46532174,86.19279603,84.92256645,81.91594782,77.50340455
42.15259901,-70.41487103,2022-09-28T19:16:27Z,7.785544021,1120.755997,post_survey,NA,Off_eff_transit,107,97.40109898,109.3379136,NA,95.49824619,99.46419768,102.7514778,102.5826581,99.43905703,101.0700669,99.59597224,95.58326067,91.83148785,88.03698589,NA,80.37976239,94.75929506,86.49124773,87.52587795,95.8901628,96.42661074,99.92081528,95.36305876,97.47068207,100.1931132,96.32518622,95.28812743,95.23617059,94.00168993,94.67822288,97.83330619,96.09165607,94.24235066,94.28018746,92.95902955,96.48929802,91.81454185,89.82180824,90.56285426,88.27854991,86.55463894,86.01499526,85.21321364,83.14383384,79.91086919
42.15215301,-70.41478696,2022-09-28T19:16:40Z,7.495885855,1070.870143,post_survey,NA,Off_eff_transit,71,100.9567012,109.9423388,NA,93.38329004,103.5548678,100.7889609,103.6990273,99.90194466,101.5746172,98.95514451,93.57657081,94.56855327,90.77100969,NA,81.40790808,92.47165477,84.38319658,85.5069056,95.9653975,102.6403785,97.30764363,92.06207657,96.99372457,101.3063006,94.50466603,98.51650409,95.27458092,95.4883474,94.57799464,98.07227478,94.92497763,96.85436159,94.1651329,93.73610268,94.60691982,89.37613061,88.21244063,88.74924396,89.25268284,89.21093055,90.74615005,88.03367474,85.63511205,82.84140969
42.15162302,-70.41470298,2022-09-28T19:16:56Z,7.216981613,1011.725482,post_survey,NA,Off_eff_transit,71,106.4170008,111.5748979,NA,92.06340999,108.8614131,100.9047133,101.60268,101.0088579,101.2851179,98.24045152,93.31629342,93.01268776,91.55939491,NA,80.80656183,88.91258898,88.50826744,87.91319486,101.267089,107.9887024,94.74589512,96.8476123,96.52673849,98.16361924,96.25481268,95.6700987,96.864755,95.7811451,95.98936249,97.29005671,96.10461954,96.028527,92.97763622,92.65799136,94.53254793,88.19449984,88.49692686,88.91367888,87.68510042,87.66777894,89.18963956,88.84640281,86.81427576,82.67303677
42.15104702,-70.41462704,2022-09-28T19:17:13Z,7.366649414,947.5777637,post_survey,NA,Off_eff_transit,60,99.18189991,110.4478942,NA,92.33708999,103.6046153,100.4598947,104.6281784,101.4901408,101.4500491,100.1738574,95.4584672,94.3315313,91.31950489,NA,79.67703949,88.76074506,89.38631817,83.5534816,101.5432747,99.26319772,95.29080626,93.17962119,97.52529087,102.3801775,98.4941918,96.68309662,96.33863478,97.33253086,96.41348812,96.6173599,98.28208659,94.21875466,96.07638063,94.37329485,95.58635436,91.13361917,90.95284994,89.8711704,89.75694742,89.94972918,88.9046777,88.23879377,87.09638632,82.4545964
42.15063496,-70.41455101,2022-09-28T19:17:26Z,6.922686218,901.5416182,post_survey,NA,Off_eff_transit,107,96.71461853,110.3041254,NA,92.21274592,101.2109136,103.5896918,104.3781184,100.6220403,101.6080119,98.84733093,95.44413218,94.5447783,93.05851913,NA,77.82666819,90.94866279,85.55947839,83.85604005,95.9452288,99.56243268,99.60117005,99.77799853,96.26353951,101.7841201,96.47063344,98.96898749,96.77827152,95.72749046,94.82672654,97.59083261,97.59033324,94.76718242,93.17138705,95.43572477,93.21663775,90.87745651,91.18215536,89.84991687,90.04012799,89.81712728,89.44257359,90.32354349,88.29519131,84.3080171
42.15008503,-70.41447398,2022-09-28T19:17:43Z,7.037517237,840.30157,post_survey,NA,Off_eff_transit,71,97.91575188,111.4853125,NA,96.79396069,103.1280225,105.061496,104.9260399,100.5568968,103.0382121,99.85529265,97.13658358,95.00795255,93.83479553,NA,86.80553114,95.58113999,88.35920164,85.18785593,99.2751455,100.702792,98.75579144,100.0595838,101.5916545,102.0488872,98.67527082,98.85894985,97.40083939,94.98757194,94.343189,99.52576718,98.70422224,95.73230934,94.28949435,96.04197562,94.7239379,91.30208472,93.4041277,92.12865321,91.99009387,88.1390276,89.70955028,90.39130036,90.11844117,84.71582338
42.14950198,-70.41437499,2022-09-28T19:18:01Z,7.064453232,775.283908,post_survey,NA,Off_eff_transit,71,99.99692889,111.4911889,NA,96.95068149,103.6030317,104.6084974,103.6362955,101.167212,103.4998013,100.7129402,98.48146803,95.89392903,94.57869627,NA,79.30281518,95.76706154,90.40183793,86.15346103,97.73610565,102.1944445,99.08681341,99.85436302,100.4621874,100.1655861,96.70917372,99.04447995,97.1909625,95.07195672,96.65688251,99.00485279,100.0970264,96.24085852,97.26514204,95.30989603,94.85789116,93.25213384,94.3947132,93.39234235,91.95715796,90.32198862,90.92974235,92.71532577,89.13328769,82.60463654
42.14894098,-70.41428396,2022-09-28T19:18:18Z,7.192267595,712.7975617,post_survey,NA,Off_eff_transit,71,101.3164172,112.4690574,NA,99.13757709,105.1854024,105.0225064,105.5736851,102.3966294,104.2351203,101.3513471,96.44555766,95.9706518,91.97141631,NA,82.88883817,98.87667195,84.52658841,87.47169917,100.0594761,103.4841038,95.16382725,101.7791977,101.2839756,103.05196,98.85804463,99.14229762,97.44356686,96.99687906,98.3285623,101.6549055,98.41899185,96.92786859,97.53671972,96.21899376,95.78861276,92.86052431,91.60935548,90.13019163,89.89923437,92.06982216,91.35646177,90.44515744,85.82657781,79.24456701
42.14841099,-70.41420702,2022-09-28T19:18:34Z,7.209091272,653.8715455,post_survey,NA,Off_eff_transit,71,110.1924058,114.6691545,NA,96.58517998,112.3252164,104.5689075,104.0309416,104.4980216,101.8000777,100.1809939,96.42236888,96.22121662,91.32763292,NA,82.21064512,94.40117914,92.13243565,89.60440042,103.672992,111.6614401,100.5589953,97.86814236,100.4688711,99.806239,98.54218229,99.33803776,98.7916171,99.43557257,100.725652,98.64886555,93.3049359,97.53518603,96.95487462,93.7107778,94.93519409,92.29013325,91.43465056,91.1456695,91.34509564,93.0219211,89.14188186,88.64890233,86.49780175,82.5158085
42.14787296,-70.41412404,2022-09-28T19:18:51Z,6.893030042,594.0802395,post_survey,NA,Off_eff_transit,107,104.1147596,114.2772138,NA,97.50665756,103.5032025,108.7621104,106.4574662,107.2680563,102.8739807,102.8345951,98.93225453,101.2278577,98.59960548,NA,77.80182971,96.59932733,90.00687813,88.85482973,101.3638376,99.00155722,106.651999,95.69939986,104.0182418,104.400969,100.3268121,97.71075677,100.6005331,103.4347602,102.9607819,96.18802565,97.07173853,100.0558428,99.98296351,96.60852576,96.68971368,93.25391901,93.62314967,95.31712368,97.04055657,95.65276185,96.56418686,96.70027781,92.98073782,87.63142277
42.14732696,-70.41404701,2022-09-28T19:19:08Z,6.987766372,533.5275213,post_survey,NA,Off_eff_transit,107,107.5186212,116.3790249,NA,98.99052303,108.1451418,110.9976621,109.5204255,108.2739629,105.3927554,102.2066166,100.5432153,100.2273648,96.04276742,NA,80.28663984,97.78111633,92.59997957,90.04043977,101.6779771,106.9473161,109.6726427,98.94121396,104.0224255,105.416627,103.7982008,104.8798869,105.5969817,103.6696102,98.83251157,99.4234796,98.81733392,102.6109456,99.24393557,95.08213802,96.9864912,92.90442723,97.85445121,95.15733164,94.99077551,96.08497471,95.21422137,93.8706424,90.95310597,85.2749173
42.14685104,-70.41393997,2022-09-28T19:19:22Z,7.457503871,480.6310286,post_survey,NA,Off_eff_transit,60,102.6150428,116.1594879,NA,102.5517874,107.4404356,107.5059559,109.3522343,107.3023267,107.9395673,104.4544341,104.052095,103.0411941,98.83027698,NA,74.35677096,102.1092267,92.34580839,94.08264503,104.521981,103.9060224,101.093168,99.01939864,105.4986385,105.7865984,103.9425318,103.7020238,104.0367599,103.7560983,96.67688266,101.61763,103.2833731,104.2181295,100.6501387,96.59157546,100.6866041,95.68607281,101.5416346,98.72569267,98.84567284,97.7285816,98.16207469,96.09598974,94.3534591,89.26307176
42.14629699,-70.41387904,2022-09-28T19:19:39Z,7.075719841,419.5319527,post_survey,NA,Off_eff_transit,60,106.5001329,117.6810127,NA,97.30145453,111.1054784,107.8103744,110.5902184,108.9187052,109.1175659,106.7212917,104.6914741,104.5732702,100.8635404,NA,87.81153114,91.27539431,95.3486513,94.04265199,109.0619249,106.615982,103.2826678,101.1066562,104.1835677,106.8429897,105.7087285,104.6224282,105.5088223,104.0034395,102.3722971,102.0763936,104.7141984,105.547745,101.1505421,97.88084609,104.4453315,99.21943109,100.4110302,100.0460553,100.4003855,99.84387629,99.05833793,98.00870627,96.58386282,91.21780787
42.14577899,-70.41374199,2022-09-28T19:19:54Z,7.61499312,362.3323006,post_survey,NA,Off_eff_transit,71,108.6559908,119.3847484,NA,100.6453917,111.7046244,111.6371162,111.5943156,109.1193174,111.1062982,108.4294867,107.8722768,106.9493119,104.2917327,NA,86.38762863,99.43247617,93.78740218,95.42723151,105.096094,110.5018234,109.1047432,98.92715154,107.5282842,108.0436671,103.7232352,107.5628247,106.2065784,104.4580881,100.7853383,104.7706765,107.4711577,106.3501811,99.01786998,105.9402677,103.5047036,103.174199,103.1337216,102.9932013,102.1757463,102.072936,102.2830732,101.7362835,99.64277543,94.37529477
42.14527097,-70.41363504,2022-09-28T19:20:09Z,7.417345543,306.7772554,post_survey,NA,Off_eff_transit,107,105.5771483,120.2297059,NA,103.3814372,103.2093754,112.7184159,113.2922182,110.9926128,112.943369,110.6759764,109.353411,107.5371992,104.5572519,NA,84.23248107,103.0811247,90.75718598,88.20697957,101.4027729,98.10481054,108.0469039,107.5754633,108.1953954,109.7548893,107.5514762,107.923665,106.0036022,104.8938022,107.4017273,109.1603148,109.4374544,104.2603632,106.6963403,106.5979275,103.8775478,103.624992,105.4772156,104.4452033,102.3504819,102.5874748,103.3025703,101.76783,100.1345731,95.0774815
42.14471801,-70.41357402,2022-09-28T19:20:26Z,7.061961961,247.0364374,post_survey,NA,Off_eff_transit,60,109.4848778,117.8576515,NA,100.7109056,112.4869587,107.5721445,113.3054063,109.1232797,107.0503424,101.9169839,93.17173413,81.57379637,79.8310132,NA,75.74614327,85.21218943,100.572439,90.03903581,111.3810915,105.893573,100.0263806,104.6074051,102.6068253,108.2883862,111.1047315,102.4722168,102.1800423,103.4511463,106.3410791,104.3469876,102.8305701,96.34046615,98.18051301,97.08485479,95.86670443,91.52824275,87.08185098,81.56143639,77.30026594,76.56480253,76.49608833,75.54749866,75.49384185,73.95869128
42.14427201,-70.41350604,2022-09-28T19:20:40Z,6.937362883,199.742852,post_survey,NA,Off_eff_transit,77,108.9029556,117.7547154,NA,97.10913898,112.3685924,105.7743042,109.2872537,111.7036301,110.5896843,104.7919727,94.69556012,83.13612727,79.87988957,NA,76.84298894,85.61077934,96.74594607,93.98882779,102.4185493,111.8346926,95.52406527,101.5691399,102.9830183,106.5530827,104.4724386,100.6599594,109.4830968,105.3410032,103.9880419,108.085644,104.9958739,102.6946322,96.48887081,102.6880059,98.52408581,93.29048581,88.30349165,81.40770055,79.13698848,77.95981337,77.88072514,75.62238141,75.55705586,73.94911895
42.14388996,-70.41345198,2022-09-28T19:20:55Z,5.541634135,160.4430155,post_survey,NA,Off_eff_transit,60,114.3273338,122.3307664,NA,112.8561996,119.4244016,111.5338678,110.8202838,114.2716196,109.0589064,104.1862403,95.58433456,85.00070481,81.0221525,NA,82.87048163,102.1674666,112.4640543,100.8627442,116.0821301,116.6083319,107.1753509,106.4503877,106.6289841,105.6745629,105.5071295,106.8406486,110.1954693,107.4070997,110.3242807,102.4570053,106.3607264,102.9339204,100.67712,99.40675251,97.64104964,94.06969701,89.22360848,83.59620623,81.16637369,79.94581428,79.38069631,77.5051871,76.26791523,74.45464588
42.14361596,-70.41346002,2022-09-28T19:21:09Z,4.236010396,133.1463495,post_survey,NA,Off_eff_transit,60,117.2566969,124.5826994,NA,114.7157118,122.1917862,111.8545673,112.5212137,115.7566778,111.8379542,107.2138568,97.469955,86.33957521,81.00421891,NA,78.1540317,109.2144778,113.2770836,96.67657929,119.2457837,119.0913878,108.507065,105.3491209,106.8205631,106.4806095,104.9274079,110.1338808,112.3073825,109.9451418,110.3164136,104.8503992,109.3272239,105.6209802,103.9506378,102.2194404,100.470083,96.03244949,90.93710436,85.22301518,82.50613937,81.1599609,80.8560837,77.24434306,76.53354777,74.46860372
42.14350901,-70.41350604,2022-09-28T19:21:19Z,2.429194778,122.6178582,post_survey,NA,Off_eff_transit,73,117.5295645,124.9319513,NA,115.8834939,121.8593477,112.906182,113.7146252,117.0571837,112.0027093,108.3082008,101.4427088,99.87335712,94.54670913,NA,79.66978764,101.2855372,115.729086,95.48162474,117.714985,119.7311603,108.4213796,105.0705368,109.7126248,107.4613154,107.2777621,111.0054043,115.0973174,108.489536,110.5618793,104.2522797,109.594281,106.1157392,106.0868443,102.0086838,100.5079022,98.31425077,96.26295798,94.66518149,95.32356297,95.21044885,94.75153983,92.2678646,89.51392645,84.29786632
42.143494,-70.41345198,2022-09-28T19:21:28Z,1.029087198,121.5710369,post_survey,NA,Off_eff_transit,60,117.0658653,121.4571991,NA,114.8749429,119.1607213,105.0825517,107.4253813,110.8555012,105.7232167,102.8996731,88.90834649,80.64625198,79.39122018,NA,82.2312312,89.80969462,114.8590222,90.24599382,119.0422219,103.2486681,97.56764699,102.3571769,99.68969803,101.5669142,101.1765679,104.4435497,108.1893142,105.3010064,103.4189931,98.67810566,103.4006834,99.08259124,101.2251098,95.49604359,94.30247469,86.95671787,83.07772215,78.94283266,77.05338263,75.40440152,74.8568241,74.8660987,75.06118617,73.83570258
42.14351697,-70.41335299,2022-09-28T19:21:35Z,2.377418899,124.8077303,post_survey,NA,Off_eff_transit,60,114.6851009,119.6746336,NA,112.3804121,116.7813238,105.9185194,108.4443512,110.4052576,105.8079547,102.9475161,91.62892416,81.23868205,79.41749674,NA,78.5824415,86.91910975,112.366228,89.1742829,116.4804006,104.9244031,97.54484879,103.7800573,99.78205767,99.93758004,100.3861247,106.9113566,106.6325978,105.8437729,104.0352151,98.20244643,103.0597663,100.5110929,101.1211395,96.37756769,93.84698449,90.02408875,84.95498612,81.35353653,78.10301459,75.72385656,74.91874722,74.58011773,75.29899299,73.95550289
42.14348604,-70.41330697,2022-09-28T19:21:45Z,0.996555822,122.6207775,post_survey,NA,Off_eff_transit,60,115.3462124,120.0396791,NA,113.452667,117.2730129,105.278349,105.7127592,110.7510245,106.3777978,102.7499513,91.66815033,81.3571837,79.38959195,NA,86.48658094,88.57541858,113.429746,91.44027604,117.087682,103.2020805,98.32554933,102.8007893,98.9526341,97.94470382,99.89332189,103.2788455,105.8779114,107.6055491,103.5321496,97.7243053,103.8704716,101.181574,100.9327906,96.1875863,93.5861166,90.23919863,84.6379766,80.8185886,77.88678189,76.43261149,74.94592812,74.74648582,75.14984722,73.86057878
42.14345603,-70.41322298,2022-09-28T19:21:59Z,1.068480502,121.4627225,post_survey,NA,Off_eff_transit,60,112.7175652,118.2807269,NA,109.0448294,114.4498007,104.3656747,106.9389637,112.3945216,106.624137,102.0065626,91.84359566,81.86371271,79.5104226,NA,77.48683465,86.81687372,109.0156972,91.09939936,114.287887,99.49752525,95.44854096,101.0896604,100.4009803,99.31825877,100.664498,104.6566107,108.1138719,109.2280099,103.9923167,98.75434623,102.2688233,103.3437638,99.62750503,95.40977218,95.07811138,89.98327503,85.97279575,81.36890899,78.2486146,77.10858625,75.48908011,75.04654346,75.15936069,73.9042354
42.14345603,-70.41320798,2022-09-28T19:22:02Z,0.802220287,121.7867869,post_survey,NA,Off_eff_transit,60,116.1866685,120.3637096,NA,113.0590571,117.9249858,103.6109627,105.9974519,111.6104178,106.310587,101.0591978,91.79372052,81.69713992,79.45007429,NA,83.40961935,89.70651497,113.0342089,89.57989798,117.831325,100.907286,94.87999212,99.23350147,100.6101636,100.5632364,100.1106104,102.5874863,107.0827922,108.6803918,103.0126253,98.24958302,101.193475,103.6014818,98.37981462,94.45443485,94.89513264,89.91432969,85.76647267,81.86509223,77.58529483,77.45345569,75.41944825,75.01258339,75.07096246,73.84678288
42.14348604,-70.41316196,2022-09-28T19:22:09Z,1.404709683,125.5399973,post_survey,NA,Off_eff_transit,40,113.5557979,119.8242456,NA,115.41651,115.3003545,103.9481087,105.7125591,111.5058199,107.34322,101.3349137,92.5295312,81.83894091,79.29280079,NA,84.2326078,86.76696855,115.4072665,90.17008203,115.0689416,102.1864392,96.06169359,101.5980018,98.01728974,100.8951532,100.15266,101.6478073,105.6872634,109.1785079,103.351102,97.84951752,102.9071606,104.565934,98.04187419,95.59607839,95.56339192,91.10250748,85.50836973,81.64118309,78.04301309,77.07818339,75.79400109,74.70457463,75.03420285,73.72116831
42.14347799,-70.41314696,2022-09-28T19:22:17Z,0.37136338,125.181733,post_survey,NA,Off_eff_transit,40,113.9111293,119.9801161,NA,116.0136345,115.5084301,104.0548988,105.8781219,110.3370358,107.2970755,101.1316138,91.37529775,81.78587343,79.50753887,NA,80.37817965,88.15484045,116.0053295,91.50782502,115.382351,99.42358829,94.98795457,101.238308,99.53543434,102.2439936,99.90220332,100.8517823,105.8662239,106.6888278,103.5818519,99.21409444,101.6947199,104.8500043,98.00369399,94.87074203,95.55351425,90.10467049,83.52436178,80.90009435,78.44252585,76.774395,75.23994589,74.95241657,75.22695423,73.92388804
42.14348604,-70.41311603,2022-09-28T19:22:24Z,0.75133904,126.6873132,post_survey,NA,Off_eff_transit,60,114.9908891,121.2562465,NA,109.3659054,117.2808802,106.1285648,108.315182,116.7236731,108.6926082,107.6180141,91.85916362,92.02374414,83.97567251,NA,78.72921422,87.55189318,109.3334324,91.75668664,117.111752,102.7699221,103.257823,100.72931,99.03378987,103.8530343,101.7954992,104.5396105,112.8831183,111.6877024,111.0914335,101.3976846,104.5850551,104.9785856,105.6791805,102.1792042,96.32532648,89.39502553,86.7135161,82.90394881,88.49449434,87.9853068,84.11125959,82.33478001,76.84402651,74.80653334
42.14350498,-70.41305501,2022-09-28T19:22:31Z,1.516214821,130.0433629,post_survey,NA,Off_eff_transit,60,115.2804605,121.2034706,NA,106.1768565,117.1772849,105.9672931,106.7920293,117.4110049,108.2188608,106.9029727,90.99143824,88.91496355,80.90840482,NA,76.81275536,89.59654319,106.0752033,94.2203681,117.0348562,101.5232369,99.93310166,103.129325,99.59479036,101.9293138,100.3176652,103.3088674,115.0515998,110.8747953,110.3588118,102.5673683,103.857949,103.7994965,105.1611459,101.3394856,94.11686465,87.80239534,86.69543743,82.70236076,86.68388047,83.3560075,79.83864194,77.78571889,75.76472648,74.0646623
42.14350901,-70.413025,2022-09-28T19:22:37Z,0.815542281,131.2788406,post_survey,NA,Off_eff_transit,60,114.5681083,121.1046215,NA,110.2330418,116.8151619,105.1356572,105.9652842,117.1277463,107.7157374,107.3470137,90.82469438,88.81853488,82.02010605,NA,80.27795756,82.90648724,110.2205982,90.6012207,116.6013456,103.4095297,98.32505472,101.8872187,100.163456,100.5634602,101.2768443,101.670371,115.2130708,109.6093997,109.6670737,103.0157942,103.5636118,102.1365796,105.9877286,100.9195491,93.48521548,88.09180176,85.51698964,83.19063115,86.56992981,83.57605562,79.03418229,79.87271422,75.64275161,74.05621387
42.14351303,-70.41298703,2022-09-28T19:22:47Z,0.61538465,132.7995476,post_survey,NA,Off_eff_transit,60,112.9146942,120.1686242,NA,113.1294726,115.0951953,104.8041851,106.3104638,115.3566227,107.1632491,105.9469572,92.65673979,90.28999755,82.42106929,NA,79.3308013,89.58808399,113.1083953,90.29446585,114.8270517,102.6206093,99.70740625,100.7308623,99.5652363,103.574003,98.62204163,101.0406628,112.3587967,109.369012,109.2775321,102.7934007,102.4246898,101.9133245,104.1717382,100.1392168,94.5782473,90.0862392,87.36433023,84.44870873,86.68906551,87.02027805,79.95470454,80.37687842,75.95606179,74.17465312
42.14351697,-70.41294102,2022-09-28T19:22:58Z,0.67555395,134.6384329,post_survey,NA,Off_eff_transit,60,110.2056415,118.6231998,NA,109.3488608,112.3686073,105.1030589,104.4545163,115.0032813,107.4275215,105.4057309,93.04532398,88.71284522,81.36073369,NA,79.59147664,91.23784535,109.2765763,92.85614774,111.8750824,102.2017668,99.70440549,101.8090018,98.96147611,102.549698,96.33835367,97.48118788,112.2020606,108.3370082,109.1509605,104.2075165,100.0628696,102.7437455,103.2373013,100.311037,94.62970947,91.15200924,87.0398181,83.15174613,84.68667947,85.8095112,78.34204545,78.70808491,75.67335952,74.08248799
42.14352401,-70.41291,2022-09-28T19:23:05Z,0.743555601,136.303243,post_survey,NA,Off_eff_transit,424,111.897409,119.1436246,NA,98.42524534,110.9794732,105.2449742,103.8889635,117.3501767,107.1901502,105.1316941,92.38251652,88.69049303,80.70631213,NA,81.09179219,87.37261055,97.98234443,89.85129484,110.4673295,101.1299431,101.3443724,101.254909,98.11531202,101.6212324,95.77057854,97.91222115,115.9093765,109.3276528,108.3077429,104.3358793,99.6212956,102.0569919,102.5269133,100.7783755,94.37769089,90.55006895,86.0948642,82.76212065,85.71950028,84.60633067,78.90187154,77.41678716,75.61276611,74.1629152
42.14354698,-70.41285703,2022-09-28T19:23:17Z,0.82045517,140.1588752,post_survey,NA,Off_eff_transit,60,110.4585963,118.0021891,NA,109.3569023,113.108508,104.4207189,105.4008614,112.9707168,107.1144317,104.1319716,92.51437168,87.94550443,81.89574819,NA,81.67749398,90.47715051,109.2928119,89.35768479,112.2030497,105.7560783,99.1368381,101.3116568,97.74558386,103.8391807,98.13583405,95.98221625,110.2558223,106.3379303,106.9095578,104.2641579,99.15072669,102.1850698,100.8774997,100.560199,93.57548742,90.38317746,86.81463692,83.25697771,84.12825093,84.62825014,78.69742941,79.57650493,75.76625124,74.19896943
42.14356198,-70.41281101,2022-09-28T19:23:30Z,0.620427325,143.1456185,post_survey,NA,Off_eff_transit,60,105.2721136,114.2376108,NA,105.6142559,107.8841008,104.5624288,103.3642591,107.8980708,106.7415892,98.32520924,90.6828285,80.71639116,79.49885149,NA,79.05828578,90.38932674,105.4719473,92.28513155,107.288455,97.91068111,96.98124601,102.2573878,98.31549324,99.41196494,98.54373486,97.64440303,102.2424718,105.4976089,99.73651569,102.4857024,100.0506319,102.8739788,93.90620905,94.09698224,92.48796138,89.16261175,84.30593986,78.81416512,76.86106587,75.78433477,74.98465103,74.81631166,75.2662759,74.00815183
42.14357799,-70.41277296,2022-09-28T19:23:43Z,0.539950788,145.9654451,post_survey,NA,Off_eff_transit,40,105.2391134,113.2043807,NA,107.2683538,102.2128615,101.8430825,103.0699009,107.5119494,106.1055943,97.28652935,89.32754181,80.48275432,79.3088927,NA,80.00844368,92.35070693,107.1176417,91.71265445,97.7258179,99.65583572,94.96793784,96.8686634,98.62424409,100.9949102,96.3595293,95.28555019,100.9084738,104.3894647,102.1976261,100.6090821,98.13281698,103.5754325,92.51334504,93.9680445,90.31998953,87.43756891,83.74787322,78.14356031,76.370729,75.86416709,74.74419862,74.47132494,75.19916181,73.83513544
42.14359299,-70.41272703,2022-09-28T19:23:55Z,0.671027913,149.0481426,post_survey,NA,Off_eff_transit,40,102.338495,112.5434307,NA,104.5607264,101.9692243,104.508668,103.8481742,106.0665517,105.5545665,97.37523938,88.88880287,80.33335812,79.52586775,NA,72.92446545,92.00761575,104.3093572,92.69818116,97.66192885,99.05184055,98.19902966,101.6679939,98.42122248,101.0286172,96.80241629,98.32154555,101.2730306,102.0980616,100.3376528,99.58611131,98.28030803,103.0338443,93.0941559,93.60451032,90.53818151,86.74805372,83.47236847,78.968392,76.11617166,75.46596655,75.03569409,74.90446224,75.34714936,73.88607721
42.143608,-70.41270398,2022-09-28T19:24:08Z,0.378616389,151.2470258,post_survey,NA,Off_eff_transit,60,103.0148179,112.5090607,NA,100.161177,106.2583584,102.9188794,103.4584201,107.1117781,104.1036151,97.46953257,89.21684403,80.18761851,79.56999535,NA,74.08655492,91.65098181,99.48900004,91.10349899,105.096024,99.36103687,92.05226004,100.4613665,98.36228984,99.69060766,97.52885925,98.57369218,98.97658383,104.4223922,101.9976024,97.63946751,98.97367501,100.8001832,92.24121594,94.46076774,90.47528538,87.48722147,82.8667794,79.07455552,75.91545866,75.3707204,74.90391188,74.94940994,75.2841307,74.0748931
42.14361998,-70.41266601,2022-09-28T19:24:20Z,0.551721682,153.8151802,post_survey,NA,Off_eff_transit,60,104.4073263,112.7600149,NA,95.72012483,107.4389372,101.5120419,104.2859582,107.2059334,104.4884706,98.40690344,89.07693262,79.95688338,79.65232441,NA,81.61987171,93.92482271,90.48683618,92.94075216,106.6024916,98.8906194,94.44419217,97.74659117,97.34819848,101.496335,99.41709085,95.98902695,98.17361527,104.6745723,102.2130396,99.32041456,99.8475722,99.95745499,94.38964444,94.80866211,90.62832091,87.44919197,82.69133145,78.25337797,75.91030455,74.98303124,74.55084353,75.0463388,75.33238684,74.18408865
42.14363901,-70.41262804,2022-09-28T19:24:32Z,0.612767459,157.0068705,post_survey,NA,Off_eff_transit,60,109.6732399,114.4654435,NA,96.74910249,111.7322641,102.02747,104.2988341,107.3477071,103.2525203,98.18320979,88.92338525,79.95361412,79.53540658,NA,76.94716442,94.31752422,92.96359067,92.27544481,111.4086962,99.54724558,93.57658281,97.84890923,98.79503624,101.3047685,99.0589755,97.28499068,98.12350008,104.7298778,102.5741364,97.80801529,99.37396728,98.09751433,94.34711081,94.77552856,89.33268218,87.6040207,81.27969679,78.46325748,75.6787611,75.10777139,74.70528347,74.93679971,75.35957588,73.86254721
42.14364203,-70.41261303,2022-09-28T19:24:44Z,0.207945582,157.8982637,post_survey,NA,Off_eff_transit,60,113.1987544,116.9975124,NA,96.13858961,115.1977775,101.9345564,104.8642892,109.326535,104.1136381,98.3615844,89.96430574,80.24731333,79.58894387,NA,77.92643859,93.29916499,92.81164119,89.00064004,115.0693242,99.47002934,93.75426541,98.32096229,98.09199352,102.8724801,99.19765194,94.71506928,99.05203443,106.8822134,104.5967447,99.45862455,100.3351671,97.89191947,95.88561538,93.38330748,89.03322133,88.66013857,82.77920745,78.30213157,76.1805364,75.54828504,74.54559985,74.96295946,75.35168324,74.03548085
42.14366499,-70.41257498,2022-09-28T19:24:56Z,0.655918856,161.4585818,post_survey,NA,Off_eff_transit,60,112.0174168,116.0554866,NA,96.24130127,113.9129167,102.1680689,104.1380733,108.9613008,103.5414498,98.99419115,89.60010605,80.48150779,79.73935719,NA,77.05728989,91.78383909,94.23213649,88.89658831,113.728462,99.75990808,92.82607699,98.60690889,98.63410151,101.7408799,98.87854046,95.15225776,99.46921852,106.4016145,104.1847993,97.71159643,100.169401,97.99337332,96.58596537,93.55488593,90.4506349,87.13822287,84.86937502,79.43395588,76.56469254,75.70671907,74.65015905,75.07253055,75.4555673,74.29744266
42.143681,-70.41252896,2022-09-28T19:25:10Z,0.582567734,164.8143869,post_survey,NA,Off_eff_transit,60,113.0467575,116.8945655,NA,103.5481969,114.9410253,103.3726525,106.1910774,108.010341,102.4655033,99.74575464,88.42920909,79.98519798,79.54004602,NA,78.84085187,95.13090149,102.8558937,88.31669246,114.7941066,99.86694138,92.84636074,99.34265921,100.4995334,104.3995736,100.2654623,95.35481452,99.10683376,104.4111498,104.3920566,98.00936564,98.53789238,96.2090714,97.6155946,93.33365305,91.76580907,85.79984217,83.72370982,79.06431442,76.00986238,74.67322629,74.83270718,75.23012879,75.15191278,73.776448
42.143681,-70.412521,2022-09-28T19:25:23Z,0.098240781,165.1687997,post_survey,NA,Off_eff_transit,60,112.4241259,116.4993148,NA,98.54900482,114.2889215,102.1661654,105.1856211,109.7073555,102.7516154,99.14072907,88.88591794,80.00546385,79.53660855,NA,80.16631217,94.07612299,96.53172623,90.68664124,114.2127673,95.43484188,91.96470777,99.60330549,97.61022194,103.9283335,97.15537909,94.91567859,98.72029365,105.7121951,106.8822226,98.83377209,98.45606191,96.22245985,97.19575631,92.11940367,91.24788254,86.35577359,84.25013382,78.78294065,75.69459988,75.35405525,74.58029188,75.16385377,75.10444912,73.91787916
42.14369198,-70.41249099,2022-09-28T19:25:36Z,0.413016036,167.4273987,post_survey,NA,Off_eff_transit,60,111.4964453,116.5642889,NA,106.4092229,113.436369,103.3291066,105.2178086,110.3668949,102.3119276,98.73468865,88.40423209,79.9321934,79.58393768,NA,72.45766253,90.96753161,106.2815612,87.98409407,113.3324525,96.61577636,96.40147997,100.3360151,98.02932484,103.2513307,98.02343598,97.60730966,98.79240245,106.9585525,107.1264954,98.05627808,98.81460084,94.80861975,96.71289078,92.50151581,90.01038895,86.23872774,83.20256452,77.98298732,75.67157751,74.70790131,75.0479455,75.10039606,75.38628888,73.79082325
42.14372601,-70.41245302,2022-09-28T19:25:48Z,0.796417256,171.9701066,post_survey,NA,Off_eff_transit,60,112.6811577,117.1334947,NA,104.1751348,114.7612829,102.4217781,103.5539729,110.9061724,102.9385935,98.49340826,90.24454796,79.89166746,79.52153748,NA,70.95207957,93.86120561,103.7488,92.91852199,114.6327212,98.3074288,95.90176603,99.08860426,97.37696033,100.9077267,98.33081995,95.48216762,97.554461,108.1960127,107.1179681,99.29490281,98.98910925,95.11576731,96.03871941,92.40665907,91.17778154,88.06402269,85.3447995,78.76446151,75.59027937,74.78647419,74.94212583,74.93783008,75.33596209,73.84330116
42.14373398,-70.41243701,2022-09-28T19:26:02Z,0.220995875,173.3625325,post_survey,NA,Off_eff_transit,60,113.2158217,117.2063802,NA,105.3996206,115.0742088,101.6556141,103.1128456,110.2595831,102.6993917,99.13213602,89.7209715,79.73786561,79.55880794,NA,78.89095969,92.90679383,105.1375408,91.42053622,114.9995195,96.12564953,94.48245097,96.8894163,98.41847376,98.89480239,98.65610446,97.31276019,98.0350075,106.3784315,107.5099713,98.46153557,98.70775409,96.20643989,97.72587944,90.92369392,90.12012116,88.05421792,83.19775428,79.54563186,75.0653341,75.0892038,74.73655698,74.99555544,75.35901012,73.87421004
42.14374202,-70.41241497,2022-09-28T19:26:14Z,0.328414228,175.0426361,post_survey,NA,Off_eff_transit,60,111.038947,116.1500359,NA,106.7062576,112.9229586,103.1260206,103.8191433,109.8306051,103.1215762,98.26611557,90.01699031,80.10632475,79.73743243,NA,72.18725839,90.38390078,106.6022009,90.72600956,112.8140772,95.64819227,96.76181583,98.16965743,99.65424587,101.1860219,98.38236895,96.08933831,100.182903,105.3025551,107.1466606,99.9486674,98.20223691,96.048987,96.56312764,91.02164249,89.59438498,88.67484885,82.61202966,79.26422057,75.65650313,75.18437468,75.145607,75.13222693,75.42778604,74.25479954
42.14374504,-70.41240701,2022-09-28T19:26:26Z,0.119550863,175.6608308,post_survey,NA,Off_eff_transit,60,112.1324572,116.2695404,NA,103.7235212,114.0492168,101.6471598,103.5784128,109.0156286,103.0772245,98.55944995,90.59603378,79.75061157,79.44099821,NA,83.30218864,90.17503585,103.4858841,90.98538245,113.9188969,97.96258619,96.65065013,94.79999445,98.43093321,100.1918871,99.39989672,95.60374966,98.26408995,104.9191825,106.2298321,100.2215498,97.43273739,96.2841167,97.07101238,90.76900023,89.48815989,89.37451324,82.87479934,79.41421802,75.56718143,74.90091795,74.38944428,74.76480378,75.36601474,73.7223587
42.14374504,-70.41240701,2022-09-28T19:26:38Z,0,175.6608308,post_survey,NA,Off_eff_transit,60,110.3171621,115.5636383,NA,103.9760727,112.384042,102.1236874,104.5162456,109.4701835,103.2024438,98.35122469,89.4251891,79.43749313,79.48143857,NA,76.93845887,93.9522629,103.5115855,88.10175816,112.2057107,98.0069866,95.65696508,97.56938991,98.39735536,100.8086287,100.638468,96.6831247,97.71372668,105.7027341,106.573552,101.1753272,95.62652383,96.17399878,96.65574833,91.35488193,89.26853142,87.99508365,82.24834077,78.91928095,74.69560864,74.79091067,74.50755205,74.96038987,75.26278709,73.76832496
42.14376398,-70.41238404,2022-09-28T19:26:53Z,0.367445979,178.2931202,post_survey,NA,Off_eff_transit,40,109.0635261,115.7965216,NA,111.4857205,108.6315009,102.8583607,104.3261274,109.422753,103.8421005,98.32480502,89.58400994,79.87107889,79.41035909,NA,84.34759801,93.42497502,111.4087738,88.48546109,108.2940685,96.76635403,93.86123807,99.38926867,99.1335566,100.7953926,99.69968838,97.58608436,96.65481528,106.5956892,105.7125975,101.7742068,97.13973745,96.02088275,96.67949808,90.63856935,89.93804935,88.13816473,82.52557534,78.94470024,75.25660861,75.29634806,74.72341272,74.89712259,75.08099253,73.83883891
42.14376398,-70.41238404,2022-09-28T19:27:09Z,0,178.2931202,post_survey,NA,Off_eff_transit,60,106.0249802,113.868077,NA,100.7664052,108.3072293,102.6488974,105.6555772,108.5773069,104.7667198,97.42504001,90.36773494,79.55212595,79.44432868,NA,78.12096618,91.11876795,100.2412821,89.57426313,108.0211542,95.32816789,95.52717549,98.99908376,98.38284458,102.799649,100.189846,98.61864474,96.42465265,104.219661,106.154662,102.6231297,96.89569848,98.31348861,94.80871392,91.823249,89.90996597,89.20505675,82.33373908,79.26757428,74.9054845,74.89700247,74.52975984,74.91495502,75.19118976,73.79021642
42.14376398,-70.41237599,2022-09-28T19:27:21Z,0.107630698,178.66913,post_survey,NA,Off_eff_transit,40,107.9283099,115.1574398,NA,110.7675723,107.3469607,102.8018267,105.439262,108.0626299,104.6637331,97.72304327,89.12958804,79.37518631,79.32171818,NA,82.03022772,91.68238299,110.7077413,89.17956828,106.8302278,97.21139311,94.88527895,98.39168403,99.57976324,103.1222826,100.0189579,96.45659799,96.09260629,104.2188274,105.2541293,102.778666,96.80148588,97.41742127,95.04375526,92.04720067,90.50477227,87.59540166,82.02777512,79.24537696,74.24080128,74.98237508,74.55674426,74.67386037,75.10698836,73.76468048
42.14376398,-70.41237599,2022-09-28T19:27:34Z,0,178.66913,post_survey,NA,Off_eff_transit,40,108.9860623,115.7380927,NA,111.4186035,108.247207,101.8705973,105.52521,108.6059664,105.8668489,97.913897,88.78960791,79.41432616,79.32718958,NA,78.90534911,90.4313897,111.381411,85.89814506,107.9819341,95.52513955,94.52254415,97.53908146,98.37358923,103.3959829,99.35230496,97.17337776,96.58158171,103.9209734,106.3674589,104.2224981,97.64417849,98.0319407,94.86562082,92.95582308,90.58696982,87.11324172,81.92538026,79.37255188,74.73211086,74.89134587,74.2832268,74.76520169,75.0185967,73.78967328
42.14376398,-70.41237599,2022-09-28T19:27:50Z,0,178.66913,post_survey,NA,Off_eff_transit,60,108.2711432,115.7271024,NA,107.3236074,110.2778382,102.4545199,105.9507107,107.4768015,104.7485794,103.4518472,106.5370911,93.23284829,90.32655455,NA,86.40420585,88.70008905,107.2277892,89.57251059,110.1034861,95.17037995,96.8046836,98.90305041,97.02271127,103.4331932,100.8853509,97.03697159,97.09283892,103.3727995,104.6349528,102.7175094,97.18313712,97.72338491,96.49149737,98.33246124,100.3625791,104.6022026,100.7771469,96.27057799,92.28203664,84.28750295,81.62996372,89.61470502,80.82673065,76.2343816
42.14377203,-70.41236904,2022-09-28T19:28:06Z,0.129265985,179.6586247,post_survey,NA,Off_eff_transit,40,109.8348788,116.4774652,NA,112.0018386,108.7664427,101.9188207,105.3059266,107.721068,105.9434522,103.9145381,105.3171933,94.06757263,91.26674779,NA,94.60350769,90.88777194,111.8876896,91.50341548,108.4316426,96.20263259,94.68643854,99.08169544,96.55071708,102.397837,100.0444424,98.10129924,99.79220022,102.9517459,104.7575491,103.7041986,99.49656889,98.4043758,96.10828871,98.84160474,101.1021984,102.5699724,100.3836023,97.01027173,92.93724366,86.41294358,81.66780661,90.81089436,79.86245279,75.62378937
42.14377203,-70.41236904,2022-09-28T19:28:19Z,0,179.6586247,post_survey,NA,Off_eff_transit,48,142.3859963,147.372171,NA,137.733891,146.7859601,127.7268761,120.1895819,112.4408705,111.5291442,103.0661359,92.8805797,82.75670436,80.21610471,NA,126.4500375,132.1181665,135.8708042,146.6189327,131.8448784,124.3253005,126.1184242,120.7067899,118.176527,118.8504031,112.2121928,110.4438951,107.6469683,109.1850657,105.3608677,106.5524545,109.0352707,102.2822474,97.63177257,97.85695055,99.22050904,89.98004751,89.3570724,79.2081,79.77414932,76.62637683,76.78847302,76.04762015,75.89558658,74.14760102
42.14377999,-70.41232302,2022-09-28T19:28:29Z,0.758184222,182.4905227,post_survey,NA,Off_eff_transit,49,137.2117663,146.0050983,NA,138.4834525,145.001017,129.5944007,118.2116314,111.573483,112.8978137,103.3369479,92.53637141,82.38592117,79.67224414,NA,130.690107,129.756912,136.9326482,144.5421241,134.5827634,124.7574095,128.5194443,121.9258864,116.4252034,116.3159204,111.0215415,110.3262133,106.1950824,108.0313576,105.8513795,108.9849588,109.9156171,102.4680289,98.61937457,98.15127448,98.89431297,89.42867778,89.02840914,80.68035687,80.38070509,75.18493754,74.9216536,75.21242025,75.480835,73.83776457
42.14379097,-70.41226996,2022-09-28T19:28:42Z,0.679880872,185.9499235,post_survey,NA,Off_eff_transit,50,137.0557536,145.6823072,NA,140.8545563,143.7311178,124.7191594,118.6351335,113.545689,117.207433,111.8610519,116.3111229,115.9156767,108.7083958,NA,134.707583,130.939981,139.018185,142.9542484,135.4801657,125.2551206,123.178378,117.1496546,115.6416718,117.2403645,110.9030041,108.893037,108.3692866,107.5047447,110.0538896,113.5008229,114.0032681,107.0255259,107.4101976,106.6703728,107.1566982,102.3873303,108.137574,115.3809547,112.6652377,111.3340002,108.436769,105.8645615,104.3334214,99.32618476
